콘텐츠ID,변경전콘텐츠명,변경후콘텐츠명,candidate_원본콘텐츠명,변경여부,처리사유,콘텐츠형태,담당부서,담당자명
107965,[네이버] 악마가 내 이름을 부르면,[정산정보없음]_[네이버] 악마가 내 이름을 부르면,[네이버] 악마가 내 이름을 부르면,Y,live dry-run current_title 기준 정산정보없음 표식 추가. 지급정산관리_존재_채널수=0; 정산정보없음_채널수=2; 담당부서=봄툰소설편집팀; 담당자=김수지(A),소설,봄툰소설편집팀,김수지(A)
110970,[카카오창작지원금] 사자님은 비정규직!,[정산정보없음]_[카카오창작지원금] 사자님은 비정규직!,[카카오창작지원금] 사자님은 비정규직!,Y,live dry-run current_title 기준 정산정보없음 표식 추가. 지급정산관리_존재_채널수=0; 정산정보없음_채널수=1; 담당부서=봄툰소설편집팀; 담당자=김수지(A),소설,봄툰소설편집팀,김수지(A)
116488,후회물 남주를 잘못 훈육해버렸다 (연재),[정산정보없음]_후회물 남주를 잘못 훈육해버렸다 (연재),후회물 남주를 잘못 훈육해버렸다 (연재),Y,live dry-run current_title 기준 정산정보없음 표식 추가. 지급정산관리_존재_채널수=0; 정산정보없음_채널수=2; 담당부서=봄툰소설편집팀; 담당자=김수지(A),소설,봄툰소설편집팀,김수지(A)
112400,달콤한 최면 세트,[정산정보없음]_달콤한 최면 세트,달콤한 최면 세트,Y,live dry-run current_title 기준 정산정보없음 표식 추가. 지급정산관리_존재_채널수=0; 정산정보없음_채널수=4; 담당부서=봄툰소설편집팀; 담당자=배지은,소설,봄툰소설편집팀,배지은
113455,불량 연애 세트,[정산정보없음]_불량 연애 세트,불량 연애 세트,Y,live dry-run current_title 기준 정산정보없음 표식 추가. 지급정산관리_존재_채널수=0; 정산정보없음_채널수=2; 담당부서=봄툰소설편집팀; 담당자=배지은,소설,봄툰소설편집팀,배지은
147312,히트 가이딩,[정산정보없음]_히트 가이딩,히트 가이딩,Y,live dry-run current_title 기준 정산정보없음 표식 추가. 지급정산관리_존재_채널수=0; 정산정보없음_채널수=1; 담당부서=봄툰소설편집팀; 담당자=배지은,소설,봄툰소설편집팀,배지은
324238,유리알 유희(봄툰),[정산정보없음]_유리알 유희(봄툰),유리알 유희(봄툰),Y,live dry-run current_title 기준 정산정보없음 표식 추가. 지급정산관리_존재_채널수=0; 정산정보없음_채널수=1; 담당부서=봄툰소설편집팀; 담당자=윤민희,소설,봄툰소설편집팀,윤민희
109435,[연재] 논 마라나타(non marana tha),[정산정보없음]_[연재] 논 마라나타(non marana tha),[연재] 논 마라나타(non marana tha),Y,live dry-run current_title 기준 정산정보없음 표식 추가. 지급정산관리_존재_채널수=0; 정산정보없음_채널수=5; 담당부서=봄툰소설편집팀; 담당자=허은지,소설,봄툰소설편집팀,허은지
112812,리스트 컷 세트,[정산정보없음]_리스트 컷 세트,리스트 컷 세트,Y,live dry-run current_title 기준 정산정보없음 표식 추가. 지급정산관리_존재_채널수=0; 정산정보없음_채널수=1; 담당부서=봄툰소설편집팀; 담당자=허은지,소설,봄툰소설편집팀,허은지
114987,이름을 세 번 부를 때까지,[정산정보없음]_이름을 세 번 부를 때까지,이름을 세 번 부를 때까지,Y,live dry-run current_title 기준 정산정보없음 표식 추가. 지급정산관리_존재_채널수=0; 정산정보없음_채널수=6; 담당부서=봄툰소설편집팀; 담당자=허은지,소설,봄툰소설편집팀,허은지
323032,러브 바이트[봄툰KR],[정산정보없음]_러브 바이트[봄툰KR],러브 바이트[봄툰KR],Y,live dry-run current_title 기준 정산정보없음 표식 추가. 지급정산관리_존재_채널수=0; 정산정보없음_채널수=35; 담당부서=봄툰소설편집팀; 담당자=허은지,소설,봄툰소설편집팀,허은지
110951,[카카오창작지원금] 가짜 후궁,[정산정보없음]_[카카오창작지원금] 가짜 후궁,[카카오창작지원금] 가짜 후궁,Y,live dry-run current_title 기준 정산정보없음 표식 추가. 지급정산관리_존재_채널수=0; 정산정보없음_채널수=1; 담당부서=소설2팀; 담당자=김인희,소설,소설2팀,김인희
110957,[카카오창작지원금] 그녀를 탐하다,[정산정보없음]_[카카오창작지원금] 그녀를 탐하다,[카카오창작지원금] 그녀를 탐하다,Y,live dry-run current_title 기준 정산정보없음 표식 추가. 지급정산관리_존재_채널수=0; 정산정보없음_채널수=1; 담당부서=소설2팀; 담당자=김인희,소설,소설2팀,김인희
110963,"[카카오창작지원금] 떨어지는 꽃잎, 흩어지는 칼","[정산정보없음]_[카카오창작지원금] 떨어지는 꽃잎, 흩어지는 칼","[카카오창작지원금] 떨어지는 꽃잎, 흩어지는 칼",Y,live dry-run current_title 기준 정산정보없음 표식 추가. 지급정산관리_존재_채널수=0; 정산정보없음_채널수=1; 담당부서=소설2팀; 담당자=김인희,소설,소설2팀,김인희
110976,[카카오창작지원금] 야래향의 거울,[정산정보없음]_[카카오창작지원금] 야래향의 거울,[카카오창작지원금] 야래향의 거울,Y,live dry-run current_title 기준 정산정보없음 표식 추가. 지급정산관리_존재_채널수=0; 정산정보없음_채널수=1; 담당부서=소설2팀; 담당자=김인희,소설,소설2팀,김인희
110977,[카카오창작지원금] 어느 매분구의 은밀한 이중생활,[정산정보없음]_[카카오창작지원금] 어느 매분구의 은밀한 이중생활,[카카오창작지원금] 어느 매분구의 은밀한 이중생활,Y,live dry-run current_title 기준 정산정보없음 표식 추가. 지급정산관리_존재_채널수=0; 정산정보없음_채널수=1; 담당부서=소설2팀; 담당자=김인희,소설,소설2팀,김인희
110979,[카카오창작지원금] 이미 넌 사랑,[정산정보없음]_[카카오창작지원금] 이미 넌 사랑,[카카오창작지원금] 이미 넌 사랑,Y,live dry-run current_title 기준 정산정보없음 표식 추가. 지급정산관리_존재_채널수=0; 정산정보없음_채널수=1; 담당부서=소설2팀; 담당자=김인희,소설,소설2팀,김인희
110985,[카카오창작지원금] 중전마마의 야릇한 사정,[정산정보없음]_[카카오창작지원금] 중전마마의 야릇한 사정,[카카오창작지원금] 중전마마의 야릇한 사정,Y,live dry-run current_title 기준 정산정보없음 표식 추가. 지급정산관리_존재_채널수=0; 정산정보없음_채널수=1; 담당부서=소설2팀; 담당자=김인희,소설,소설2팀,김인희
110990,[카카오창작지원금] 키스까지 한순간,[정산정보없음]_[카카오창작지원금] 키스까지 한순간,[카카오창작지원금] 키스까지 한순간,Y,live dry-run current_title 기준 정산정보없음 표식 추가. 지급정산관리_존재_채널수=0; 정산정보없음_채널수=1; 담당부서=소설2팀; 담당자=김인희,소설,소설2팀,김인희
111203,We're Nobody,[정산정보없음]_We're Nobody,We're Nobody,Y,live dry-run current_title 기준 정산정보없음 표식 추가. 지급정산관리_존재_채널수=0; 정산정보없음_채널수=1; 담당부서=소설2팀; 담당자=김인희,소설,소설2팀,김인희
111967,낙하산과 클레오파트라,[정산정보없음]_낙하산과 클레오파트라,낙하산과 클레오파트라,Y,live dry-run current_title 기준 정산정보없음 표식 추가. 지급정산관리_존재_채널수=0; 정산정보없음_채널수=2; 담당부서=소설2팀; 담당자=김인희,소설,소설2팀,김인희
112284,다시 사랑,[정산정보없음]_다시 사랑,다시 사랑,Y,live dry-run current_title 기준 정산정보없음 표식 추가. 지급정산관리_존재_채널수=0; 정산정보없음_채널수=2; 담당부서=소설2팀; 담당자=김인희,소설,소설2팀,김인희
112815,리아의 계약,[정산정보없음]_리아의 계약,리아의 계약,Y,live dry-run current_title 기준 정산정보없음 표식 추가. 지급정산관리_존재_채널수=0; 정산정보없음_채널수=1; 담당부서=소설2팀; 담당자=김인희,소설,소설2팀,김인희
113689,사막의 남자,[정산정보없음]_사막의 남자,사막의 남자,Y,live dry-run current_title 기준 정산정보없음 표식 추가. 지급정산관리_존재_채널수=0; 정산정보없음_채널수=2; 담당부서=소설2팀; 담당자=김인희,소설,소설2팀,김인희
114630,열풍[무삭제판],[정산정보없음]_열풍[무삭제판],열풍[무삭제판],Y,live dry-run current_title 기준 정산정보없음 표식 추가. 지급정산관리_존재_채널수=0; 정산정보없음_채널수=2; 담당부서=소설2팀; 담당자=김인희,소설,소설2팀,김인희
115001,이방인의 청혼,[정산정보없음]_이방인의 청혼,이방인의 청혼,Y,live dry-run current_title 기준 정산정보없음 표식 추가. 지급정산관리_존재_채널수=0; 정산정보없음_채널수=2; 담당부서=소설2팀; 담당자=김인희,소설,소설2팀,김인희
116297,헤어드레서(19금 개정본),[정산정보없음]_헤어드레서(19금 개정본),헤어드레서(19금 개정본),Y,live dry-run current_title 기준 정산정보없음 표식 추가. 지급정산관리_존재_채널수=0; 정산정보없음_채널수=1; 담당부서=소설2팀; 담당자=김인희,소설,소설2팀,김인희
160069,잔다르크,[정산정보없음]_잔다르크,잔다르크,Y,live dry-run current_title 기준 정산정보없음 표식 추가. 지급정산관리_존재_채널수=0; 정산정보없음_채널수=1; 담당부서=소설2팀; 담당자=김인희,소설,소설2팀,김인희
160076,지니 의남자들,[정산정보없음]_지니 의남자들,지니 의남자들,Y,live dry-run current_title 기준 정산정보없음 표식 추가. 지급정산관리_존재_채널수=0; 정산정보없음_채널수=1; 담당부서=소설2팀; 담당자=김인희,소설,소설2팀,김인희
160079,달이가득차오를때,[정산정보없음]_달이가득차오를때,달이가득차오를때,Y,live dry-run current_title 기준 정산정보없음 표식 추가. 지급정산관리_존재_채널수=0; 정산정보없음_채널수=1; 담당부서=소설2팀; 담당자=김인희,소설,소설2팀,김인희
160091,시간의기억,[정산정보없음]_시간의기억,시간의기억,Y,live dry-run current_title 기준 정산정보없음 표식 추가. 지급정산관리_존재_채널수=0; 정산정보없음_채널수=1; 담당부서=소설2팀; 담당자=김인희,소설,소설2팀,김인희
160151,소설황당무계,[정산정보없음]_소설황당무계,소설황당무계,Y,live dry-run current_title 기준 정산정보없음 표식 추가. 지급정산관리_존재_채널수=0; 정산정보없음_채널수=2; 담당부서=소설2팀; 담당자=김인희,소설,소설2팀,김인희
160192,열정시대,[정산정보없음]_열정시대,열정시대,Y,live dry-run current_title 기준 정산정보없음 표식 추가. 지급정산관리_존재_채널수=0; 정산정보없음_채널수=1; 담당부서=소설2팀; 담당자=김인희,소설,소설2팀,김인희
160278,시아버지권,[정산정보없음]_시아버지권,시아버지권,Y,live dry-run current_title 기준 정산정보없음 표식 추가. 지급정산관리_존재_채널수=0; 정산정보없음_채널수=1; 담당부서=소설2팀; 담당자=김인희,소설,소설2팀,김인희
160281,이모의유혹권,[정산정보없음]_이모의유혹권,이모의유혹권,Y,live dry-run current_title 기준 정산정보없음 표식 추가. 지급정산관리_존재_채널수=0; 정산정보없음_채널수=1; 담당부서=소설2팀; 담당자=김인희,소설,소설2팀,김인희
160286,교수님과하룻밤을보낼거야,[정산정보없음]_교수님과하룻밤을보낼거야,교수님과하룻밤을보낼거야,Y,live dry-run current_title 기준 정산정보없음 표식 추가. 지급정산관리_존재_채널수=0; 정산정보없음_채널수=2; 담당부서=소설2팀; 담당자=김인희,소설,소설2팀,김인희
160317,SEX실전테크닉,[정산정보없음]_SEX실전테크닉,SEX실전테크닉,Y,live dry-run current_title 기준 정산정보없음 표식 추가. 지급정산관리_존재_채널수=0; 정산정보없음_채널수=1; 담당부서=소설2팀; 담당자=김인희,소설,소설2팀,김인희
160328,그놈의달콤한키스는슬프고도아름다운유혹,[정산정보없음]_그놈의달콤한키스는슬프고도아름다운유혹,그놈의달콤한키스는슬프고도아름다운유혹,Y,live dry-run current_title 기준 정산정보없음 표식 추가. 지급정산관리_존재_채널수=0; 정산정보없음_채널수=1; 담당부서=소설2팀; 담당자=김인희,소설,소설2팀,김인희
160330,야생녀 내 여자 만들기,[정산정보없음]_야생녀 내 여자 만들기,야생녀 내 여자 만들기,Y,live dry-run current_title 기준 정산정보없음 표식 추가. 지급정산관리_존재_채널수=0; 정산정보없음_채널수=1; 담당부서=소설2팀; 담당자=김인희,소설,소설2팀,김인희
160332,그여자의숲,[정산정보없음]_그여자의숲,그여자의숲,Y,live dry-run current_title 기준 정산정보없음 표식 추가. 지급정산관리_존재_채널수=0; 정산정보없음_채널수=1; 담당부서=소설2팀; 담당자=김인희,소설,소설2팀,김인희
160333,홀로서기,[정산정보없음]_홀로서기,홀로서기,Y,live dry-run current_title 기준 정산정보없음 표식 추가. 지급정산관리_존재_채널수=0; 정산정보없음_채널수=2; 담당부서=소설2팀; 담당자=김인희,소설,소설2팀,김인희
160334,그녀가돌아왔다,[정산정보없음]_그녀가돌아왔다,그녀가돌아왔다,Y,live dry-run current_title 기준 정산정보없음 표식 추가. 지급정산관리_존재_채널수=0; 정산정보없음_채널수=1; 담당부서=소설2팀; 담당자=김인희,소설,소설2팀,김인희
160336,운명에게,[정산정보없음]_운명에게,운명에게,Y,live dry-run current_title 기준 정산정보없음 표식 추가. 지급정산관리_존재_채널수=0; 정산정보없음_채널수=1; 담당부서=소설2팀; 담당자=김인희,소설,소설2팀,김인희
160337,7살차이,[정산정보없음]_7살차이,7살차이,Y,live dry-run current_title 기준 정산정보없음 표식 추가. 지급정산관리_존재_채널수=0; 정산정보없음_채널수=2; 담당부서=소설2팀; 담당자=김인희,소설,소설2팀,김인희
160340,新채이와배우사이,[정산정보없음]_新채이와배우사이,新채이와배우사이,Y,live dry-run current_title 기준 정산정보없음 표식 추가. 지급정산관리_존재_채널수=0; 정산정보없음_채널수=1; 담당부서=소설2팀; 담당자=김인희,소설,소설2팀,김인희
160341,신채이와배우사이,[정산정보없음]_신채이와배우사이,신채이와배우사이,Y,live dry-run current_title 기준 정산정보없음 표식 추가. 지급정산관리_존재_채널수=0; 정산정보없음_채널수=1; 담당부서=소설2팀; 담당자=김인희,소설,소설2팀,김인희
160342,문득,[정산정보없음]_문득,문득,Y,live dry-run current_title 기준 정산정보없음 표식 추가. 지급정산관리_존재_채널수=0; 정산정보없음_채널수=1; 담당부서=소설2팀; 담당자=김인희,소설,소설2팀,김인희
160346,운명을거부하는여자,[정산정보없음]_운명을거부하는여자,운명을거부하는여자,Y,live dry-run current_title 기준 정산정보없음 표식 추가. 지급정산관리_존재_채널수=0; 정산정보없음_채널수=1; 담당부서=소설2팀; 담당자=김인희,소설,소설2팀,김인희
160347,LUST,[정산정보없음]_LUST,LUST,Y,live dry-run current_title 기준 정산정보없음 표식 추가. 지급정산관리_존재_채널수=0; 정산정보없음_채널수=1; 담당부서=소설2팀; 담당자=김인희,소설,소설2팀,김인희
160354,이시대의민며느리,[정산정보없음]_이시대의민며느리,이시대의민며느리,Y,live dry-run current_title 기준 정산정보없음 표식 추가. 지급정산관리_존재_채널수=0; 정산정보없음_채널수=1; 담당부서=소설2팀; 담당자=김인희,소설,소설2팀,김인희
160355,우울증여자결벽증남자,[정산정보없음]_우울증여자결벽증남자,우울증여자결벽증남자,Y,live dry-run current_title 기준 정산정보없음 표식 추가. 지급정산관리_존재_채널수=0; 정산정보없음_채널수=1; 담당부서=소설2팀; 담당자=김인희,소설,소설2팀,김인희
160362,몸으로우는소쩍새,[정산정보없음]_몸으로우는소쩍새,몸으로우는소쩍새,Y,live dry-run current_title 기준 정산정보없음 표식 추가. 지급정산관리_존재_채널수=0; 정산정보없음_채널수=4; 담당부서=소설2팀; 담당자=김인희,소설,소설2팀,김인희
160366,얼룩진자리,[정산정보없음]_얼룩진자리,얼룩진자리,Y,live dry-run current_title 기준 정산정보없음 표식 추가. 지급정산관리_존재_채널수=0; 정산정보없음_채널수=2; 담당부서=소설2팀; 담당자=김인희,소설,소설2팀,김인희
160384,러브바이러스,[정산정보없음]_러브바이러스,러브바이러스,Y,live dry-run current_title 기준 정산정보없음 표식 추가. 지급정산관리_존재_채널수=0; 정산정보없음_채널수=1; 담당부서=소설2팀; 담당자=김인희,소설,소설2팀,김인희
160387,만약에,[정산정보없음]_만약에,만약에,Y,live dry-run current_title 기준 정산정보없음 표식 추가. 지급정산관리_존재_채널수=0; 정산정보없음_채널수=1; 담당부서=소설2팀; 담당자=김인희,소설,소설2팀,김인희
160388,글로리하우스의뒷담화,[정산정보없음]_글로리하우스의뒷담화,글로리하우스의뒷담화,Y,live dry-run current_title 기준 정산정보없음 표식 추가. 지급정산관리_존재_채널수=0; 정산정보없음_채널수=1; 담당부서=소설2팀; 담당자=김인희,소설,소설2팀,김인희
160396,조선명탐정정약용-밀행,[정산정보없음]_조선명탐정정약용-밀행,조선명탐정정약용-밀행,Y,live dry-run current_title 기준 정산정보없음 표식 추가. 지급정산관리_존재_채널수=0; 정산정보없음_채널수=5; 담당부서=소설2팀; 담당자=김인희,소설,소설2팀,김인희
160397,섹스공화국,[정산정보없음]_섹스공화국,섹스공화국,Y,live dry-run current_title 기준 정산정보없음 표식 추가. 지급정산관리_존재_채널수=0; 정산정보없음_채널수=1; 담당부서=소설2팀; 담당자=김인희,소설,소설2팀,김인희
160398,유전자의절규:제4회아이작가S문학공모당선작,[정산정보없음]_유전자의절규:제4회아이작가S문학공모당선작,유전자의절규:제4회아이작가S문학공모당선작,Y,live dry-run current_title 기준 정산정보없음 표식 추가. 지급정산관리_존재_채널수=0; 정산정보없음_채널수=1; 담당부서=소설2팀; 담당자=김인희,소설,소설2팀,김인희
160426,내애인은9금,[정산정보없음]_내애인은9금,내애인은9금,Y,live dry-run current_title 기준 정산정보없음 표식 추가. 지급정산관리_존재_채널수=0; 정산정보없음_채널수=1; 담당부서=소설2팀; 담당자=김인희,소설,소설2팀,김인희
160434,신나는자동차마을,[정산정보없음]_신나는자동차마을,신나는자동차마을,Y,live dry-run current_title 기준 정산정보없음 표식 추가. 지급정산관리_존재_채널수=0; 정산정보없음_채널수=1; 담당부서=소설2팀; 담당자=김인희,소설,소설2팀,김인희
160435,꼴찌초록이,[정산정보없음]_꼴찌초록이,꼴찌초록이,Y,live dry-run current_title 기준 정산정보없음 표식 추가. 지급정산관리_존재_채널수=0; 정산정보없음_채널수=1; 담당부서=소설2팀; 담당자=김인희,소설,소설2팀,김인희
160436,고양이수프,[정산정보없음]_고양이수프,고양이수프,Y,live dry-run current_title 기준 정산정보없음 표식 추가. 지급정산관리_존재_채널수=0; 정산정보없음_채널수=1; 담당부서=소설2팀; 담당자=김인희,소설,소설2팀,김인희
160437,꽃씨를심는우체부,[정산정보없음]_꽃씨를심는우체부,꽃씨를심는우체부,Y,live dry-run current_title 기준 정산정보없음 표식 추가. 지급정산관리_존재_채널수=0; 정산정보없음_채널수=1; 담당부서=소설2팀; 담당자=김인희,소설,소설2팀,김인희
160438,꿈꾸는갈색곰,[정산정보없음]_꿈꾸는갈색곰,꿈꾸는갈색곰,Y,live dry-run current_title 기준 정산정보없음 표식 추가. 지급정산관리_존재_채널수=0; 정산정보없음_채널수=1; 담당부서=소설2팀; 담당자=김인희,소설,소설2팀,김인희
160439,모델이된키다리공주,[정산정보없음]_모델이된키다리공주,모델이된키다리공주,Y,live dry-run current_title 기준 정산정보없음 표식 추가. 지급정산관리_존재_채널수=0; 정산정보없음_채널수=1; 담당부서=소설2팀; 담당자=김인희,소설,소설2팀,김인희
160440,별님반개미선생님,[정산정보없음]_별님반개미선생님,별님반개미선생님,Y,live dry-run current_title 기준 정산정보없음 표식 추가. 지급정산관리_존재_채널수=0; 정산정보없음_채널수=1; 담당부서=소설2팀; 담당자=김인희,소설,소설2팀,김인희
160442,정략결혼부,[정산정보없음]_정략결혼부,정략결혼부,Y,live dry-run current_title 기준 정산정보없음 표식 추가. 지급정산관리_존재_채널수=0; 정산정보없음_채널수=1; 담당부서=소설2팀; 담당자=김인희,소설,소설2팀,김인희
160463,호빠에갔다,[정산정보없음]_호빠에갔다,호빠에갔다,Y,live dry-run current_title 기준 정산정보없음 표식 추가. 지급정산관리_존재_채널수=0; 정산정보없음_채널수=1; 담당부서=소설2팀; 담당자=김인희,소설,소설2팀,김인희
160469,미친남편,[정산정보없음]_미친남편,미친남편,Y,live dry-run current_title 기준 정산정보없음 표식 추가. 지급정산관리_존재_채널수=0; 정산정보없음_채널수=1; 담당부서=소설2팀; 담당자=김인희,소설,소설2팀,김인희
160492,사모님과마사지알바생,[정산정보없음]_사모님과마사지알바생,사모님과마사지알바생,Y,live dry-run current_title 기준 정산정보없음 표식 추가. 지급정산관리_존재_채널수=0; 정산정보없음_채널수=2; 담당부서=소설2팀; 담당자=김인희,소설,소설2팀,김인희
160497,사장님의아내와,[정산정보없음]_사장님의아내와,사장님의아내와,Y,live dry-run current_title 기준 정산정보없음 표식 추가. 지급정산관리_존재_채널수=0; 정산정보없음_채널수=1; 담당부서=소설2팀; 담당자=김인희,소설,소설2팀,김인희
160507,아내의엄마,[정산정보없음]_아내의엄마,아내의엄마,Y,live dry-run current_title 기준 정산정보없음 표식 추가. 지급정산관리_존재_채널수=0; 정산정보없음_채널수=2; 담당부서=소설2팀; 담당자=김인희,소설,소설2팀,김인희
160510,나쁜며느리,[정산정보없음]_나쁜며느리,나쁜며느리,Y,live dry-run current_title 기준 정산정보없음 표식 추가. 지급정산관리_존재_채널수=0; 정산정보없음_채널수=1; 담당부서=소설2팀; 담당자=김인희,소설,소설2팀,김인희
160513,모녀의외도,[정산정보없음]_모녀의외도,모녀의외도,Y,live dry-run current_title 기준 정산정보없음 표식 추가. 지급정산관리_존재_채널수=0; 정산정보없음_채널수=2; 담당부서=소설2팀; 담당자=김인희,소설,소설2팀,김인희
295552,사자애(使者愛) [단행본],[정산정보없음]_사자애(使者愛) [단행본],사자애(使者愛) [단행본],Y,live dry-run current_title 기준 정산정보없음 표식 추가. 지급정산관리_존재_채널수=0; 정산정보없음_채널수=1; 담당부서=소설2팀; 담당자=김인희,소설,소설2팀,김인희
295558,열망의 시작,[정산정보없음]_열망의 시작,열망의 시작,Y,live dry-run current_title 기준 정산정보없음 표식 추가. 지급정산관리_존재_채널수=0; 정산정보없음_채널수=1; 담당부서=소설2팀; 담당자=김인희,소설,소설2팀,김인희
110587,0_드래곤 엔터테인먼트_지미신_일반,[정산정보없음]_0_드래곤 엔터테인먼트_지미신_일반,0_드래곤 엔터테인먼트_지미신_일반,Y,live dry-run current_title 기준 정산정보없음 표식 추가. 지급정산관리_존재_채널수=0; 정산정보없음_채널수=1; 담당부서=소설사업부; 담당자=김정원,소설,소설사업부,김정원
295496,아사벼리 - 이지환  로맨스소설 [완결],[정산정보없음]_아사벼리 - 이지환  로맨스소설 [완결],아사벼리 - 이지환  로맨스소설 [완결],Y,live dry-run current_title 기준 정산정보없음 표식 추가. 지급정산관리_존재_채널수=0; 정산정보없음_채널수=1; 담당부서=소설사업부; 담당자=김정원,소설,소설사업부,김정원
295514,도토리나라의다람은행(New2013재능동화46은행원),[정산정보없음]_도토리나라의다람은행(New2013재능동화46은행원),도토리나라의다람은행(New2013재능동화46은행원),Y,live dry-run current_title 기준 정산정보없음 표식 추가. 지급정산관리_존재_채널수=0; 정산정보없음_채널수=1; 담당부서=소설사업부; 담당자=김정원,소설,소설사업부,김정원
295517,빙애,[정산정보없음]_빙애,빙애,Y,live dry-run current_title 기준 정산정보없음 표식 추가. 지급정산관리_존재_채널수=0; 정산정보없음_채널수=1; 담당부서=소설사업부; 담당자=김정원,소설,소설사업부,김정원
295521,얼음공주루나(New2013재능동화23피겨스케이터),[정산정보없음]_얼음공주루나(New2013재능동화23피겨스케이터),얼음공주루나(New2013재능동화23피겨스케이터),Y,live dry-run current_title 기준 정산정보없음 표식 추가. 지급정산관리_존재_채널수=0; 정산정보없음_채널수=1; 담당부서=소설사업부; 담당자=김정원,소설,소설사업부,김정원
295525,제2회S문학공모수상작-오난희,[정산정보없음]_제2회S문학공모수상작-오난희,제2회S문학공모수상작-오난희,Y,live dry-run current_title 기준 정산정보없음 표식 추가. 지급정산관리_존재_채널수=0; 정산정보없음_채널수=1; 담당부서=소설사업부; 담당자=김정원,소설,소설사업부,김정원
108369,[세트] 가짜 성녀에게 죽음을,[정산정보없음]_[세트] 가짜 성녀에게 죽음을,[세트] 가짜 성녀에게 죽음을,Y,live dry-run current_title 기준 정산정보없음 표식 추가. 지급정산관리_존재_채널수=0; 정산정보없음_채널수=2; 담당부서=소설유통팀; 담당자=권소현,소설,소설유통팀,권소현
109355,[연재] 가짜 성녀에게 죽음을,[정산정보없음]_[연재] 가짜 성녀에게 죽음을,[연재] 가짜 성녀에게 죽음을,Y,live dry-run current_title 기준 정산정보없음 표식 추가. 지급정산관리_존재_채널수=0; 정산정보없음_채널수=4; 담당부서=소설유통팀; 담당자=권소현,소설,소설유통팀,권소현
113026,모형정원의 나비 세트,[정산정보없음]_모형정원의 나비 세트,모형정원의 나비 세트,Y,live dry-run current_title 기준 정산정보없음 표식 추가. 지급정산관리_존재_채널수=0; 정산정보없음_채널수=2; 담당부서=소설유통팀; 담당자=권소현,소설,소설유통팀,권소현
115983,트윈 가이드 (유통),[정산정보없음]_트윈 가이드 (유통),트윈 가이드 (유통),Y,live dry-run current_title 기준 정산정보없음 표식 추가. 지급정산관리_존재_채널수=0; 정산정보없음_채널수=1; 담당부서=소설유통팀; 담당자=권소현,소설,소설유통팀,권소현
118092,연애담,[정산정보없음]_연애담,연애담,Y,live dry-run current_title 기준 정산정보없음 표식 추가. 지급정산관리_존재_채널수=0; 정산정보없음_채널수=6; 담당부서=소설유통팀; 담당자=권소현,소설,소설유통팀,권소현
139013,그 사랑에 이의있다,[정산정보없음]_그 사랑에 이의있다,그 사랑에 이의있다,Y,live dry-run current_title 기준 정산정보없음 표식 추가. 지급정산관리_존재_채널수=0; 정산정보없음_채널수=3; 담당부서=소설유통팀; 담당자=권소현,소설,소설유통팀,권소현
295607,대륙의검,[정산정보없음]_대륙의검,대륙의검,Y,live dry-run current_title 기준 정산정보없음 표식 추가. 지급정산관리_존재_채널수=0; 정산정보없음_채널수=2; 담당부서=소설유통팀; 담당자=김성경,소설,소설유통팀,김성경
295626,까마귀 우는 밤에,[정산정보없음]_까마귀 우는 밤에,까마귀 우는 밤에,Y,live dry-run current_title 기준 정산정보없음 표식 추가. 지급정산관리_존재_채널수=0; 정산정보없음_채널수=1; 담당부서=소설유통팀; 담당자=김성경,소설,소설유통팀,김성경
306160,40대 다시한번 공부에 미쳐라,[정산정보없음]_40대 다시한번 공부에 미쳐라,40대 다시한번 공부에 미쳐라,Y,live dry-run current_title 기준 정산정보없음 표식 추가. 지급정산관리_존재_채널수=0; 정산정보없음_채널수=1; 담당부서=소설유통팀; 담당자=김성경,소설,소설유통팀,김성경
306163,이환경 대하역사소설 - 태조 왕건,[정산정보없음]_이환경 대하역사소설 - 태조 왕건,이환경 대하역사소설 - 태조 왕건,Y,live dry-run current_title 기준 정산정보없음 표식 추가. 지급정산관리_존재_채널수=0; 정산정보없음_채널수=1; 담당부서=소설유통팀; 담당자=김성경,소설,소설유통팀,김성경
311369,찰나와 영겁의 사랑,[정산정보없음]_찰나와 영겁의 사랑,찰나와 영겁의 사랑,Y,live dry-run current_title 기준 정산정보없음 표식 추가. 지급정산관리_존재_채널수=0; 정산정보없음_채널수=3; 담당부서=소설유통팀; 담당자=김성경,소설,소설유통팀,김성경
311602,당신의 뜻대로 하소서,[정산정보없음]_당신의 뜻대로 하소서,당신의 뜻대로 하소서,Y,live dry-run current_title 기준 정산정보없음 표식 추가. 지급정산관리_존재_채널수=0; 정산정보없음_채널수=3; 담당부서=소설유통팀; 담당자=김성경,소설,소설유통팀,김성경
311619,비밀스런 이안,[정산정보없음]_비밀스런 이안,비밀스런 이안,Y,live dry-run current_title 기준 정산정보없음 표식 추가. 지급정산관리_존재_채널수=0; 정산정보없음_채널수=3; 담당부서=소설유통팀; 담당자=김성경,소설,소설유통팀,김성경
311660,a matter of time,[정산정보없음]_a matter of time,a matter of time,Y,live dry-run current_title 기준 정산정보없음 표식 추가. 지급정산관리_존재_채널수=0; 정산정보없음_채널수=2; 담당부서=소설유통팀; 담당자=김성경,소설,소설유통팀,김성경
311808,꿀 발랐음(외전 포함),[정산정보없음]_꿀 발랐음(외전 포함),꿀 발랐음(외전 포함),Y,live dry-run current_title 기준 정산정보없음 표식 추가. 지급정산관리_존재_채널수=0; 정산정보없음_채널수=3; 담당부서=소설유통팀; 담당자=김성경,소설,소설유통팀,김성경
311880,가차없는 그대,[정산정보없음]_가차없는 그대,가차없는 그대,Y,live dry-run current_title 기준 정산정보없음 표식 추가. 지급정산관리_존재_채널수=0; 정산정보없음_채널수=3; 담당부서=소설유통팀; 담당자=김성경,소설,소설유통팀,김성경
311992,월영 골동품 감정첩,[정산정보없음]_월영 골동품 감정첩,월영 골동품 감정첩,Y,live dry-run current_title 기준 정산정보없음 표식 추가. 지급정산관리_존재_채널수=0; 정산정보없음_채널수=8; 담당부서=소설유통팀; 담당자=김성경,소설,소설유통팀,김성경
312482,외계인을 만나다,[정산정보없음]_외계인을 만나다,외계인을 만나다,Y,live dry-run current_title 기준 정산정보없음 표식 추가. 지급정산관리_존재_채널수=0; 정산정보없음_채널수=2; 담당부서=소설유통팀; 담당자=김성경,소설,소설유통팀,김성경
312586,피도 눈물도 없는 용사,[정산정보없음]_피도 눈물도 없는 용사,피도 눈물도 없는 용사,Y,live dry-run current_title 기준 정산정보없음 표식 추가. 지급정산관리_존재_채널수=0; 정산정보없음_채널수=2; 담당부서=소설유통팀; 담당자=김성경,소설,소설유통팀,김성경
312703,악마님은 접속 중,[정산정보없음]_악마님은 접속 중,악마님은 접속 중,Y,live dry-run current_title 기준 정산정보없음 표식 추가. 지급정산관리_존재_채널수=0; 정산정보없음_채널수=3; 담당부서=소설유통팀; 담당자=김성경,소설,소설유통팀,김성경
312715,조선굴기,[정산정보없음]_조선굴기,조선굴기,Y,live dry-run current_title 기준 정산정보없음 표식 추가. 지급정산관리_존재_채널수=0; 정산정보없음_채널수=3; 담당부서=소설유통팀; 담당자=김성경,소설,소설유통팀,김성경
312736,달콤한 인질,[정산정보없음]_달콤한 인질,달콤한 인질,Y,live dry-run current_title 기준 정산정보없음 표식 추가. 지급정산관리_존재_채널수=0; 정산정보없음_채널수=3; 담당부서=소설유통팀; 담당자=김성경,소설,소설유통팀,김성경
312763,우편배달부 하나키 토우코 시리즈,[정산정보없음]_우편배달부 하나키 토우코 시리즈,우편배달부 하나키 토우코 시리즈,Y,live dry-run current_title 기준 정산정보없음 표식 추가. 지급정산관리_존재_채널수=0; 정산정보없음_채널수=6; 담당부서=소설유통팀; 담당자=김성경,소설,소설유통팀,김성경
312848,고양이의 안주인이 되어버렸다,[정산정보없음]_고양이의 안주인이 되어버렸다,고양이의 안주인이 되어버렸다,Y,live dry-run current_title 기준 정산정보없음 표식 추가. 지급정산관리_존재_채널수=0; 정산정보없음_채널수=24; 담당부서=소설유통팀; 담당자=김성경,소설,소설유통팀,김성경
313566,뚝배기 깨러 왔습니다,[정산정보없음]_뚝배기 깨러 왔습니다,뚝배기 깨러 왔습니다,Y,live dry-run current_title 기준 정산정보없음 표식 추가. 지급정산관리_존재_채널수=0; 정산정보없음_채널수=2; 담당부서=소설유통팀; 담당자=김성경,소설,소설유통팀,김성경
313626,러브 인 커피,[정산정보없음]_러브 인 커피,러브 인 커피,Y,live dry-run current_title 기준 정산정보없음 표식 추가. 지급정산관리_존재_채널수=0; 정산정보없음_채널수=3; 담당부서=소설유통팀; 담당자=김성경,소설,소설유통팀,김성경
313873,블루 크리스마스,[정산정보없음]_블루 크리스마스,블루 크리스마스,Y,live dry-run current_title 기준 정산정보없음 표식 추가. 지급정산관리_존재_채널수=0; 정산정보없음_채널수=2; 담당부서=소설유통팀; 담당자=김성경,소설,소설유통팀,김성경
313912,FFF급 관심용사,[정산정보없음]_FFF급 관심용사,FFF급 관심용사,Y,live dry-run current_title 기준 정산정보없음 표식 추가. 지급정산관리_존재_채널수=0; 정산정보없음_채널수=2; 담당부서=소설유통팀; 담당자=김성경,소설,소설유통팀,김성경
313939,스카이씨,[정산정보없음]_스카이씨,스카이씨,Y,live dry-run current_title 기준 정산정보없음 표식 추가. 지급정산관리_존재_채널수=0; 정산정보없음_채널수=3; 담당부서=소설유통팀; 담당자=김성경,소설,소설유통팀,김성경
314172,한별이 내리다,[정산정보없음]_한별이 내리다,한별이 내리다,Y,live dry-run current_title 기준 정산정보없음 표식 추가. 지급정산관리_존재_채널수=0; 정산정보없음_채널수=3; 담당부서=소설유통팀; 담당자=김성경,소설,소설유통팀,김성경
314186,"갑질 하는 남자, 갑이 된 여자","[정산정보없음]_갑질 하는 남자, 갑이 된 여자","갑질 하는 남자, 갑이 된 여자",Y,live dry-run current_title 기준 정산정보없음 표식 추가. 지급정산관리_존재_채널수=0; 정산정보없음_채널수=3; 담당부서=소설유통팀; 담당자=김성경,소설,소설유통팀,김성경
314266,다이나,[정산정보없음]_다이나,다이나,Y,live dry-run current_title 기준 정산정보없음 표식 추가. 지급정산관리_존재_채널수=0; 정산정보없음_채널수=3; 담당부서=소설유통팀; 담당자=김성경,소설,소설유통팀,김성경
314445,황새냉이  -외계인을 만나다 외전-,[정산정보없음]_황새냉이  -외계인을 만나다 외전-,황새냉이  -외계인을 만나다 외전-,Y,live dry-run current_title 기준 정산정보없음 표식 추가. 지급정산관리_존재_채널수=0; 정산정보없음_채널수=2; 담당부서=소설유통팀; 담당자=김성경,소설,소설유통팀,김성경
314483,순간에 빠지다,[정산정보없음]_순간에 빠지다,순간에 빠지다,Y,live dry-run current_title 기준 정산정보없음 표식 추가. 지급정산관리_존재_채널수=0; 정산정보없음_채널수=3; 담당부서=소설유통팀; 담당자=김성경,소설,소설유통팀,김성경
314677,십팔센티미터,[정산정보없음]_십팔센티미터,십팔센티미터,Y,live dry-run current_title 기준 정산정보없음 표식 추가. 지급정산관리_존재_채널수=0; 정산정보없음_채널수=3; 담당부서=소설유통팀; 담당자=김성경,소설,소설유통팀,김성경
314726,롸잇 나우[합본],[정산정보없음]_롸잇 나우[합본],롸잇 나우[합본],Y,live dry-run current_title 기준 정산정보없음 표식 추가. 지급정산관리_존재_채널수=0; 정산정보없음_채널수=3; 담당부서=소설유통팀; 담당자=김성경,소설,소설유통팀,김성경
314962,테스트 2,[정산정보없음]_테스트 2,테스트 2,Y,live dry-run current_title 기준 정산정보없음 표식 추가. 지급정산관리_존재_채널수=0; 정산정보없음_채널수=6; 담당부서=소설유통팀; 담당자=김성경,소설,소설유통팀,김성경
314985,나와 시노부 씨의 미스터리 펫숍,[정산정보없음]_나와 시노부 씨의 미스터리 펫숍,나와 시노부 씨의 미스터리 펫숍,Y,live dry-run current_title 기준 정산정보없음 표식 추가. 지급정산관리_존재_채널수=0; 정산정보없음_채널수=7; 담당부서=소설유통팀; 담당자=김성경,소설,소설유통팀,김성경
315077,문라이트 플라워,[정산정보없음]_문라이트 플라워,문라이트 플라워,Y,live dry-run current_title 기준 정산정보없음 표식 추가. 지급정산관리_존재_채널수=0; 정산정보없음_채널수=2; 담당부서=소설유통팀; 담당자=김성경,소설,소설유통팀,김성경
315254,음란검객,[정산정보없음]_음란검객,음란검객,Y,live dry-run current_title 기준 정산정보없음 표식 추가. 지급정산관리_존재_채널수=0; 정산정보없음_채널수=7; 담당부서=소설유통팀; 담당자=김성경,소설,소설유통팀,김성경
315351,내 제자가 귀신일리 없다,[정산정보없음]_내 제자가 귀신일리 없다,내 제자가 귀신일리 없다,Y,live dry-run current_title 기준 정산정보없음 표식 추가. 지급정산관리_존재_채널수=0; 정산정보없음_채널수=3; 담당부서=소설유통팀; 담당자=김성경,소설,소설유통팀,김성경
315353,내가 히틀러라니!,[정산정보없음]_내가 히틀러라니!,내가 히틀러라니!,Y,live dry-run current_title 기준 정산정보없음 표식 추가. 지급정산관리_존재_채널수=0; 정산정보없음_채널수=2; 담당부서=소설유통팀; 담당자=김성경,소설,소설유통팀,김성경
315395,후카가와 텐구 삼자매,[정산정보없음]_후카가와 텐구 삼자매,후카가와 텐구 삼자매,Y,live dry-run current_title 기준 정산정보없음 표식 추가. 지급정산관리_존재_채널수=0; 정산정보없음_채널수=6; 담당부서=소설유통팀; 담당자=김성경,소설,소설유통팀,김성경
315463,키스할까요,[정산정보없음]_키스할까요,키스할까요,Y,live dry-run current_title 기준 정산정보없음 표식 추가. 지급정산관리_존재_채널수=0; 정산정보없음_채널수=3; 담당부서=소설유통팀; 담당자=김성경,소설,소설유통팀,김성경
315632,네가 떠난 후,[정산정보없음]_네가 떠난 후,네가 떠난 후,Y,live dry-run current_title 기준 정산정보없음 표식 추가. 지급정산관리_존재_채널수=0; 정산정보없음_채널수=24; 담당부서=소설유통팀; 담당자=김성경,소설,소설유통팀,김성경
315713,뜨거운 달 1부,[정산정보없음]_뜨거운 달 1부,뜨거운 달 1부,Y,live dry-run current_title 기준 정산정보없음 표식 추가. 지급정산관리_존재_채널수=0; 정산정보없음_채널수=3; 담당부서=소설유통팀; 담당자=김성경,소설,소설유통팀,김성경
315759,초차원게임 넵튠 하이스쿨,[정산정보없음]_초차원게임 넵튠 하이스쿨,초차원게임 넵튠 하이스쿨,Y,live dry-run current_title 기준 정산정보없음 표식 추가. 지급정산관리_존재_채널수=0; 정산정보없음_채널수=2; 담당부서=소설유통팀; 담당자=김성경,소설,소설유통팀,김성경
315954,롸잇 나우,[정산정보없음]_롸잇 나우,롸잇 나우,Y,live dry-run current_title 기준 정산정보없음 표식 추가. 지급정산관리_존재_채널수=0; 정산정보없음_채널수=3; 담당부서=소설유통팀; 담당자=김성경,소설,소설유통팀,김성경
316003,히스벨,[정산정보없음]_히스벨,히스벨,Y,live dry-run current_title 기준 정산정보없음 표식 추가. 지급정산관리_존재_채널수=0; 정산정보없음_채널수=2; 담당부서=소설유통팀; 담당자=김성경,소설,소설유통팀,김성경
316041,아이노쿠사비,[정산정보없음]_아이노쿠사비,아이노쿠사비,Y,live dry-run current_title 기준 정산정보없음 표식 추가. 지급정산관리_존재_채널수=0; 정산정보없음_채널수=2; 담당부서=소설유통팀; 담당자=김성경,소설,소설유통팀,김성경
316178,하렘나이트,[정산정보없음]_하렘나이트,하렘나이트,Y,live dry-run current_title 기준 정산정보없음 표식 추가. 지급정산관리_존재_채널수=0; 정산정보없음_채널수=2; 담당부서=소설유통팀; 담당자=김성경,소설,소설유통팀,김성경
316568,군주,[정산정보없음]_군주,군주,Y,live dry-run current_title 기준 정산정보없음 표식 추가. 지급정산관리_존재_채널수=0; 정산정보없음_채널수=2; 담당부서=소설유통팀; 담당자=김성경,소설,소설유통팀,김성경
316648,넌 내게 찍혔어,[정산정보없음]_넌 내게 찍혔어,넌 내게 찍혔어,Y,live dry-run current_title 기준 정산정보없음 표식 추가. 지급정산관리_존재_채널수=0; 정산정보없음_채널수=3; 담당부서=소설유통팀; 담당자=김성경,소설,소설유통팀,김성경
316839,까마귀 전당포의 수상한 장부,[정산정보없음]_까마귀 전당포의 수상한 장부,까마귀 전당포의 수상한 장부,Y,live dry-run current_title 기준 정산정보없음 표식 추가. 지급정산관리_존재_채널수=0; 정산정보없음_채널수=5; 담당부서=소설유통팀; 담당자=김성경,소설,소설유통팀,김성경
316876,위험한 프러포즈,[정산정보없음]_위험한 프러포즈,위험한 프러포즈,Y,live dry-run current_title 기준 정산정보없음 표식 추가. 지급정산관리_존재_채널수=0; 정산정보없음_채널수=3; 담당부서=소설유통팀; 담당자=김성경,소설,소설유통팀,김성경
316921,러브메이킹 프로젝트,[정산정보없음]_러브메이킹 프로젝트,러브메이킹 프로젝트,Y,live dry-run current_title 기준 정산정보없음 표식 추가. 지급정산관리_존재_채널수=0; 정산정보없음_채널수=3; 담당부서=소설유통팀; 담당자=김성경,소설,소설유통팀,김성경
317184,잭팟을 터트리다 (19금 삽화본),[정산정보없음]_잭팟을 터트리다 (19금 삽화본),잭팟을 터트리다 (19금 삽화본),Y,live dry-run current_title 기준 정산정보없음 표식 추가. 지급정산관리_존재_채널수=0; 정산정보없음_채널수=3; 담당부서=소설유통팀; 담당자=김성경,소설,소설유통팀,김성경
317244,오전 0시의 라디오 방송국,[정산정보없음]_오전 0시의 라디오 방송국,오전 0시의 라디오 방송국,Y,live dry-run current_title 기준 정산정보없음 표식 추가. 지급정산관리_존재_채널수=0; 정산정보없음_채널수=2; 담당부서=소설유통팀; 담당자=김성경,소설,소설유통팀,김성경
317353,드라마 올킬,[정산정보없음]_드라마 올킬,드라마 올킬,Y,live dry-run current_title 기준 정산정보없음 표식 추가. 지급정산관리_존재_채널수=0; 정산정보없음_채널수=3; 담당부서=소설유통팀; 담당자=김성경,소설,소설유통팀,김성경
317820,GPS,[정산정보없음]_GPS,GPS,Y,live dry-run current_title 기준 정산정보없음 표식 추가. 지급정산관리_존재_채널수=0; 정산정보없음_채널수=6; 담당부서=소설유통팀; 담당자=김성경,소설,소설유통팀,김성경
318011,철학카페에서 작가를 만나다,[정산정보없음]_철학카페에서 작가를 만나다,철학카페에서 작가를 만나다,Y,live dry-run current_title 기준 정산정보없음 표식 추가. 지급정산관리_존재_채널수=0; 정산정보없음_채널수=2; 담당부서=소설유통팀; 담당자=김성경,소설,소설유통팀,김성경
318184,"뻔, 뻔한 속셈","[정산정보없음]_뻔, 뻔한 속셈","뻔, 뻔한 속셈",Y,live dry-run current_title 기준 정산정보없음 표식 추가. 지급정산관리_존재_채널수=0; 정산정보없음_채널수=3; 담당부서=소설유통팀; 담당자=김성경,소설,소설유통팀,김성경
318185,사랑니,[정산정보없음]_사랑니,사랑니,Y,live dry-run current_title 기준 정산정보없음 표식 추가. 지급정산관리_존재_채널수=0; 정산정보없음_채널수=3; 담당부서=소설유통팀; 담당자=김성경,소설,소설유통팀,김성경
318202,원나잇 노썸씽(15세 개정판),[정산정보없음]_원나잇 노썸씽(15세 개정판),원나잇 노썸씽(15세 개정판),Y,live dry-run current_title 기준 정산정보없음 표식 추가. 지급정산관리_존재_채널수=0; 정산정보없음_채널수=24; 담당부서=소설유통팀; 담당자=김성경,소설,소설유통팀,김성경
318264,윤재인의 컬러시리즈,[정산정보없음]_윤재인의 컬러시리즈,윤재인의 컬러시리즈,Y,live dry-run current_title 기준 정산정보없음 표식 추가. 지급정산관리_존재_채널수=0; 정산정보없음_채널수=15; 담당부서=소설유통팀; 담당자=김성경,소설,소설유통팀,김성경
318289,기막힌 연애,[정산정보없음]_기막힌 연애,기막힌 연애,Y,live dry-run current_title 기준 정산정보없음 표식 추가. 지급정산관리_존재_채널수=0; 정산정보없음_채널수=3; 담당부서=소설유통팀; 담당자=김성경,소설,소설유통팀,김성경
318335,The SECRET 비밀,[정산정보없음]_The SECRET 비밀,The SECRET 비밀,Y,live dry-run current_title 기준 정산정보없음 표식 추가. 지급정산관리_존재_채널수=0; 정산정보없음_채널수=3; 담당부서=소설유통팀; 담당자=김성경,소설,소설유통팀,김성경
318555,로맨틱 밸런타인,[정산정보없음]_로맨틱 밸런타인,로맨틱 밸런타인,Y,live dry-run current_title 기준 정산정보없음 표식 추가. 지급정산관리_존재_채널수=0; 정산정보없음_채널수=3; 담당부서=소설유통팀; 담당자=김성경,소설,소설유통팀,김성경
318814,잘못된 결혼: 나의 뱀파이어 남편,[정산정보없음]_잘못된 결혼: 나의 뱀파이어 남편,잘못된 결혼: 나의 뱀파이어 남편,Y,live dry-run current_title 기준 정산정보없음 표식 추가. 지급정산관리_존재_채널수=0; 정산정보없음_채널수=24; 담당부서=소설유통팀; 담당자=김성경,소설,소설유통팀,김성경
318824,"프라하, 그 유혹의 밤","[정산정보없음]_프라하, 그 유혹의 밤","프라하, 그 유혹의 밤",Y,live dry-run current_title 기준 정산정보없음 표식 추가. 지급정산관리_존재_채널수=0; 정산정보없음_채널수=3; 담당부서=소설유통팀; 담당자=김성경,소설,소설유통팀,김성경
318941,우아한 본능,[정산정보없음]_우아한 본능,우아한 본능,Y,live dry-run current_title 기준 정산정보없음 표식 추가. 지급정산관리_존재_채널수=0; 정산정보없음_채널수=3; 담당부서=소설유통팀; 담당자=김성경,소설,소설유통팀,김성경
319096,타오르는 달(달 시리즈 2부),[정산정보없음]_타오르는 달(달 시리즈 2부),타오르는 달(달 시리즈 2부),Y,live dry-run current_title 기준 정산정보없음 표식 추가. 지급정산관리_존재_채널수=0; 정산정보없음_채널수=3; 담당부서=소설유통팀; 담당자=김성경,소설,소설유통팀,김성경
319121,다 벗겨 주겠어!,[정산정보없음]_다 벗겨 주겠어!,다 벗겨 주겠어!,Y,live dry-run current_title 기준 정산정보없음 표식 추가. 지급정산관리_존재_채널수=0; 정산정보없음_채널수=3; 담당부서=소설유통팀; 담당자=김성경,소설,소설유통팀,김성경
319209,비밀스런 그녀,[정산정보없음]_비밀스런 그녀,비밀스런 그녀,Y,live dry-run current_title 기준 정산정보없음 표식 추가. 지급정산관리_존재_채널수=0; 정산정보없음_채널수=3; 담당부서=소설유통팀; 담당자=김성경,소설,소설유통팀,김성경
319333,명군이 되어보세!,[정산정보없음]_명군이 되어보세!,명군이 되어보세!,Y,live dry-run current_title 기준 정산정보없음 표식 추가. 지급정산관리_존재_채널수=0; 정산정보없음_채널수=2; 담당부서=소설유통팀; 담당자=김성경,소설,소설유통팀,김성경
319360,이너피스 요가,[정산정보없음]_이너피스 요가,이너피스 요가,Y,live dry-run current_title 기준 정산정보없음 표식 추가. 지급정산관리_존재_채널수=0; 정산정보없음_채널수=2; 담당부서=소설유통팀; 담당자=김성경,소설,소설유통팀,김성경
319558,체인지 허즈번드,[정산정보없음]_체인지 허즈번드,체인지 허즈번드,Y,live dry-run current_title 기준 정산정보없음 표식 추가. 지급정산관리_존재_채널수=0; 정산정보없음_채널수=3; 담당부서=소설유통팀; 담당자=김성경,소설,소설유통팀,김성경
319573,가출천사 육성계약,[정산정보없음]_가출천사 육성계약,가출천사 육성계약,Y,live dry-run current_title 기준 정산정보없음 표식 추가. 지급정산관리_존재_채널수=0; 정산정보없음_채널수=2; 담당부서=소설유통팀; 담당자=김성경,소설,소설유통팀,김성경
319642,F(에프),[정산정보없음]_F(에프),F(에프),Y,live dry-run current_title 기준 정산정보없음 표식 추가. 지급정산관리_존재_채널수=0; 정산정보없음_채널수=2; 담당부서=소설유통팀; 담당자=김성경,소설,소설유통팀,김성경
319740,깊고도 강렬한,[정산정보없음]_깊고도 강렬한,깊고도 강렬한,Y,live dry-run current_title 기준 정산정보없음 표식 추가. 지급정산관리_존재_채널수=0; 정산정보없음_채널수=3; 담당부서=소설유통팀; 담당자=김성경,소설,소설유통팀,김성경
319789,이상한 고양이 연립주택,[정산정보없음]_이상한 고양이 연립주택,이상한 고양이 연립주택,Y,live dry-run current_title 기준 정산정보없음 표식 추가. 지급정산관리_존재_채널수=0; 정산정보없음_채널수=8; 담당부서=소설유통팀; 담당자=김성경,소설,소설유통팀,김성경
319922,원하고 원망하다,[정산정보없음]_원하고 원망하다,원하고 원망하다,Y,live dry-run current_title 기준 정산정보없음 표식 추가. 지급정산관리_존재_채널수=0; 정산정보없음_채널수=3; 담당부서=소설유통팀; 담당자=김성경,소설,소설유통팀,김성경
326689,김 대리는 인생이 너무 가볍다,[정산정보없음]_김 대리는 인생이 너무 가볍다,김 대리는 인생이 너무 가볍다,Y,live dry-run current_title 기준 정산정보없음 표식 추가. 지급정산관리_존재_채널수=0; 정산정보없음_채널수=1; 담당부서=소설유통팀; 담당자=윤혜리,소설,소설유통팀,윤혜리
114975,이 악당은 이제 제 겁니다,[정산정보없음]_이 악당은 이제 제 겁니다,이 악당은 이제 제 겁니다,Y,live dry-run current_title 기준 정산정보없음 표식 추가. 지급정산관리_존재_채널수=0; 정산정보없음_채널수=3; 담당부서=소설유통팀; 담당자=이규희,소설,소설유통팀,이규희
322347,함부로 동정하지 말 것 (19세 완전판)(연재),[정산정보없음]_함부로 동정하지 말 것 (19세 완전판)(연재),함부로 동정하지 말 것 (19세 완전판)(연재),Y,live dry-run current_title 기준 정산정보없음 표식 추가. 지급정산관리_존재_채널수=0; 정산정보없음_채널수=3; 담당부서=소설유통팀; 담당자=이규희,소설,소설유통팀,이규희
325304,남편이 정부를 데려왔다(봄툰 연재),[정산정보없음]_남편이 정부를 데려왔다(봄툰 연재),남편이 정부를 데려왔다(봄툰 연재),Y,live dry-run current_title 기준 정산정보없음 표식 추가. 지급정산관리_존재_채널수=0; 정산정보없음_채널수=1; 담당부서=소설유통팀; 담당자=이규희,소설,소설유통팀,이규희
327630,악녀실격(카카오 선투자용),[정산정보없음]_악녀실격(카카오 선투자용),악녀실격(카카오 선투자용),Y,live dry-run current_title 기준 정산정보없음 표식 추가. 지급정산관리_존재_채널수=0; 정산정보없음_채널수=1; 담당부서=소설유통팀; 담당자=이규희,소설,소설유통팀,이규희
327778,악녀의 전속 시녀가 일을 너무 잘함(카카오 선투자),[정산정보없음]_악녀의 전속 시녀가 일을 너무 잘함(카카오 선투자),악녀의 전속 시녀가 일을 너무 잘함(카카오 선투자),Y,live dry-run current_title 기준 정산정보없음 표식 추가. 지급정산관리_존재_채널수=0; 정산정보없음_채널수=1; 담당부서=소설유통팀; 담당자=이규희,소설,소설유통팀,이규희
110683,[카카오]곤륜신기전,[정산정보없음]_[카카오]곤륜신기전,[카카오]곤륜신기전,Y,live dry-run current_title 기준 정산정보없음 표식 추가. 지급정산관리_존재_채널수=0; 정산정보없음_채널수=1; 담당부서=소설편집팀; 담당자=김경민,소설,소설편집팀,김경민
320283,카카오 선투자_소구장 작가_2차,[정산정보없음]_카카오 선투자_소구장 작가_2차,카카오 선투자_소구장 작가_2차,Y,live dry-run current_title 기준 정산정보없음 표식 추가. 지급정산관리_존재_채널수=0; 정산정보없음_채널수=1; 담당부서=소설편집팀; 담당자=김경민,소설,소설편집팀,김경민
320715,<회귀한 아포칼립스의 폭군> 및 카카오페이지 서비스 작품 일체,[정산정보없음]_<회귀한 아포칼립스의 폭군> 및 카카오페이지 서비스 작품 일체,<회귀한 아포칼립스의 폭군> 및 카카오페이지 서비스 작품 일체,Y,live dry-run current_title 기준 정산정보없음 표식 추가. 지급정산관리_존재_채널수=0; 정산정보없음_채널수=1; 담당부서=소설편집팀; 담당자=김경민,소설,소설편집팀,김경민
320716,<걸황무적> 및 카카오페이지 서비스 작품 일체,[정산정보없음]_<걸황무적> 및 카카오페이지 서비스 작품 일체,<걸황무적> 및 카카오페이지 서비스 작품 일체,Y,live dry-run current_title 기준 정산정보없음 표식 추가. 지급정산관리_존재_채널수=0; 정산정보없음_채널수=1; 담당부서=소설편집팀; 담당자=김경민,소설,소설편집팀,김경민
322442,<회귀한 아포칼립스의 폭군> 및 이형석 작가 카카오페이지 서비스 작품 일체,[정산정보없음]_<회귀한 아포칼립스의 폭군> 및 이형석 작가 카카오페이지 서비스 작품 일체,<회귀한 아포칼립스의 폭군> 및 이형석 작가 카카오페이지 서비스 작품 일체,Y,live dry-run current_title 기준 정산정보없음 표식 추가. 지급정산관리_존재_채널수=0; 정산정보없음_채널수=1; 담당부서=소설편집팀; 담당자=김경민,소설,소설편집팀,김경민
322882,<불사검마> 및 소구장 작가 카카오 작품 일체_카카오 선투자_3차,[정산정보없음]_<불사검마> 및 소구장 작가 카카오 작품 일체_카카오 선투자_3차,<불사검마> 및 소구장 작가 카카오 작품 일체_카카오 선투자_3차,Y,live dry-run current_title 기준 정산정보없음 표식 추가. 지급정산관리_존재_채널수=0; 정산정보없음_채널수=1; 담당부서=소설편집팀; 담당자=김경민,소설,소설편집팀,김경민
324007,<회귀한 아포칼립스의 폭군> 및 이형석 작가 카카오페이지 서비스 작품 일체,[정산정보없음]_<회귀한 아포칼립스의 폭군> 및 이형석 작가 카카오페이지 서비스 작품 일체,<회귀한 아포칼립스의 폭군> 및 이형석 작가 카카오페이지 서비스 작품 일체,Y,live dry-run current_title 기준 정산정보없음 표식 추가. 지급정산관리_존재_채널수=0; 정산정보없음_채널수=1; 담당부서=소설편집팀; 담당자=김경민,소설,소설편집팀,김경민
324194,<걸황무적> 및 송재일 작가 카카오페이지 서비스 작품 일체,[정산정보없음]_<걸황무적> 및 송재일 작가 카카오페이지 서비스 작품 일체,<걸황무적> 및 송재일 작가 카카오페이지 서비스 작품 일체,Y,live dry-run current_title 기준 정산정보없음 표식 추가. 지급정산관리_존재_채널수=0; 정산정보없음_채널수=1; 담당부서=소설편집팀; 담당자=김경민,소설,소설편집팀,김경민
326854,얼굴 천재 아역이 연기를 잘함_웹소설 마스터콘텐츠라이선스계약_부속계약_주간무연시,[정산정보없음]_얼굴 천재 아역이 연기를 잘함_웹소설 마스터콘텐츠라이선스계약_부속계약_주간무연시,얼굴 천재 아역이 연기를 잘함_웹소설 마스터콘텐츠라이선스계약_부속계약_주간무연시,Y,live dry-run current_title 기준 정산정보없음 표식 추가. 지급정산관리_존재_채널수=0; 정산정보없음_채널수=2; 담당부서=소설편집팀; 담당자=김경민,소설,소설편집팀,김경민
107774,(연재)1422만 포인트로 환생하기,[정산정보없음]_(연재)1422만 포인트로 환생하기,(연재)1422만 포인트로 환생하기,Y,live dry-run current_title 기준 정산정보없음 표식 추가. 지급정산관리_존재_채널수=0; 정산정보없음_채널수=7; 담당부서=소설편집팀; 담당자=이선근,소설,소설편집팀,이선근
107917,[10%할인] 질풍권 (전6권 완결),[정산정보없음]_[10%할인] 질풍권 (전6권 완결),[10%할인] 질풍권 (전6권 완결),Y,live dry-run current_title 기준 정산정보없음 표식 추가. 지급정산관리_존재_채널수=0; 정산정보없음_채널수=2; 담당부서=소설편집팀; 담당자=이선근,소설,소설편집팀,이선근
107919,[10%할인]검무흔(개정판. 무삭제본),[정산정보없음]_[10%할인]검무흔(개정판. 무삭제본),[10%할인]검무흔(개정판. 무삭제본),Y,live dry-run current_title 기준 정산정보없음 표식 추가. 지급정산관리_존재_채널수=0; 정산정보없음_채널수=6; 담당부서=소설편집팀; 담당자=이선근,소설,소설편집팀,이선근
107940,[개정판]팝콘은 옥수수로 튀긴다,[정산정보없음]_[개정판]팝콘은 옥수수로 튀긴다,[개정판]팝콘은 옥수수로 튀긴다,Y,live dry-run current_title 기준 정산정보없음 표식 추가. 지급정산관리_존재_채널수=0; 정산정보없음_채널수=1; 담당부서=소설편집팀; 담당자=이선근,소설,소설편집팀,이선근
108462,[세트] 뱀파이어 보스 (전5권 완결),[정산정보없음]_[세트] 뱀파이어 보스 (전5권 완결),[세트] 뱀파이어 보스 (전5권 완결),Y,live dry-run current_title 기준 정산정보없음 표식 추가. 지급정산관리_존재_채널수=0; 정산정보없음_채널수=1; 담당부서=소설편집팀; 담당자=이선근,소설,소설편집팀,이선근
108473,[세트] 비밀 (전2권 완결),[정산정보없음]_[세트] 비밀 (전2권 완결),[세트] 비밀 (전2권 완결),Y,live dry-run current_title 기준 정산정보없음 표식 추가. 지급정산관리_존재_채널수=0; 정산정보없음_채널수=1; 담당부서=소설편집팀; 담당자=이선근,소설,소설편집팀,이선근
108557,[세트] 진천뇌협 (전6권 완결),[정산정보없음]_[세트] 진천뇌협 (전6권 완결),[세트] 진천뇌협 (전6권 완결),Y,live dry-run current_title 기준 정산정보없음 표식 추가. 지급정산관리_존재_채널수=0; 정산정보없음_채널수=1; 담당부서=소설편집팀; 담당자=이선근,소설,소설편집팀,이선근
108959,[세트]시나브로 성인 육감소설 중편선(전5권 완결),[정산정보없음]_[세트]시나브로 성인 육감소설 중편선(전5권 완결),[세트]시나브로 성인 육감소설 중편선(전5권 완결),Y,live dry-run current_title 기준 정산정보없음 표식 추가. 지급정산관리_존재_채널수=0; 정산정보없음_채널수=1; 담당부서=소설편집팀; 담당자=이선근,소설,소설편집팀,이선근
109190,[세트]칠기무제(무삭제 개정판)(전3권 완결),[정산정보없음]_[세트]칠기무제(무삭제 개정판)(전3권 완결),[세트]칠기무제(무삭제 개정판)(전3권 완결),Y,live dry-run current_title 기준 정산정보없음 표식 추가. 지급정산관리_존재_채널수=0; 정산정보없음_채널수=1; 담당부서=소설편집팀; 담당자=이선근,소설,소설편집팀,이선근
109364,[연재] 검한몽전,[정산정보없음]_[연재] 검한몽전,[연재] 검한몽전,Y,live dry-run current_title 기준 정산정보없음 표식 추가. 지급정산관리_존재_채널수=0; 정산정보없음_채널수=1; 담당부서=소설편집팀; 담당자=이선근,소설,소설편집팀,이선근
109421,[연재] 남해삼십육검,[정산정보없음]_[연재] 남해삼십육검,[연재] 남해삼십육검,Y,live dry-run current_title 기준 정산정보없음 표식 추가. 지급정산관리_존재_채널수=0; 정산정보없음_채널수=1; 담당부서=소설편집팀; 담당자=이선근,소설,소설편집팀,이선근
109544,[연재] 아이돌 공략법으로 데뷔합니다,[정산정보없음]_[연재] 아이돌 공략법으로 데뷔합니다,[연재] 아이돌 공략법으로 데뷔합니다,Y,live dry-run current_title 기준 정산정보없음 표식 추가. 지급정산관리_존재_채널수=0; 정산정보없음_채널수=10; 담당부서=소설편집팀; 담당자=이선근,소설,소설편집팀,이선근
109586,[연재] 일단 고등학생이 이계로 왔습니다만?,[정산정보없음]_[연재] 일단 고등학생이 이계로 왔습니다만?,[연재] 일단 고등학생이 이계로 왔습니다만?,Y,live dry-run current_title 기준 정산정보없음 표식 추가. 지급정산관리_존재_채널수=0; 정산정보없음_채널수=1; 담당부서=소설편집팀; 담당자=이선근,소설,소설편집팀,이선근
109637,[연재]폭풍야,[정산정보없음]_[연재]폭풍야,[연재]폭풍야,Y,live dry-run current_title 기준 정산정보없음 표식 추가. 지급정산관리_존재_채널수=0; 정산정보없음_채널수=1; 담당부서=소설편집팀; 담당자=이선근,소설,소설편집팀,이선근
109656,[연재]1위 할건데 불만이세요?,[정산정보없음]_[연재]1위 할건데 불만이세요?,[연재]1위 할건데 불만이세요?,Y,live dry-run current_title 기준 정산정보없음 표식 추가. 지급정산관리_존재_채널수=0; 정산정보없음_채널수=1; 담당부서=소설편집팀; 담당자=이선근,소설,소설편집팀,이선근
109779,[연재]능력 믿고 막 간다,[정산정보없음]_[연재]능력 믿고 막 간다,[연재]능력 믿고 막 간다,Y,live dry-run current_title 기준 정산정보없음 표식 추가. 지급정산관리_존재_채널수=0; 정산정보없음_채널수=8; 담당부서=소설편집팀; 담당자=이선근,소설,소설편집팀,이선근
109818,[연재]드림 컨트롤러,[정산정보없음]_[연재]드림 컨트롤러,[연재]드림 컨트롤러,Y,live dry-run current_title 기준 정산정보없음 표식 추가. 지급정산관리_존재_채널수=0; 정산정보없음_채널수=1; 담당부서=소설편집팀; 담당자=이선근,소설,소설편집팀,이선근
109919,[연재]베스트 단편 추리소설 걸작선,[정산정보없음]_[연재]베스트 단편 추리소설 걸작선,[연재]베스트 단편 추리소설 걸작선,Y,live dry-run current_title 기준 정산정보없음 표식 추가. 지급정산관리_존재_채널수=0; 정산정보없음_채널수=2; 담당부서=소설편집팀; 담당자=이선근,소설,소설편집팀,이선근
109927,[연재]복싱 가이드,[정산정보없음]_[연재]복싱 가이드,[연재]복싱 가이드,Y,live dry-run current_title 기준 정산정보없음 표식 추가. 지급정산관리_존재_채널수=0; 정산정보없음_채널수=1; 담당부서=소설편집팀; 담당자=이선근,소설,소설편집팀,이선근
109997,[연재]시스템 오류로 에이스 등극!,[정산정보없음]_[연재]시스템 오류로 에이스 등극!,[연재]시스템 오류로 에이스 등극!,Y,live dry-run current_title 기준 정산정보없음 표식 추가. 지급정산관리_존재_채널수=0; 정산정보없음_채널수=1; 담당부서=소설편집팀; 담당자=이선근,소설,소설편집팀,이선근
110155,[연재]제국의 연가,[정산정보없음]_[연재]제국의 연가,[연재]제국의 연가,Y,live dry-run current_title 기준 정산정보없음 표식 추가. 지급정산관리_존재_채널수=0; 정산정보없음_채널수=1; 담당부서=소설편집팀; 담당자=이선근,소설,소설편집팀,이선근
110188,[연재]짙은 유혹,[정산정보없음]_[연재]짙은 유혹,[연재]짙은 유혹,Y,live dry-run current_title 기준 정산정보없음 표식 추가. 지급정산관리_존재_채널수=0; 정산정보없음_채널수=1; 담당부서=소설편집팀; 담당자=이선근,소설,소설편집팀,이선근
110207,[연재]천마 재벌집 아들로 환생,[정산정보없음]_[연재]천마 재벌집 아들로 환생,[연재]천마 재벌집 아들로 환생,Y,live dry-run current_title 기준 정산정보없음 표식 추가. 지급정산관리_존재_채널수=0; 정산정보없음_채널수=1; 담당부서=소설편집팀; 담당자=이선근,소설,소설편집팀,이선근
110220,[연재]천애비검,[정산정보없음]_[연재]천애비검,[연재]천애비검,Y,live dry-run current_title 기준 정산정보없음 표식 추가. 지급정산관리_존재_채널수=0; 정산정보없음_채널수=1; 담당부서=소설편집팀; 담당자=이선근,소설,소설편집팀,이선근
110295,[연재]핵재벌 개망나니,[정산정보없음]_[연재]핵재벌 개망나니,[연재]핵재벌 개망나니,Y,live dry-run current_title 기준 정산정보없음 표식 추가. 지급정산관리_존재_채널수=0; 정산정보없음_채널수=1; 담당부서=소설편집팀; 담당자=이선근,소설,소설편집팀,이선근
110296,[연재]핵재벌이 돈을 숨김,[정산정보없음]_[연재]핵재벌이 돈을 숨김,[연재]핵재벌이 돈을 숨김,Y,live dry-run current_title 기준 정산정보없음 표식 추가. 지급정산관리_존재_채널수=0; 정산정보없음_채널수=1; 담당부서=소설편집팀; 담당자=이선근,소설,소설편집팀,이선근
110304,[연재]혈무연,[정산정보없음]_[연재]혈무연,[연재]혈무연,Y,live dry-run current_title 기준 정산정보없음 표식 추가. 지급정산관리_존재_채널수=0; 정산정보없음_채널수=1; 담당부서=소설편집팀; 담당자=이선근,소설,소설편집팀,이선근
110596,[카카오] 백치 공주 시리즈,[정산정보없음]_[카카오] 백치 공주 시리즈,[카카오] 백치 공주 시리즈,Y,live dry-run current_title 기준 정산정보없음 표식 추가. 지급정산관리_존재_채널수=0; 정산정보없음_채널수=2; 담당부서=소설편집팀; 담당자=이선근,소설,소설편집팀,이선근
110642,[카카오] 줍고보니 괴담백서,[정산정보없음]_[카카오] 줍고보니 괴담백서,[카카오] 줍고보니 괴담백서,Y,live dry-run current_title 기준 정산정보없음 표식 추가. 지급정산관리_존재_채널수=0; 정산정보없음_채널수=5; 담당부서=소설편집팀; 담당자=이선근,소설,소설편집팀,이선근
111009,[카카오창작지원금]레벨 업! 하는 식당,[정산정보없음]_[카카오창작지원금]레벨 업! 하는 식당,[카카오창작지원금]레벨 업! 하는 식당,Y,live dry-run current_title 기준 정산정보없음 표식 추가. 지급정산관리_존재_채널수=0; 정산정보없음_채널수=1; 담당부서=소설편집팀; 담당자=이선근,소설,소설편집팀,이선근
111033,[카카오창작지원금]초월자 어빈,[정산정보없음]_[카카오창작지원금]초월자 어빈,[카카오창작지원금]초월자 어빈,Y,live dry-run current_title 기준 정산정보없음 표식 추가. 지급정산관리_존재_채널수=0; 정산정보없음_채널수=1; 담당부서=소설편집팀; 담당자=이선근,소설,소설편집팀,이선근
111039,[카카오창작지원금]현대영웅전,[정산정보없음]_[카카오창작지원금]현대영웅전,[카카오창작지원금]현대영웅전,Y,live dry-run current_title 기준 정산정보없음 표식 추가. 지급정산관리_존재_채널수=0; 정산정보없음_채널수=1; 담당부서=소설편집팀; 담당자=이선근,소설,소설편집팀,이선근
111072,[판매중지]_하이북_천마겁(무삭제본),[정산정보없음]_[판매중지]_하이북_천마겁(무삭제본),[판매중지]_하이북_천마겁(무삭제본),Y,live dry-run current_title 기준 정산정보없음 표식 추가. 지급정산관리_존재_채널수=0; 정산정보없음_채널수=1; 담당부서=소설편집팀; 담당자=이선근,소설,소설편집팀,이선근
111111,1분 안에 숏타임 저질 성교,[정산정보없음]_1분 안에 숏타임 저질 성교,1분 안에 숏타임 저질 성교,Y,live dry-run current_title 기준 정산정보없음 표식 추가. 지급정산관리_존재_채널수=0; 정산정보없음_채널수=1; 담당부서=소설편집팀; 담당자=이선근,소설,소설편집팀,이선근
111114,2층 자위 여학생 농락,[정산정보없음]_2층 자위 여학생 농락,2층 자위 여학생 농락,Y,live dry-run current_title 기준 정산정보없음 표식 추가. 지급정산관리_존재_채널수=0; 정산정보없음_채널수=1; 담당부서=소설편집팀; 담당자=이선근,소설,소설편집팀,이선근
111138,Cool한 일처다부제를 지지한다,[정산정보없음]_Cool한 일처다부제를 지지한다,Cool한 일처다부제를 지지한다,Y,live dry-run current_title 기준 정산정보없음 표식 추가. 지급정산관리_존재_채널수=0; 정산정보없음_채널수=2; 담당부서=소설편집팀; 담당자=이선근,소설,소설편집팀,이선근
111141,Dear,[정산정보없음]_Dear,Dear,Y,live dry-run current_title 기준 정산정보없음 표식 추가. 지급정산관리_존재_채널수=0; 정산정보없음_채널수=1; 담당부서=소설편집팀; 담당자=이선근,소설,소설편집팀,이선근
111161,Moon,[정산정보없음]_Moon,Moon,Y,live dry-run current_title 기준 정산정보없음 표식 추가. 지급정산관리_존재_채널수=0; 정산정보없음_채널수=1; 담당부서=소설편집팀; 담당자=이선근,소설,소설편집팀,이선근
111207,가난한 남자,[정산정보없음]_가난한 남자,가난한 남자,Y,live dry-run current_title 기준 정산정보없음 표식 추가. 지급정산관리_존재_채널수=0; 정산정보없음_채널수=1; 담당부서=소설편집팀; 담당자=이선근,소설,소설편집팀,이선근
111260,감자,[정산정보없음]_감자,감자,Y,live dry-run current_title 기준 정산정보없음 표식 추가. 지급정산관리_존재_채널수=0; 정산정보없음_채널수=1; 담당부서=소설편집팀; 담당자=이선근,소설,소설편집팀,이선근
111305,거짓말,[정산정보없음]_거짓말,거짓말,Y,live dry-run current_title 기준 정산정보없음 표식 추가. 지급정산관리_존재_채널수=0; 정산정보없음_채널수=1; 담당부서=소설편집팀; 담당자=이선근,소설,소설편집팀,이선근
111330,검(劍),[정산정보없음]_검(劍),검(劍),Y,live dry-run current_title 기준 정산정보없음 표식 추가. 지급정산관리_존재_채널수=0; 정산정보없음_채널수=7; 담당부서=소설편집팀; 담당자=이선근,소설,소설편집팀,이선근
111345,검웅영제(무삭제 개정판),[정산정보없음]_검웅영제(무삭제 개정판),검웅영제(무삭제 개정판),Y,live dry-run current_title 기준 정산정보없음 표식 추가. 지급정산관리_존재_채널수=0; 정산정보없음_채널수=4; 담당부서=소설편집팀; 담당자=이선근,소설,소설편집팀,이선근
111350,검은 달의 전설,[정산정보없음]_검은 달의 전설,검은 달의 전설,Y,live dry-run current_title 기준 정산정보없음 표식 추가. 지급정산관리_존재_채널수=0; 정산정보없음_채널수=2; 담당부서=소설편집팀; 담당자=이선근,소설,소설편집팀,이선근
111371,검혼무,[정산정보없음]_검혼무,검혼무,Y,live dry-run current_title 기준 정산정보없음 표식 추가. 지급정산관리_존재_채널수=0; 정산정보없음_채널수=6; 담당부서=소설편집팀; 담당자=이선근,소설,소설편집팀,이선근
111406,결혼 5년차 성 보고서,[정산정보없음]_결혼 5년차 성 보고서,결혼 5년차 성 보고서,Y,live dry-run current_title 기준 정산정보없음 표식 추가. 지급정산관리_존재_채널수=0; 정산정보없음_채널수=1; 담당부서=소설편집팀; 담당자=이선근,소설,소설편집팀,이선근
111422,경국지색,[정산정보없음]_경국지색,경국지색,Y,live dry-run current_title 기준 정산정보없음 표식 추가. 지급정산관리_존재_채널수=0; 정산정보없음_채널수=1; 담당부서=소설편집팀; 담당자=이선근,소설,소설편집팀,이선근
111445,고검사우객,[정산정보없음]_고검사우객,고검사우객,Y,live dry-run current_title 기준 정산정보없음 표식 추가. 지급정산관리_존재_채널수=0; 정산정보없음_채널수=2; 담당부서=소설편집팀; 담당자=이선근,소설,소설편집팀,이선근
111465,고애,[정산정보없음]_고애,고애,Y,live dry-run current_title 기준 정산정보없음 표식 추가. 지급정산관리_존재_채널수=0; 정산정보없음_채널수=1; 담당부서=소설편집팀; 담당자=이선근,소설,소설편집팀,이선근
111467,고양이 여인,[정산정보없음]_고양이 여인,고양이 여인,Y,live dry-run current_title 기준 정산정보없음 표식 추가. 지급정산관리_존재_채널수=0; 정산정보없음_채널수=1; 담당부서=소설편집팀; 담당자=이선근,소설,소설편집팀,이선근
111529,과외선생,[정산정보없음]_과외선생,과외선생,Y,live dry-run current_title 기준 정산정보없음 표식 추가. 지급정산관리_존재_채널수=0; 정산정보없음_채널수=1; 담당부서=소설편집팀; 담당자=이선근,소설,소설편집팀,이선근
111556,광혈사혼무,[정산정보없음]_광혈사혼무,광혈사혼무,Y,live dry-run current_title 기준 정산정보없음 표식 추가. 지급정산관리_존재_채널수=0; 정산정보없음_채널수=5; 담당부서=소설편집팀; 담당자=이선근,소설,소설편집팀,이선근
111572,구룡겁,[정산정보없음]_구룡겁,구룡겁,Y,live dry-run current_title 기준 정산정보없음 표식 추가. 지급정산관리_존재_채널수=0; 정산정보없음_채널수=6; 담당부서=소설편집팀; 담당자=이선근,소설,소설편집팀,이선근
111607,군(軍),[정산정보없음]_군(軍),군(軍),Y,live dry-run current_title 기준 정산정보없음 표식 추가. 지급정산관리_존재_채널수=0; 정산정보없음_채널수=8; 담당부서=소설편집팀; 담당자=이선근,소설,소설편집팀,이선근
111633,권태,[정산정보없음]_권태,권태,Y,live dry-run current_title 기준 정산정보없음 표식 추가. 지급정산관리_존재_채널수=0; 정산정보없음_채널수=1; 담당부서=소설편집팀; 담당자=이선근,소설,소설편집팀,이선근
111648,귀혼열,[정산정보없음]_귀혼열,귀혼열,Y,live dry-run current_title 기준 정산정보없음 표식 추가. 지급정산관리_존재_채널수=0; 정산정보없음_채널수=1; 담당부서=소설편집팀; 담당자=이선근,소설,소설편집팀,이선근
111670,그 밤의 사정,[정산정보없음]_그 밤의 사정,그 밤의 사정,Y,live dry-run current_title 기준 정산정보없음 표식 추가. 지급정산관리_존재_채널수=0; 정산정보없음_채널수=1; 담당부서=소설편집팀; 담당자=이선근,소설,소설편집팀,이선근
111725,그녀의 못된 거짓말,[정산정보없음]_그녀의 못된 거짓말,그녀의 못된 거짓말,Y,live dry-run current_title 기준 정산정보없음 표식 추가. 지급정산관리_존재_채널수=0; 정산정보없음_채널수=1; 담당부서=소설편집팀; 담당자=이선근,소설,소설편집팀,이선근
111747,그대와같이걸어요,[정산정보없음]_그대와같이걸어요,그대와같이걸어요,Y,live dry-run current_title 기준 정산정보없음 표식 추가. 지급정산관리_존재_채널수=0; 정산정보없음_채널수=1; 담당부서=소설편집팀; 담당자=이선근,소설,소설편집팀,이선근
111770,그리움도 쌓이면 짐이 된다,[정산정보없음]_그리움도 쌓이면 짐이 된다,그리움도 쌓이면 짐이 된다,Y,live dry-run current_title 기준 정산정보없음 표식 추가. 지급정산관리_존재_채널수=0; 정산정보없음_채널수=1; 담당부서=소설편집팀; 담당자=이선근,소설,소설편집팀,이선근
111821,금황,[정산정보없음]_금황,금황,Y,live dry-run current_title 기준 정산정보없음 표식 추가. 지급정산관리_존재_채널수=0; 정산정보없음_채널수=5; 담당부서=소설편집팀; 담당자=이선근,소설,소설편집팀,이선근
111850,길들이는 겁니까? 세트,[정산정보없음]_길들이는 겁니까? 세트,길들이는 겁니까? 세트,Y,live dry-run current_title 기준 정산정보없음 표식 추가. 지급정산관리_존재_채널수=0; 정산정보없음_채널수=1; 담당부서=소설편집팀; 담당자=이선근,소설,소설편집팀,이선근
111856,길에서 주운 사랑,[정산정보없음]_길에서 주운 사랑,길에서 주운 사랑,Y,live dry-run current_title 기준 정산정보없음 표식 추가. 지급정산관리_존재_채널수=0; 정산정보없음_채널수=1; 담당부서=소설편집팀; 담당자=이선근,소설,소설편집팀,이선근
111893,꿈 속의 정사,[정산정보없음]_꿈 속의 정사,꿈 속의 정사,Y,live dry-run current_title 기준 정산정보없음 표식 추가. 지급정산관리_존재_채널수=0; 정산정보없음_채널수=1; 담당부서=소설편집팀; 담당자=이선근,소설,소설편집팀,이선근
111901,꿈의 맛(외전증보판),[정산정보없음]_꿈의 맛(외전증보판),꿈의 맛(외전증보판),Y,live dry-run current_title 기준 정산정보없음 표식 추가. 지급정산관리_존재_채널수=0; 정산정보없음_채널수=4; 담당부서=소설편집팀; 담당자=이선근,소설,소설편집팀,이선근
111906,끝내 사랑하다,[정산정보없음]_끝내 사랑하다,끝내 사랑하다,Y,live dry-run current_title 기준 정산정보없음 표식 추가. 지급정산관리_존재_채널수=0; 정산정보없음_채널수=1; 담당부서=소설편집팀; 담당자=이선근,소설,소설편집팀,이선근
111924,나는 조선의 국모다,[정산정보없음]_나는 조선의 국모다,나는 조선의 국모다,Y,live dry-run current_title 기준 정산정보없음 표식 추가. 지급정산관리_존재_채널수=0; 정산정보없음_채널수=1; 담당부서=소설편집팀; 담당자=이선근,소설,소설편집팀,이선근
111989,남자 부르는 아랫도리,[정산정보없음]_남자 부르는 아랫도리,남자 부르는 아랫도리,Y,live dry-run current_title 기준 정산정보없음 표식 추가. 지급정산관리_존재_채널수=0; 정산정보없음_채널수=1; 담당부서=소설편집팀; 담당자=이선근,소설,소설편집팀,이선근
112014,남편 미행하다 벌려,[정산정보없음]_남편 미행하다 벌려,남편 미행하다 벌려,Y,live dry-run current_title 기준 정산정보없음 표식 추가. 지급정산관리_존재_채널수=0; 정산정보없음_채널수=1; 담당부서=소설편집팀; 담당자=이선근,소설,소설편집팀,이선근
112021,남편에 대한 복수,[정산정보없음]_남편에 대한 복수,남편에 대한 복수,Y,live dry-run current_title 기준 정산정보없음 표식 추가. 지급정산관리_존재_채널수=0; 정산정보없음_채널수=1; 담당부서=소설편집팀; 담당자=이선근,소설,소설편집팀,이선근
112049,내 사랑 미스터 바르셀로나,[정산정보없음]_내 사랑 미스터 바르셀로나,내 사랑 미스터 바르셀로나,Y,live dry-run current_title 기준 정산정보없음 표식 추가. 지급정산관리_존재_채널수=0; 정산정보없음_채널수=2; 담당부서=소설편집팀; 담당자=이선근,소설,소설편집팀,이선근
112190,노처녀 특별세일 기간,[정산정보없음]_노처녀 특별세일 기간,노처녀 특별세일 기간,Y,live dry-run current_title 기준 정산정보없음 표식 추가. 지급정산관리_존재_채널수=0; 정산정보없음_채널수=1; 담당부서=소설편집팀; 담당자=이선근,소설,소설편집팀,이선근
112219,뇌신혈,[정산정보없음]_뇌신혈,뇌신혈,Y,live dry-run current_title 기준 정산정보없음 표식 추가. 지급정산관리_존재_채널수=0; 정산정보없음_채널수=2; 담당부서=소설편집팀; 담당자=이선근,소설,소설편집팀,이선근
112272,능력 믿고 막 간다,[정산정보없음]_능력 믿고 막 간다,능력 믿고 막 간다,Y,live dry-run current_title 기준 정산정보없음 표식 추가. 지급정산관리_존재_채널수=0; 정산정보없음_채널수=29; 담당부서=소설편집팀; 담당자=이선근,소설,소설편집팀,이선근
112282,다리벌린 여자,[정산정보없음]_다리벌린 여자,다리벌린 여자,Y,live dry-run current_title 기준 정산정보없음 표식 추가. 지급정산관리_존재_채널수=0; 정산정보없음_채널수=1; 담당부서=소설편집팀; 담당자=이선근,소설,소설편집팀,이선근
112363,달빛 그림자 명림현,[정산정보없음]_달빛 그림자 명림현,달빛 그림자 명림현,Y,live dry-run current_title 기준 정산정보없음 표식 추가. 지급정산관리_존재_채널수=0; 정산정보없음_채널수=1; 담당부서=소설편집팀; 담당자=이선근,소설,소설편집팀,이선근
112440,대도란,[정산정보없음]_대도란,대도란,Y,live dry-run current_title 기준 정산정보없음 표식 추가. 지급정산관리_존재_채널수=0; 정산정보없음_채널수=2; 담당부서=소설편집팀; 담당자=이선근,소설,소설편집팀,이선근
112460,대상천하,[정산정보없음]_대상천하,대상천하,Y,live dry-run current_title 기준 정산정보없음 표식 추가. 지급정산관리_존재_채널수=0; 정산정보없음_채널수=8; 담당부서=소설편집팀; 담당자=이선근,소설,소설편집팀,이선근
112497,더 뜨겁게,[정산정보없음]_더 뜨겁게,더 뜨겁게,Y,live dry-run current_title 기준 정산정보없음 표식 추가. 지급정산관리_존재_채널수=0; 정산정보없음_채널수=3; 담당부서=소설편집팀; 담당자=이선근,소설,소설편집팀,이선근
112523,더치프,[정산정보없음]_더치프,더치프,Y,live dry-run current_title 기준 정산정보없음 표식 추가. 지급정산관리_존재_채널수=0; 정산정보없음_채널수=1; 담당부서=소설편집팀; 담당자=이선근,소설,소설편집팀,이선근
112588,독수혈랑,[정산정보없음]_독수혈랑,독수혈랑,Y,live dry-run current_title 기준 정산정보없음 표식 추가. 지급정산관리_존재_채널수=0; 정산정보없음_채널수=2; 담당부서=소설편집팀; 담당자=이선근,소설,소설편집팀,이선근
112608,동방의 혼,[정산정보없음]_동방의 혼,동방의 혼,Y,live dry-run current_title 기준 정산정보없음 표식 추가. 지급정산관리_존재_채널수=0; 정산정보없음_채널수=2; 담당부서=소설편집팀; 담당자=이선근,소설,소설편집팀,이선근
112620,동정남과 음란녀,[정산정보없음]_동정남과 음란녀,동정남과 음란녀,Y,live dry-run current_title 기준 정산정보없음 표식 추가. 지급정산관리_존재_채널수=0; 정산정보없음_채널수=1; 담당부서=소설편집팀; 담당자=이선근,소설,소설편집팀,이선근
112621,동정에 대한 기억,[정산정보없음]_동정에 대한 기억,동정에 대한 기억,Y,live dry-run current_title 기준 정산정보없음 표식 추가. 지급정산관리_존재_채널수=0; 정산정보없음_채널수=1; 담당부서=소설편집팀; 담당자=이선근,소설,소설편집팀,이선근
112686,디케의 심장,[정산정보없음]_디케의 심장,디케의 심장,Y,live dry-run current_title 기준 정산정보없음 표식 추가. 지급정산관리_존재_채널수=0; 정산정보없음_채널수=1; 담당부서=소설편집팀; 담당자=이선근,소설,소설편집팀,이선근
112849,마도일대기,[정산정보없음]_마도일대기,마도일대기,Y,live dry-run current_title 기준 정산정보없음 표식 추가. 지급정산관리_존재_채널수=0; 정산정보없음_채널수=2; 담당부서=소설편집팀; 담당자=이선근,소설,소설편집팀,이선근
112914,마황,[정산정보없음]_마황,마황,Y,live dry-run current_title 기준 정산정보없음 표식 추가. 지급정산관리_존재_채널수=0; 정산정보없음_채널수=7; 담당부서=소설편집팀; 담당자=이선근,소설,소설편집팀,이선근
112918,만강홍,[정산정보없음]_만강홍,만강홍,Y,live dry-run current_title 기준 정산정보없음 표식 추가. 지급정산관리_존재_채널수=0; 정산정보없음_채널수=6; 담당부서=소설편집팀; 담당자=이선근,소설,소설편집팀,이선근
112987,매화우,[정산정보없음]_매화우,매화우,Y,live dry-run current_title 기준 정산정보없음 표식 추가. 지급정산관리_존재_채널수=0; 정산정보없음_채널수=1; 담당부서=소설편집팀; 담당자=이선근,소설,소설편집팀,이선근
113055,묘연만왕,[정산정보없음]_묘연만왕,묘연만왕,Y,live dry-run current_title 기준 정산정보없음 표식 추가. 지급정산관리_존재_채널수=0; 정산정보없음_채널수=2; 담당부서=소설편집팀; 담당자=이선근,소설,소설편집팀,이선근
113074,무림귀공자,[정산정보없음]_무림귀공자,무림귀공자,Y,live dry-run current_title 기준 정산정보없음 표식 추가. 지급정산관리_존재_채널수=0; 정산정보없음_채널수=6; 담당부서=소설편집팀; 담당자=이선근,소설,소설편집팀,이선근
113094,무상검,[정산정보없음]_무상검,무상검,Y,live dry-run current_title 기준 정산정보없음 표식 추가. 지급정산관리_존재_채널수=0; 정산정보없음_채널수=2; 담당부서=소설편집팀; 담당자=이선근,소설,소설편집팀,이선근
113101,무심결,[정산정보없음]_무심결,무심결,Y,live dry-run current_title 기준 정산정보없음 표식 추가. 지급정산관리_존재_채널수=0; 정산정보없음_채널수=2; 담당부서=소설편집팀; 담당자=이선근,소설,소설편집팀,이선근
113218,밀풍대문,[정산정보없음]_밀풍대문,밀풍대문,Y,live dry-run current_title 기준 정산정보없음 표식 추가. 지급정산관리_존재_채널수=0; 정산정보없음_채널수=2; 담당부서=소설편집팀; 담당자=이선근,소설,소설편집팀,이선근
113308,백번째 남자,[정산정보없음]_백번째 남자,백번째 남자,Y,live dry-run current_title 기준 정산정보없음 표식 추가. 지급정산관리_존재_채널수=0; 정산정보없음_채널수=3; 담당부서=소설편집팀; 담당자=이선근,소설,소설편집팀,이선근
113333,백팔금수권,[정산정보없음]_백팔금수권,백팔금수권,Y,live dry-run current_title 기준 정산정보없음 표식 추가. 지급정산관리_존재_채널수=0; 정산정보없음_채널수=2; 담당부서=소설편집팀; 담당자=이선근,소설,소설편집팀,이선근
113408,봄날의 캐슬,[정산정보없음]_봄날의 캐슬,봄날의 캐슬,Y,live dry-run current_title 기준 정산정보없음 표식 추가. 지급정산관리_존재_채널수=0; 정산정보없음_채널수=1; 담당부서=소설편집팀; 담당자=이선근,소설,소설편집팀,이선근
113460,불륜 마인드,[정산정보없음]_불륜 마인드,불륜 마인드,Y,live dry-run current_title 기준 정산정보없음 표식 추가. 지급정산관리_존재_채널수=0; 정산정보없음_채널수=1; 담당부서=소설편집팀; 담당자=이선근,소설,소설편집팀,이선근
113461,불륜 마인드(개정판),[정산정보없음]_불륜 마인드(개정판),불륜 마인드(개정판),Y,live dry-run current_title 기준 정산정보없음 표식 추가. 지급정산관리_존재_채널수=0; 정산정보없음_채널수=2; 담당부서=소설편집팀; 담당자=이선근,소설,소설편집팀,이선근
113463,불멸의 새,[정산정보없음]_불멸의 새,불멸의 새,Y,live dry-run current_title 기준 정산정보없음 표식 추가. 지급정산관리_존재_채널수=0; 정산정보없음_채널수=1; 담당부서=소설편집팀; 담당자=이선근,소설,소설편집팀,이선근
113522,비누향,[정산정보없음]_비누향,비누향,Y,live dry-run current_title 기준 정산정보없음 표식 추가. 지급정산관리_존재_채널수=0; 정산정보없음_채널수=1; 담당부서=소설편집팀; 담당자=이선근,소설,소설편집팀,이선근
113544,비정혈루,[정산정보없음]_비정혈루,비정혈루,Y,live dry-run current_title 기준 정산정보없음 표식 추가. 지급정산관리_존재_채널수=0; 정산정보없음_채널수=2; 담당부서=소설편집팀; 담당자=이선근,소설,소설편집팀,이선근
113566,빨간 맛,[정산정보없음]_빨간 맛,빨간 맛,Y,live dry-run current_title 기준 정산정보없음 표식 추가. 지급정산관리_존재_채널수=0; 정산정보없음_채널수=1; 담당부서=소설편집팀; 담당자=이선근,소설,소설편집팀,이선근
113610,사랑방 아이돌,[정산정보없음]_사랑방 아이돌,사랑방 아이돌,Y,live dry-run current_title 기준 정산정보없음 표식 추가. 지급정산관리_존재_채널수=0; 정산정보없음_채널수=1; 담당부서=소설편집팀; 담당자=이선근,소설,소설편집팀,이선근
113754,삼랑소,[정산정보없음]_삼랑소,삼랑소,Y,live dry-run current_title 기준 정산정보없음 표식 추가. 지급정산관리_존재_채널수=0; 정산정보없음_채널수=8; 담당부서=소설편집팀; 담당자=이선근,소설,소설편집팀,이선근
113774,상처,[정산정보없음]_상처,상처,Y,live dry-run current_title 기준 정산정보없음 표식 추가. 지급정산관리_존재_채널수=0; 정산정보없음_채널수=1; 담당부서=소설편집팀; 담당자=이선근,소설,소설편집팀,이선근
113781,새벽의 오트,[정산정보없음]_새벽의 오트,새벽의 오트,Y,live dry-run current_title 기준 정산정보없음 표식 추가. 지급정산관리_존재_채널수=0; 정산정보없음_채널수=1; 담당부서=소설편집팀; 담당자=이선근,소설,소설편집팀,이선근
113787,색녀,[정산정보없음]_색녀,색녀,Y,live dry-run current_title 기준 정산정보없음 표식 추가. 지급정산관리_존재_채널수=0; 정산정보없음_채널수=1; 담당부서=소설편집팀; 담당자=이선근,소설,소설편집팀,이선근
113789,색녀 여사장의 유혹,[정산정보없음]_색녀 여사장의 유혹,색녀 여사장의 유혹,Y,live dry-run current_title 기준 정산정보없음 표식 추가. 지급정산관리_존재_채널수=0; 정산정보없음_채널수=1; 담당부서=소설편집팀; 담당자=이선근,소설,소설편집팀,이선근
113792,색마혈세전,[정산정보없음]_색마혈세전,색마혈세전,Y,live dry-run current_title 기준 정산정보없음 표식 추가. 지급정산관리_존재_채널수=0; 정산정보없음_채널수=1; 담당부서=소설편집팀; 담당자=이선근,소설,소설편집팀,이선근
113798,색황,[정산정보없음]_색황,색황,Y,live dry-run current_title 기준 정산정보없음 표식 추가. 지급정산관리_존재_채널수=0; 정산정보없음_채널수=1; 담당부서=소설편집팀; 담당자=이선근,소설,소설편집팀,이선근
113884,세상은 요지경(원제: 라 팔로마의 침묵),[정산정보없음]_세상은 요지경(원제: 라 팔로마의 침묵),세상은 요지경(원제: 라 팔로마의 침묵),Y,live dry-run current_title 기준 정산정보없음 표식 추가. 지급정산관리_존재_채널수=0; 정산정보없음_채널수=1; 담당부서=소설편집팀; 담당자=이선근,소설,소설편집팀,이선근
113911,소규모 문제아 학원,[정산정보없음]_소규모 문제아 학원,소규모 문제아 학원,Y,live dry-run current_title 기준 정산정보없음 표식 추가. 지급정산관리_존재_채널수=0; 정산정보없음_채널수=1; 담당부서=소설편집팀; 담당자=이선근,소설,소설편집팀,이선근
113925,소리 없이,[정산정보없음]_소리 없이,소리 없이,Y,live dry-run current_title 기준 정산정보없음 표식 추가. 지급정산관리_존재_채널수=0; 정산정보없음_채널수=1; 담당부서=소설편집팀; 담당자=이선근,소설,소설편집팀,이선근
113976,소야,[정산정보없음]_소야,소야,Y,live dry-run current_title 기준 정산정보없음 표식 추가. 지급정산관리_존재_채널수=0; 정산정보없음_채널수=1; 담당부서=소설편집팀; 담당자=이선근,소설,소설편집팀,이선근
113988,속 깊은 승은상궁 외전,[정산정보없음]_속 깊은 승은상궁 외전,속 깊은 승은상궁 외전,Y,live dry-run current_title 기준 정산정보없음 표식 추가. 지급정산관리_존재_채널수=0; 정산정보없음_채널수=1; 담당부서=소설편집팀; 담당자=이선근,소설,소설편집팀,이선근
114018,순서 바꾸기,[정산정보없음]_순서 바꾸기,순서 바꾸기,Y,live dry-run current_title 기준 정산정보없음 표식 추가. 지급정산관리_존재_채널수=0; 정산정보없음_채널수=1; 담당부서=소설편집팀; 담당자=이선근,소설,소설편집팀,이선근
114029,숨 막히도록(외전증보판),[정산정보없음]_숨 막히도록(외전증보판),숨 막히도록(외전증보판),Y,live dry-run current_title 기준 정산정보없음 표식 추가. 지급정산관리_존재_채널수=0; 정산정보없음_채널수=1; 담당부서=소설편집팀; 담당자=이선근,소설,소설편집팀,이선근
114040,숨이 멎을 듯,[정산정보없음]_숨이 멎을 듯,숨이 멎을 듯,Y,live dry-run current_title 기준 정산정보없음 표식 추가. 지급정산관리_존재_채널수=0; 정산정보없음_채널수=1; 담당부서=소설편집팀; 담당자=이선근,소설,소설편집팀,이선근
114074,스테로이드,[정산정보없음]_스테로이드,스테로이드,Y,live dry-run current_title 기준 정산정보없음 표식 추가. 지급정산관리_존재_채널수=0; 정산정보없음_채널수=1; 담당부서=소설편집팀; 담당자=이선근,소설,소설편집팀,이선근
114096,시나브로 성인 감각소설 중편선,[정산정보없음]_시나브로 성인 감각소설 중편선,시나브로 성인 감각소설 중편선,Y,live dry-run current_title 기준 정산정보없음 표식 추가. 지급정산관리_존재_채널수=0; 정산정보없음_채널수=2; 담당부서=소설편집팀; 담당자=이선근,소설,소설편집팀,이선근
114168,신혼만 원하는 여자(외전증보판),[정산정보없음]_신혼만 원하는 여자(외전증보판),신혼만 원하는 여자(외전증보판),Y,live dry-run current_title 기준 정산정보없음 표식 추가. 지급정산관리_존재_채널수=0; 정산정보없음_채널수=1; 담당부서=소설편집팀; 담당자=이선근,소설,소설편집팀,이선근
114193,십교종사,[정산정보없음]_십교종사,십교종사,Y,live dry-run current_title 기준 정산정보없음 표식 추가. 지급정산관리_존재_채널수=0; 정산정보없음_채널수=8; 담당부서=소설편집팀; 담당자=이선근,소설,소설편집팀,이선근
114202,십색전기,[정산정보없음]_십색전기,십색전기,Y,live dry-run current_title 기준 정산정보없음 표식 추가. 지급정산관리_존재_채널수=0; 정산정보없음_채널수=1; 담당부서=소설편집팀; 담당자=이선근,소설,소설편집팀,이선근
114204,십왕책(개정판),[정산정보없음]_십왕책(개정판),십왕책(개정판),Y,live dry-run current_title 기준 정산정보없음 표식 추가. 지급정산관리_존재_채널수=0; 정산정보없음_채널수=7; 담당부서=소설편집팀; 담당자=이선근,소설,소설편집팀,이선근
114261,아름다운 날들의 고백(개정판),[정산정보없음]_아름다운 날들의 고백(개정판),아름다운 날들의 고백(개정판),Y,live dry-run current_title 기준 정산정보없음 표식 추가. 지급정산관리_존재_채널수=0; 정산정보없음_채널수=2; 담당부서=소설편집팀; 담당자=이선근,소설,소설편집팀,이선근
114422,야야(野爺),[정산정보없음]_야야(野爺),야야(野爺),Y,live dry-run current_title 기준 정산정보없음 표식 추가. 지급정산관리_존재_채널수=0; 정산정보없음_채널수=1; 담당부서=소설편집팀; 담당자=이선근,소설,소설편집팀,이선근
114493,"에로틱 고스트, 블루","[정산정보없음]_에로틱 고스트, 블루","에로틱 고스트, 블루",Y,live dry-run current_title 기준 정산정보없음 표식 추가. 지급정산관리_존재_채널수=0; 정산정보없음_채널수=1; 담당부서=소설편집팀; 담당자=이선근,소설,소설편집팀,이선근
114555,여탐정 최유리 시리즈,[정산정보없음]_여탐정 최유리 시리즈,여탐정 최유리 시리즈,Y,live dry-run current_title 기준 정산정보없음 표식 추가. 지급정산관리_존재_채널수=0; 정산정보없음_채널수=2; 담당부서=소설편집팀; 담당자=이선근,소설,소설편집팀,이선근
114573,"연(連), 피어오르다 합본","[정산정보없음]_연(連), 피어오르다 합본","연(連), 피어오르다 합본",Y,live dry-run current_title 기준 정산정보없음 표식 추가. 지급정산관리_존재_채널수=0; 정산정보없음_채널수=1; 담당부서=소설편집팀; 담당자=이선근,소설,소설편집팀,이선근
114598,연애학점 2.3,[정산정보없음]_연애학점 2.3,연애학점 2.3,Y,live dry-run current_title 기준 정산정보없음 표식 추가. 지급정산관리_존재_채널수=0; 정산정보없음_채널수=1; 담당부서=소설편집팀; 담당자=이선근,소설,소설편집팀,이선근
114611,열기(熱氣),[정산정보없음]_열기(熱氣),열기(熱氣),Y,live dry-run current_title 기준 정산정보없음 표식 추가. 지급정산관리_존재_채널수=0; 정산정보없음_채널수=1; 담당부서=소설편집팀; 담당자=이선근,소설,소설편집팀,이선근
114624,"열아홉, 너에게","[정산정보없음]_열아홉, 너에게","열아홉, 너에게",Y,live dry-run current_title 기준 정산정보없음 표식 추가. 지급정산관리_존재_채널수=0; 정산정보없음_채널수=1; 담당부서=소설편집팀; 담당자=이선근,소설,소설편집팀,이선근
114714,올 때 메론바! 합본,[정산정보없음]_올 때 메론바! 합본,올 때 메론바! 합본,Y,live dry-run current_title 기준 정산정보없음 표식 추가. 지급정산관리_존재_채널수=0; 정산정보없음_채널수=1; 담당부서=소설편집팀; 담당자=이선근,소설,소설편집팀,이선근
114749,외도의 흔적,[정산정보없음]_외도의 흔적,외도의 흔적,Y,live dry-run current_title 기준 정산정보없음 표식 추가. 지급정산관리_존재_채널수=0; 정산정보없음_채널수=1; 담당부서=소설편집팀; 담당자=이선근,소설,소설편집팀,이선근
114801,용투야,[정산정보없음]_용투야,용투야,Y,live dry-run current_title 기준 정산정보없음 표식 추가. 지급정산관리_존재_채널수=0; 정산정보없음_채널수=7; 담당부서=소설편집팀; 담당자=이선근,소설,소설편집팀,이선근
114854,원월만도,[정산정보없음]_원월만도,원월만도,Y,live dry-run current_title 기준 정산정보없음 표식 추가. 지급정산관리_존재_채널수=0; 정산정보없음_채널수=2; 담당부서=소설편집팀; 담당자=이선근,소설,소설편집팀,이선근
114877,위소보전,[정산정보없음]_위소보전,위소보전,Y,live dry-run current_title 기준 정산정보없음 표식 추가. 지급정산관리_존재_채널수=0; 정산정보없음_채널수=2; 담당부서=소설편집팀; 담당자=이선근,소설,소설편집팀,이선근
114899,유견추월심망연,[정산정보없음]_유견추월심망연,유견추월심망연,Y,live dry-run current_title 기준 정산정보없음 표식 추가. 지급정산관리_존재_채널수=0; 정산정보없음_채널수=2; 담당부서=소설편집팀; 담당자=이선근,소설,소설편집팀,이선근
114905,유령의 노래,[정산정보없음]_유령의 노래,유령의 노래,Y,live dry-run current_title 기준 정산정보없음 표식 추가. 지급정산관리_존재_채널수=0; 정산정보없음_채널수=1; 담당부서=소설편집팀; 담당자=이선근,소설,소설편집팀,이선근
114922,유혹하는 겁니까? 합본,[정산정보없음]_유혹하는 겁니까? 합본,유혹하는 겁니까? 합본,Y,live dry-run current_title 기준 정산정보없음 표식 추가. 지급정산관리_존재_채널수=0; 정산정보없음_채널수=2; 담당부서=소설편집팀; 담당자=이선근,소설,소설편집팀,이선근
114933,은밀하게 섹시하게 (무삭제),[정산정보없음]_은밀하게 섹시하게 (무삭제),은밀하게 섹시하게 (무삭제),Y,live dry-run current_title 기준 정산정보없음 표식 추가. 지급정산관리_존재_채널수=0; 정산정보없음_채널수=1; 담당부서=소설편집팀; 담당자=이선근,소설,소설편집팀,이선근
115254,적애 합본(개정판),[정산정보없음]_적애 합본(개정판),적애 합본(개정판),Y,live dry-run current_title 기준 정산정보없음 표식 추가. 지급정산관리_존재_채널수=0; 정산정보없음_채널수=1; 담당부서=소설편집팀; 담당자=이선근,소설,소설편집팀,이선근
115261,적화랑,[정산정보없음]_적화랑,적화랑,Y,live dry-run current_title 기준 정산정보없음 표식 추가. 지급정산관리_존재_채널수=0; 정산정보없음_채널수=2; 담당부서=소설편집팀; 담당자=이선근,소설,소설편집팀,이선근
115305,절대마조,[정산정보없음]_절대마조,절대마조,Y,live dry-run current_title 기준 정산정보없음 표식 추가. 지급정산관리_존재_채널수=0; 정산정보없음_채널수=8; 담당부서=소설편집팀; 담당자=이선근,소설,소설편집팀,이선근
115311,절대쌍웅,[정산정보없음]_절대쌍웅,절대쌍웅,Y,live dry-run current_title 기준 정산정보없음 표식 추가. 지급정산관리_존재_채널수=0; 정산정보없음_채널수=7; 담당부서=소설편집팀; 담당자=이선근,소설,소설편집팀,이선근
115366,제세성존,[정산정보없음]_제세성존,제세성존,Y,live dry-run current_title 기준 정산정보없음 표식 추가. 지급정산관리_존재_채널수=0; 정산정보없음_채널수=1; 담당부서=소설편집팀; 담당자=이선근,소설,소설편집팀,이선근
115374,제우스에게붙잡히다,[정산정보없음]_제우스에게붙잡히다,제우스에게붙잡히다,Y,live dry-run current_title 기준 정산정보없음 표식 추가. 지급정산관리_존재_채널수=0; 정산정보없음_채널수=1; 담당부서=소설편집팀; 담당자=이선근,소설,소설편집팀,이선근
115377,조선의 카사노바 소금장수 김생,[정산정보없음]_조선의 카사노바 소금장수 김생,조선의 카사노바 소금장수 김생,Y,live dry-run current_title 기준 정산정보없음 표식 추가. 지급정산관리_존재_채널수=0; 정산정보없음_채널수=1; 담당부서=소설편집팀; 담당자=이선근,소설,소설편집팀,이선근
115441,지독한 거짓말,[정산정보없음]_지독한 거짓말,지독한 거짓말,Y,live dry-run current_title 기준 정산정보없음 표식 추가. 지급정산관리_존재_채널수=0; 정산정보없음_채널수=1; 담당부서=소설편집팀; 담당자=이선근,소설,소설편집팀,이선근
115450,지상의 낙원,[정산정보없음]_지상의 낙원,지상의 낙원,Y,live dry-run current_title 기준 정산정보없음 표식 추가. 지급정산관리_존재_채널수=0; 정산정보없음_채널수=1; 담당부서=소설편집팀; 담당자=이선근,소설,소설편집팀,이선근
115558,천검후,[정산정보없음]_천검후,천검후,Y,live dry-run current_title 기준 정산정보없음 표식 추가. 지급정산관리_존재_채널수=0; 정산정보없음_채널수=1; 담당부서=소설편집팀; 담당자=이선근,소설,소설편집팀,이선근
115591,천마겁(무삭제본),[정산정보없음]_천마겁(무삭제본),천마겁(무삭제본),Y,live dry-run current_title 기준 정산정보없음 표식 추가. 지급정산관리_존재_채널수=0; 정산정보없음_채널수=4; 담당부서=소설편집팀; 담당자=이선근,소설,소설편집팀,이선근
115601,천마옥,[정산정보없음]_천마옥,천마옥,Y,live dry-run current_title 기준 정산정보없음 표식 추가. 지급정산관리_존재_채널수=0; 정산정보없음_채널수=1; 담당부서=소설편집팀; 담당자=이선근,소설,소설편집팀,이선근
115620,천산뇌신,[정산정보없음]_천산뇌신,천산뇌신,Y,live dry-run current_title 기준 정산정보없음 표식 추가. 지급정산관리_존재_채널수=0; 정산정보없음_채널수=1; 담당부서=소설편집팀; 담당자=이선근,소설,소설편집팀,이선근
115642,천원만리추,[정산정보없음]_천원만리추,천원만리추,Y,live dry-run current_title 기준 정산정보없음 표식 추가. 지급정산관리_존재_채널수=0; 정산정보없음_채널수=4; 담당부서=소설편집팀; 담당자=이선근,소설,소설편집팀,이선근
115643,천은마협기,[정산정보없음]_천은마협기,천은마협기,Y,live dry-run current_title 기준 정산정보없음 표식 추가. 지급정산관리_존재_채널수=0; 정산정보없음_채널수=1; 담당부서=소설편집팀; 담당자=이선근,소설,소설편집팀,이선근
115644,천의역근참수기,[정산정보없음]_천의역근참수기,천의역근참수기,Y,live dry-run current_title 기준 정산정보없음 표식 추가. 지급정산관리_존재_채널수=0; 정산정보없음_채널수=6; 담당부서=소설편집팀; 담당자=이선근,소설,소설편집팀,이선근
115659,천하군림가,[정산정보없음]_천하군림가,천하군림가,Y,live dry-run current_title 기준 정산정보없음 표식 추가. 지급정산관리_존재_채널수=0; 정산정보없음_채널수=6; 담당부서=소설편집팀; 담당자=이선근,소설,소설편집팀,이선근
115761,축제의 제목은 욕망(장님 악사),[정산정보없음]_축제의 제목은 욕망(장님 악사),축제의 제목은 욕망(장님 악사),Y,live dry-run current_title 기준 정산정보없음 표식 추가. 지급정산관리_존재_채널수=0; 정산정보없음_채널수=1; 담당부서=소설편집팀; 담당자=이선근,소설,소설편집팀,이선근
115791,치우검,[정산정보없음]_치우검,치우검,Y,live dry-run current_title 기준 정산정보없음 표식 추가. 지급정산관리_존재_채널수=0; 정산정보없음_채널수=1; 담당부서=소설편집팀; 담당자=이선근,소설,소설편집팀,이선근
115816,칠기무제(무삭제 개정판),[정산정보없음]_칠기무제(무삭제 개정판),칠기무제(무삭제 개정판),Y,live dry-run current_title 기준 정산정보없음 표식 추가. 지급정산관리_존재_채널수=0; 정산정보없음_채널수=4; 담당부서=소설편집팀; 담당자=이선근,소설,소설편집팀,이선근
115819,칠색무,[정산정보없음]_칠색무,칠색무,Y,live dry-run current_title 기준 정산정보없음 표식 추가. 지급정산관리_존재_채널수=0; 정산정보없음_채널수=5; 담당부서=소설편집팀; 담당자=이선근,소설,소설편집팀,이선근
115829,카르탄의 공주 (개정판),[정산정보없음]_카르탄의 공주 (개정판),카르탄의 공주 (개정판),Y,live dry-run current_title 기준 정산정보없음 표식 추가. 지급정산관리_존재_채널수=0; 정산정보없음_채널수=1; 담당부서=소설편집팀; 담당자=이선근,소설,소설편집팀,이선근
115889,키스더보이,[정산정보없음]_키스더보이,키스더보이,Y,live dry-run current_title 기준 정산정보없음 표식 추가. 지급정산관리_존재_채널수=0; 정산정보없음_채널수=1; 담당부서=소설편집팀; 담당자=이선근,소설,소설편집팀,이선근
115944,태양천자,[정산정보없음]_태양천자,태양천자,Y,live dry-run current_title 기준 정산정보없음 표식 추가. 지급정산관리_존재_채널수=0; 정산정보없음_채널수=8; 담당부서=소설편집팀; 담당자=이선근,소설,소설편집팀,이선근
115984,특별수업,[정산정보없음]_특별수업,특별수업,Y,live dry-run current_title 기준 정산정보없음 표식 추가. 지급정산관리_존재_채널수=0; 정산정보없음_채널수=1; 담당부서=소설편집팀; 담당자=이선근,소설,소설편집팀,이선근
116022,팔왕예조,[정산정보없음]_팔왕예조,팔왕예조,Y,live dry-run current_title 기준 정산정보없음 표식 추가. 지급정산관리_존재_채널수=0; 정산정보없음_채널수=8; 담당부서=소설편집팀; 담당자=이선근,소설,소설편집팀,이선근
116106,폭풍천마 3 완료,[정산정보없음]_폭풍천마 3 완료,폭풍천마 3 완료,Y,live dry-run current_title 기준 정산정보없음 표식 추가. 지급정산관리_존재_채널수=0; 정산정보없음_채널수=2; 담당부서=소설편집팀; 담당자=이선근,소설,소설편집팀,이선근
116136,풍수영웅전,[정산정보없음]_풍수영웅전,풍수영웅전,Y,live dry-run current_title 기준 정산정보없음 표식 추가. 지급정산관리_존재_채널수=0; 정산정보없음_채널수=3; 담당부서=소설편집팀; 담당자=이선근,소설,소설편집팀,이선근
116154,프라이데이 나잇,[정산정보없음]_프라이데이 나잇,프라이데이 나잇,Y,live dry-run current_title 기준 정산정보없음 표식 추가. 지급정산관리_존재_채널수=0; 정산정보없음_채널수=1; 담당부서=소설편집팀; 담당자=이선근,소설,소설편집팀,이선근
116179,피의 베일,[정산정보없음]_피의 베일,피의 베일,Y,live dry-run current_title 기준 정산정보없음 표식 추가. 지급정산관리_존재_채널수=0; 정산정보없음_채널수=1; 담당부서=소설편집팀; 담당자=이선근,소설,소설편집팀,이선근
116194,하숙생 섹스 다이어리,[정산정보없음]_하숙생 섹스 다이어리,하숙생 섹스 다이어리,Y,live dry-run current_title 기준 정산정보없음 표식 추가. 지급정산관리_존재_채널수=0; 정산정보없음_채널수=1; 담당부서=소설편집팀; 담당자=이선근,소설,소설편집팀,이선근
116315,혈무연,[정산정보없음]_혈무연,혈무연,Y,live dry-run current_title 기준 정산정보없음 표식 추가. 지급정산관리_존재_채널수=0; 정산정보없음_채널수=11; 담당부서=소설편집팀; 담당자=이선근,소설,소설편집팀,이선근
116442,황성고검,[정산정보없음]_황성고검,황성고검,Y,live dry-run current_title 기준 정산정보없음 표식 추가. 지급정산관리_존재_채널수=0; 정산정보없음_채널수=8; 담당부서=소설편집팀; 담당자=이선근,소설,소설편집팀,이선근
123695,원나잇 노썸씽,[정산정보없음]_원나잇 노썸씽,원나잇 노썸씽,Y,live dry-run current_title 기준 정산정보없음 표식 추가. 지급정산관리_존재_채널수=0; 정산정보없음_채널수=24; 담당부서=소설편집팀; 담당자=이선근,소설,소설편집팀,이선근
144455,HIDE & SEEK,[정산정보없음]_HIDE & SEEK,HIDE & SEEK,Y,live dry-run current_title 기준 정산정보없음 표식 추가. 지급정산관리_존재_채널수=0; 정산정보없음_채널수=1; 담당부서=소설편집팀; 담당자=이선근,소설,소설편집팀,이선근
160049,쾌도낭자,[정산정보없음]_쾌도낭자,쾌도낭자,Y,live dry-run current_title 기준 정산정보없음 표식 추가. 지급정산관리_존재_채널수=0; 정산정보없음_채널수=3; 담당부서=소설편집팀; 담당자=이선근,소설,소설편집팀,이선근
160065,금검지,[정산정보없음]_금검지,금검지,Y,live dry-run current_title 기준 정산정보없음 표식 추가. 지급정산관리_존재_채널수=0; 정산정보없음_채널수=4; 담당부서=소설편집팀; 담당자=이선근,소설,소설편집팀,이선근
160066,독검,[정산정보없음]_독검,독검,Y,live dry-run current_title 기준 정산정보없음 표식 추가. 지급정산관리_존재_채널수=0; 정산정보없음_채널수=4; 담당부서=소설편집팀; 담당자=이선근,소설,소설편집팀,이선근
160067,무림성,[정산정보없음]_무림성,무림성,Y,live dry-run current_title 기준 정산정보없음 표식 추가. 지급정산관리_존재_채널수=0; 정산정보없음_채널수=3; 담당부서=소설편집팀; 담당자=이선근,소설,소설편집팀,이선근
160068,용쟁혈투,[정산정보없음]_용쟁혈투,용쟁혈투,Y,live dry-run current_title 기준 정산정보없음 표식 추가. 지급정산관리_존재_채널수=0; 정산정보없음_채널수=3; 담당부서=소설편집팀; 담당자=이선근,소설,소설편집팀,이선근
160098,용병왕패러렐월드,[정산정보없음]_용병왕패러렐월드,용병왕패러렐월드,Y,live dry-run current_title 기준 정산정보없음 표식 추가. 지급정산관리_존재_채널수=0; 정산정보없음_채널수=1; 담당부서=소설편집팀; 담당자=이선근,소설,소설편집팀,이선근
160099,뇌전왕,[정산정보없음]_뇌전왕,뇌전왕,Y,live dry-run current_title 기준 정산정보없음 표식 추가. 지급정산관리_존재_채널수=0; 정산정보없음_채널수=2; 담당부서=소설편집팀; 담당자=이선근,소설,소설편집팀,이선근
160102,난장표,[정산정보없음]_난장표,난장표,Y,live dry-run current_title 기준 정산정보없음 표식 추가. 지급정산관리_존재_채널수=0; 정산정보없음_채널수=2; 담당부서=소설편집팀; 담당자=이선근,소설,소설편집팀,이선근
160109,더히어로즈,[정산정보없음]_더히어로즈,더히어로즈,Y,live dry-run current_title 기준 정산정보없음 표식 추가. 지급정산관리_존재_채널수=0; 정산정보없음_채널수=2; 담당부서=소설편집팀; 담당자=이선근,소설,소설편집팀,이선근
160118,레이어드,[정산정보없음]_레이어드,레이어드,Y,live dry-run current_title 기준 정산정보없음 표식 추가. 지급정산관리_존재_채널수=0; 정산정보없음_채널수=1; 담당부서=소설편집팀; 담당자=이선근,소설,소설편집팀,이선근
160123,타루폰카라얀,[정산정보없음]_타루폰카라얀,타루폰카라얀,Y,live dry-run current_title 기준 정산정보없음 표식 추가. 지급정산관리_존재_채널수=0; 정산정보없음_채널수=1; 담당부서=소설편집팀; 담당자=이선근,소설,소설편집팀,이선근
160130,은빛의세계,[정산정보없음]_은빛의세계,은빛의세계,Y,live dry-run current_title 기준 정산정보없음 표식 추가. 지급정산관리_존재_채널수=0; 정산정보없음_채널수=1; 담당부서=소설편집팀; 담당자=이선근,소설,소설편집팀,이선근
160150,매지컬샤인,[정산정보없음]_매지컬샤인,매지컬샤인,Y,live dry-run current_title 기준 정산정보없음 표식 추가. 지급정산관리_존재_채널수=0; 정산정보없음_채널수=2; 담당부서=소설편집팀; 담당자=이선근,소설,소설편집팀,이선근
160162,소림대협,[정산정보없음]_소림대협,소림대협,Y,live dry-run current_title 기준 정산정보없음 표식 추가. 지급정산관리_존재_채널수=0; 정산정보없음_채널수=10; 담당부서=소설편집팀; 담당자=이선근,소설,소설편집팀,이선근
160163,혈안은구,[정산정보없음]_혈안은구,혈안은구,Y,live dry-run current_title 기준 정산정보없음 표식 추가. 지급정산관리_존재_채널수=0; 정산정보없음_채널수=6; 담당부서=소설편집팀; 담당자=이선근,소설,소설편집팀,이선근
160164,흑검천하,[정산정보없음]_흑검천하,흑검천하,Y,live dry-run current_title 기준 정산정보없음 표식 추가. 지급정산관리_존재_채널수=0; 정산정보없음_채널수=3; 담당부서=소설편집팀; 담당자=이선근,소설,소설편집팀,이선근
160165,마두,[정산정보없음]_마두,마두,Y,live dry-run current_title 기준 정산정보없음 표식 추가. 지급정산관리_존재_채널수=0; 정산정보없음_채널수=7; 담당부서=소설편집팀; 담당자=이선근,소설,소설편집팀,이선근
160166,무유지,[정산정보없음]_무유지,무유지,Y,live dry-run current_title 기준 정산정보없음 표식 추가. 지급정산관리_존재_채널수=0; 정산정보없음_채널수=4; 담당부서=소설편집팀; 담당자=이선근,소설,소설편집팀,이선근
160168,철골빙심,[정산정보없음]_철골빙심,철골빙심,Y,live dry-run current_title 기준 정산정보없음 표식 추가. 지급정산관리_존재_채널수=0; 정산정보없음_채널수=3; 담당부서=소설편집팀; 담당자=이선근,소설,소설편집팀,이선근
160169,혈방,[정산정보없음]_혈방,혈방,Y,live dry-run current_title 기준 정산정보없음 표식 추가. 지급정산관리_존재_채널수=0; 정산정보없음_채널수=3; 담당부서=소설편집팀; 담당자=이선근,소설,소설편집팀,이선근
160170,협골단심,[정산정보없음]_협골단심,협골단심,Y,live dry-run current_title 기준 정산정보없음 표식 추가. 지급정산관리_존재_채널수=0; 정산정보없음_채널수=3; 담당부서=소설편집팀; 담당자=이선근,소설,소설편집팀,이선근
160172,냉홍검,[정산정보없음]_냉홍검,냉홍검,Y,live dry-run current_title 기준 정산정보없음 표식 추가. 지급정산관리_존재_채널수=0; 정산정보없음_채널수=4; 담당부서=소설편집팀; 담당자=이선근,소설,소설편집팀,이선근
160173,중원지,[정산정보없음]_중원지,중원지,Y,live dry-run current_title 기준 정산정보없음 표식 추가. 지급정산관리_존재_채널수=0; 정산정보없음_채널수=3; 담당부서=소설편집팀; 담당자=이선근,소설,소설편집팀,이선근
160174,신초류향,[정산정보없음]_신초류향,신초류향,Y,live dry-run current_title 기준 정산정보없음 표식 추가. 지급정산관리_존재_채널수=0; 정산정보없음_채널수=2; 담당부서=소설편집팀; 담당자=이선근,소설,소설편집팀,이선근
160175,신협,[정산정보없음]_신협,신협,Y,live dry-run current_title 기준 정산정보없음 표식 추가. 지급정산관리_존재_채널수=0; 정산정보없음_채널수=1; 담당부서=소설편집팀; 담당자=이선근,소설,소설편집팀,이선근
160177,고검기,[정산정보없음]_고검기,고검기,Y,live dry-run current_title 기준 정산정보없음 표식 추가. 지급정산관리_존재_채널수=0; 정산정보없음_채널수=4; 담당부서=소설편집팀; 담당자=이선근,소설,소설편집팀,이선근
246315,조선명탐정정약용-암행(暗行),[정산정보없음]_조선명탐정정약용-암행(暗行),조선명탐정정약용-암행(暗行),Y,live dry-run current_title 기준 정산정보없음 표식 추가. 지급정산관리_존재_채널수=0; 정산정보없음_채널수=4; 담당부서=소설편집팀; 담당자=이선근,소설,소설편집팀,이선근
246316,"보고싶은나라,알고싶은나라-태국","[정산정보없음]_보고싶은나라,알고싶은나라-태국","보고싶은나라,알고싶은나라-태국",Y,live dry-run current_title 기준 정산정보없음 표식 추가. 지급정산관리_존재_채널수=0; 정산정보없음_채널수=1; 담당부서=소설편집팀; 담당자=이선근,소설,소설편집팀,이선근
246317,사랑할땐왜눈을감는것일까?:별밤호기심물음대전원고,[정산정보없음]_사랑할땐왜눈을감는것일까?:별밤호기심물음대전원고,사랑할땐왜눈을감는것일까?:별밤호기심물음대전원고,Y,live dry-run current_title 기준 정산정보없음 표식 추가. 지급정산관리_존재_채널수=0; 정산정보없음_채널수=1; 담당부서=소설편집팀; 담당자=이선근,소설,소설편집팀,이선근
246323,"기사,그판타지의세계","[정산정보없음]_기사,그판타지의세계","기사,그판타지의세계",Y,live dry-run current_title 기준 정산정보없음 표식 추가. 지급정산관리_존재_채널수=0; 정산정보없음_채널수=1; 담당부서=소설편집팀; 담당자=이선근,소설,소설편집팀,이선근
246327,최고의다이아몬드:보석이야기,[정산정보없음]_최고의다이아몬드:보석이야기,최고의다이아몬드:보석이야기,Y,live dry-run current_title 기준 정산정보없음 표식 추가. 지급정산관리_존재_채널수=0; 정산정보없음_채널수=1; 담당부서=소설편집팀; 담당자=이선근,소설,소설편집팀,이선근
246328,최고의악인들,[정산정보없음]_최고의악인들,최고의악인들,Y,live dry-run current_title 기준 정산정보없음 표식 추가. 지급정산관리_존재_채널수=0; 정산정보없음_채널수=1; 담당부서=소설편집팀; 담당자=이선근,소설,소설편집팀,이선근
246329,보스의가정부,[정산정보없음]_보스의가정부,보스의가정부,Y,live dry-run current_title 기준 정산정보없음 표식 추가. 지급정산관리_존재_채널수=0; 정산정보없음_채널수=3; 담당부서=소설편집팀; 담당자=이선근,소설,소설편집팀,이선근
246330,삼인행,[정산정보없음]_삼인행,삼인행,Y,live dry-run current_title 기준 정산정보없음 표식 추가. 지급정산관리_존재_채널수=0; 정산정보없음_채널수=1; 담당부서=소설편집팀; 담당자=이선근,소설,소설편집팀,이선근
246333,"남과여,첫경험은어떻게다를까?","[정산정보없음]_남과여,첫경험은어떻게다를까?","남과여,첫경험은어떻게다를까?",Y,live dry-run current_title 기준 정산정보없음 표식 추가. 지급정산관리_존재_채널수=0; 정산정보없음_채널수=1; 담당부서=소설편집팀; 담당자=이선근,소설,소설편집팀,이선근
246334,"마약,천사의가루?:환각제","[정산정보없음]_마약,천사의가루?:환각제","마약,천사의가루?:환각제",Y,live dry-run current_title 기준 정산정보없음 표식 추가. 지급정산관리_존재_채널수=0; 정산정보없음_채널수=1; 담당부서=소설편집팀; 담당자=이선근,소설,소설편집팀,이선근
246336,혜정교살인사건,[정산정보없음]_혜정교살인사건,혜정교살인사건,Y,live dry-run current_title 기준 정산정보없음 표식 추가. 지급정산관리_존재_채널수=0; 정산정보없음_채널수=2; 담당부서=소설편집팀; 담당자=이선근,소설,소설편집팀,이선근
246339,개와고양이의진실,[정산정보없음]_개와고양이의진실,개와고양이의진실,Y,live dry-run current_title 기준 정산정보없음 표식 추가. 지급정산관리_존재_채널수=0; 정산정보없음_채널수=1; 담당부서=소설편집팀; 담당자=이선근,소설,소설편집팀,이선근
246340,사계절세계의축제,[정산정보없음]_사계절세계의축제,사계절세계의축제,Y,live dry-run current_title 기준 정산정보없음 표식 추가. 지급정산관리_존재_채널수=0; 정산정보없음_채널수=1; 담당부서=소설편집팀; 담당자=이선근,소설,소설편집팀,이선근
246341,신기한세상재미난이야기-학교이야기,[정산정보없음]_신기한세상재미난이야기-학교이야기,신기한세상재미난이야기-학교이야기,Y,live dry-run current_title 기준 정산정보없음 표식 추가. 지급정산관리_존재_채널수=0; 정산정보없음_채널수=1; 담당부서=소설편집팀; 담당자=이선근,소설,소설편집팀,이선근
246343,신기한세상재미난이야기-역사속의실패담,[정산정보없음]_신기한세상재미난이야기-역사속의실패담,신기한세상재미난이야기-역사속의실패담,Y,live dry-run current_title 기준 정산정보없음 표식 추가. 지급정산관리_존재_채널수=0; 정산정보없음_채널수=1; 담당부서=소설편집팀; 담당자=이선근,소설,소설편집팀,이선근
246344,신기한세상재미난이야기-자동차이야기,[정산정보없음]_신기한세상재미난이야기-자동차이야기,신기한세상재미난이야기-자동차이야기,Y,live dry-run current_title 기준 정산정보없음 표식 추가. 지급정산관리_존재_채널수=0; 정산정보없음_채널수=1; 담당부서=소설편집팀; 담당자=이선근,소설,소설편집팀,이선근
246345,신기한세상재미난이야기-초콜릿과아이스크림,[정산정보없음]_신기한세상재미난이야기-초콜릿과아이스크림,신기한세상재미난이야기-초콜릿과아이스크림,Y,live dry-run current_title 기준 정산정보없음 표식 추가. 지급정산관리_존재_채널수=0; 정산정보없음_채널수=1; 담당부서=소설편집팀; 담당자=이선근,소설,소설편집팀,이선근
246346,알고싶어요눈의미스테리:알고싶어요눈의잡학,[정산정보없음]_알고싶어요눈의미스테리:알고싶어요눈의잡학,알고싶어요눈의미스테리:알고싶어요눈의잡학,Y,live dry-run current_title 기준 정산정보없음 표식 추가. 지급정산관리_존재_채널수=0; 정산정보없음_채널수=1; 담당부서=소설편집팀; 담당자=이선근,소설,소설편집팀,이선근
246350,재미있는영어이야기-영어속담,[정산정보없음]_재미있는영어이야기-영어속담,재미있는영어이야기-영어속담,Y,live dry-run current_title 기준 정산정보없음 표식 추가. 지급정산관리_존재_채널수=0; 정산정보없음_채널수=1; 담당부서=소설편집팀; 담당자=이선근,소설,소설편집팀,이선근
246392,아동복사이즈그녀,[정산정보없음]_아동복사이즈그녀,아동복사이즈그녀,Y,live dry-run current_title 기준 정산정보없음 표식 추가. 지급정산관리_존재_채널수=0; 정산정보없음_채널수=1; 담당부서=소설편집팀; 담당자=이선근,소설,소설편집팀,이선근
246408,소크라테스(개정판),[정산정보없음]_소크라테스(개정판),소크라테스(개정판),Y,live dry-run current_title 기준 정산정보없음 표식 추가. 지급정산관리_존재_채널수=0; 정산정보없음_채널수=2; 담당부서=소설편집팀; 담당자=이선근,소설,소설편집팀,이선근
246634,조우,[정산정보없음]_조우,조우,Y,live dry-run current_title 기준 정산정보없음 표식 추가. 지급정산관리_존재_채널수=0; 정산정보없음_채널수=1; 담당부서=소설편집팀; 담당자=이선근,소설,소설편집팀,이선근
246656,균열을앓다,[정산정보없음]_균열을앓다,균열을앓다,Y,live dry-run current_title 기준 정산정보없음 표식 추가. 지급정산관리_존재_채널수=0; 정산정보없음_채널수=2; 담당부서=소설편집팀; 담당자=이선근,소설,소설편집팀,이선근
246909,불사종사령,[정산정보없음]_불사종사령,불사종사령,Y,live dry-run current_title 기준 정산정보없음 표식 추가. 지급정산관리_존재_채널수=0; 정산정보없음_채널수=1; 담당부서=소설편집팀; 담당자=이선근,소설,소설편집팀,이선근
246923,야생고양이,[정산정보없음]_야생고양이,야생고양이,Y,live dry-run current_title 기준 정산정보없음 표식 추가. 지급정산관리_존재_채널수=0; 정산정보없음_채널수=1; 담당부서=소설편집팀; 담당자=이선근,소설,소설편집팀,이선근
246945,금수사,[정산정보없음]_금수사,금수사,Y,live dry-run current_title 기준 정산정보없음 표식 추가. 지급정산관리_존재_채널수=0; 정산정보없음_채널수=4; 담당부서=소설편집팀; 담당자=이선근,소설,소설편집팀,이선근
246956,SinoftheCreationI,[정산정보없음]_SinoftheCreationI,SinoftheCreationI,Y,live dry-run current_title 기준 정산정보없음 표식 추가. 지급정산관리_존재_채널수=0; 정산정보없음_채널수=1; 담당부서=소설편집팀; 담당자=이선근,소설,소설편집팀,이선근
246977,악역이사는법,[정산정보없음]_악역이사는법,악역이사는법,Y,live dry-run current_title 기준 정산정보없음 표식 추가. 지급정산관리_존재_채널수=0; 정산정보없음_채널수=2; 담당부서=소설편집팀; 담당자=이선근,소설,소설편집팀,이선근
246987,까페라나,[정산정보없음]_까페라나,까페라나,Y,live dry-run current_title 기준 정산정보없음 표식 추가. 지급정산관리_존재_채널수=0; 정산정보없음_채널수=1; 담당부서=소설편집팀; 담당자=이선근,소설,소설편집팀,이선근
247004,섀도우월드,[정산정보없음]_섀도우월드,섀도우월드,Y,live dry-run current_title 기준 정산정보없음 표식 추가. 지급정산관리_존재_채널수=0; 정산정보없음_채널수=1; 담당부서=소설편집팀; 담당자=이선근,소설,소설편집팀,이선근
247064,황홀한악연(연재),[정산정보없음]_황홀한악연(연재),황홀한악연(연재),Y,live dry-run current_title 기준 정산정보없음 표식 추가. 지급정산관리_존재_채널수=0; 정산정보없음_채널수=1; 담당부서=소설편집팀; 담당자=이선근,소설,소설편집팀,이선근
247065,늑대와마법사와패치워크숲(연재),[정산정보없음]_늑대와마법사와패치워크숲(연재),늑대와마법사와패치워크숲(연재),Y,live dry-run current_title 기준 정산정보없음 표식 추가. 지급정산관리_존재_채널수=0; 정산정보없음_채널수=1; 담당부서=소설편집팀; 담당자=이선근,소설,소설편집팀,이선근
247101,신기한세상재미난이야기-남극탐험,[정산정보없음]_신기한세상재미난이야기-남극탐험,신기한세상재미난이야기-남극탐험,Y,live dry-run current_title 기준 정산정보없음 표식 추가. 지급정산관리_존재_채널수=0; 정산정보없음_채널수=1; 담당부서=소설편집팀; 담당자=이선근,소설,소설편집팀,이선근
247102,신기한세상재미난이야기-동화이야기,[정산정보없음]_신기한세상재미난이야기-동화이야기,신기한세상재미난이야기-동화이야기,Y,live dry-run current_title 기준 정산정보없음 표식 추가. 지급정산관리_존재_채널수=0; 정산정보없음_채널수=1; 담당부서=소설편집팀; 담당자=이선근,소설,소설편집팀,이선근
247103,신기한세상재미난이야기-맛있는식탁,[정산정보없음]_신기한세상재미난이야기-맛있는식탁,신기한세상재미난이야기-맛있는식탁,Y,live dry-run current_title 기준 정산정보없음 표식 추가. 지급정산관리_존재_채널수=0; 정산정보없음_채널수=1; 담당부서=소설편집팀; 담당자=이선근,소설,소설편집팀,이선근
247104,신기한세상재미난이야기-브랜드이야기,[정산정보없음]_신기한세상재미난이야기-브랜드이야기,신기한세상재미난이야기-브랜드이야기,Y,live dry-run current_title 기준 정산정보없음 표식 추가. 지급정산관리_존재_채널수=0; 정산정보없음_채널수=1; 담당부서=소설편집팀; 담당자=이선근,소설,소설편집팀,이선근
247105,신기한세상재미난이야기-스포츠이야기,[정산정보없음]_신기한세상재미난이야기-스포츠이야기,신기한세상재미난이야기-스포츠이야기,Y,live dry-run current_title 기준 정산정보없음 표식 추가. 지급정산관리_존재_채널수=0; 정산정보없음_채널수=1; 담당부서=소설편집팀; 담당자=이선근,소설,소설편집팀,이선근
247106,신기한세상재미난이야기-신기한세계풍속,[정산정보없음]_신기한세상재미난이야기-신기한세계풍속,신기한세상재미난이야기-신기한세계풍속,Y,live dry-run current_title 기준 정산정보없음 표식 추가. 지급정산관리_존재_채널수=0; 정산정보없음_채널수=1; 담당부서=소설편집팀; 담당자=이선근,소설,소설편집팀,이선근
247107,신기한세상재미난이야기-월드컵이야기,[정산정보없음]_신기한세상재미난이야기-월드컵이야기,신기한세상재미난이야기-월드컵이야기,Y,live dry-run current_title 기준 정산정보없음 표식 추가. 지급정산관리_존재_채널수=0; 정산정보없음_채널수=1; 담당부서=소설편집팀; 담당자=이선근,소설,소설편집팀,이선근
247108,신기한세상재미난이야기-이것이세계최초!,[정산정보없음]_신기한세상재미난이야기-이것이세계최초!,신기한세상재미난이야기-이것이세계최초!,Y,live dry-run current_title 기준 정산정보없음 표식 추가. 지급정산관리_존재_채널수=0; 정산정보없음_채널수=1; 담당부서=소설편집팀; 담당자=이선근,소설,소설편집팀,이선근
247109,신기한세상재미난이야기-진기한발명,[정산정보없음]_신기한세상재미난이야기-진기한발명,신기한세상재미난이야기-진기한발명,Y,live dry-run current_title 기준 정산정보없음 표식 추가. 지급정산관리_존재_채널수=0; 정산정보없음_채널수=1; 담당부서=소설편집팀; 담당자=이선근,소설,소설편집팀,이선근
247110,신기한세상재미난이야기-축제!기념일속으로!,[정산정보없음]_신기한세상재미난이야기-축제!기념일속으로!,신기한세상재미난이야기-축제!기념일속으로!,Y,live dry-run current_title 기준 정산정보없음 표식 추가. 지급정산관리_존재_채널수=0; 정산정보없음_채널수=1; 담당부서=소설편집팀; 담당자=이선근,소설,소설편집팀,이선근
247112,"창부,그렇지만미녀?","[정산정보없음]_창부,그렇지만미녀?","창부,그렇지만미녀?",Y,live dry-run current_title 기준 정산정보없음 표식 추가. 지급정산관리_존재_채널수=0; 정산정보없음_채널수=1; 담당부서=소설편집팀; 담당자=이선근,소설,소설편집팀,이선근
247125,나를변화시키는좋은습관(실천편),[정산정보없음]_나를변화시키는좋은습관(실천편),나를변화시키는좋은습관(실천편),Y,live dry-run current_title 기준 정산정보없음 표식 추가. 지급정산관리_존재_채널수=0; 정산정보없음_채널수=1; 담당부서=소설편집팀; 담당자=이선근,소설,소설편집팀,이선근
247134,등대,[정산정보없음]_등대,등대,Y,live dry-run current_title 기준 정산정보없음 표식 추가. 지급정산관리_존재_채널수=0; 정산정보없음_채널수=2; 담당부서=소설편집팀; 담당자=이선근,소설,소설편집팀,이선근
247158,황홀한악연외전,[정산정보없음]_황홀한악연외전,황홀한악연외전,Y,live dry-run current_title 기준 정산정보없음 표식 추가. 지급정산관리_존재_채널수=0; 정산정보없음_채널수=2; 담당부서=소설편집팀; 담당자=이선근,소설,소설편집팀,이선근
247163,좀비의사색,[정산정보없음]_좀비의사색,좀비의사색,Y,live dry-run current_title 기준 정산정보없음 표식 추가. 지급정산관리_존재_채널수=0; 정산정보없음_채널수=1; 담당부서=소설편집팀; 담당자=이선근,소설,소설편집팀,이선근
247168,간병인,[정산정보없음]_간병인,간병인,Y,live dry-run current_title 기준 정산정보없음 표식 추가. 지급정산관리_존재_채널수=0; 정산정보없음_채널수=1; 담당부서=소설편집팀; 담당자=이선근,소설,소설편집팀,이선근
247175,드보르작프로젝트,[정산정보없음]_드보르작프로젝트,드보르작프로젝트,Y,live dry-run current_title 기준 정산정보없음 표식 추가. 지급정산관리_존재_채널수=0; 정산정보없음_채널수=2; 담당부서=소설편집팀; 담당자=이선근,소설,소설편집팀,이선근
247178,매지컬리티,[정산정보없음]_매지컬리티,매지컬리티,Y,live dry-run current_title 기준 정산정보없음 표식 추가. 지급정산관리_존재_채널수=0; 정산정보없음_채널수=2; 담당부서=소설편집팀; 담당자=이선근,소설,소설편집팀,이선근
247180,뫼비우스의띠,[정산정보없음]_뫼비우스의띠,뫼비우스의띠,Y,live dry-run current_title 기준 정산정보없음 표식 추가. 지급정산관리_존재_채널수=0; 정산정보없음_채널수=1; 담당부서=소설편집팀; 담당자=이선근,소설,소설편집팀,이선근
247181,불타는야망의도박,[정산정보없음]_불타는야망의도박,불타는야망의도박,Y,live dry-run current_title 기준 정산정보없음 표식 추가. 지급정산관리_존재_채널수=0; 정산정보없음_채널수=2; 담당부서=소설편집팀; 담당자=이선근,소설,소설편집팀,이선근
247183,사막의나라물의신녀,[정산정보없음]_사막의나라물의신녀,사막의나라물의신녀,Y,live dry-run current_title 기준 정산정보없음 표식 추가. 지급정산관리_존재_채널수=0; 정산정보없음_채널수=1; 담당부서=소설편집팀; 담당자=이선근,소설,소설편집팀,이선근
247185,소울브로커,[정산정보없음]_소울브로커,소울브로커,Y,live dry-run current_title 기준 정산정보없음 표식 추가. 지급정산관리_존재_채널수=0; 정산정보없음_채널수=1; 담당부서=소설편집팀; 담당자=이선근,소설,소설편집팀,이선근
247186,"순진걸,세남자에게입술빼앗기다!","[정산정보없음]_순진걸,세남자에게입술빼앗기다!","순진걸,세남자에게입술빼앗기다!",Y,live dry-run current_title 기준 정산정보없음 표식 추가. 지급정산관리_존재_채널수=0; 정산정보없음_채널수=1; 담당부서=소설편집팀; 담당자=이선근,소설,소설편집팀,이선근
247188,애정모랄,[정산정보없음]_애정모랄,애정모랄,Y,live dry-run current_title 기준 정산정보없음 표식 추가. 지급정산관리_존재_채널수=0; 정산정보없음_채널수=1; 담당부서=소설편집팀; 담당자=이선근,소설,소설편집팀,이선근
247190,영웅의도시,[정산정보없음]_영웅의도시,영웅의도시,Y,live dry-run current_title 기준 정산정보없음 표식 추가. 지급정산관리_존재_채널수=0; 정산정보없음_채널수=1; 담당부서=소설편집팀; 담당자=이선근,소설,소설편집팀,이선근
247192,옷깃인연,[정산정보없음]_옷깃인연,옷깃인연,Y,live dry-run current_title 기준 정산정보없음 표식 추가. 지급정산관리_존재_채널수=0; 정산정보없음_채널수=1; 담당부서=소설편집팀; 담당자=이선근,소설,소설편집팀,이선근
247193,이사가는날,[정산정보없음]_이사가는날,이사가는날,Y,live dry-run current_title 기준 정산정보없음 표식 추가. 지급정산관리_존재_채널수=0; 정산정보없음_채널수=1; 담당부서=소설편집팀; 담당자=이선근,소설,소설편집팀,이선근
247195,이터,[정산정보없음]_이터,이터,Y,live dry-run current_title 기준 정산정보없음 표식 추가. 지급정산관리_존재_채널수=0; 정산정보없음_채널수=3; 담당부서=소설편집팀; 담당자=이선근,소설,소설편집팀,이선근
247205,카르딘,[정산정보없음]_카르딘,카르딘,Y,live dry-run current_title 기준 정산정보없음 표식 추가. 지급정산관리_존재_채널수=0; 정산정보없음_채널수=1; 담당부서=소설편집팀; 담당자=이선근,소설,소설편집팀,이선근
247206,트래블러,[정산정보없음]_트래블러,트래블러,Y,live dry-run current_title 기준 정산정보없음 표식 추가. 지급정산관리_존재_채널수=0; 정산정보없음_채널수=2; 담당부서=소설편집팀; 담당자=이선근,소설,소설편집팀,이선근
247208,"한살연하,꽃미남들과지금은동거중?!","[정산정보없음]_한살연하,꽃미남들과지금은동거중?!","한살연하,꽃미남들과지금은동거중?!",Y,live dry-run current_title 기준 정산정보없음 표식 추가. 지급정산관리_존재_채널수=0; 정산정보없음_채널수=1; 담당부서=소설편집팀; 담당자=이선근,소설,소설편집팀,이선근
247226,톨스토이의어떻게살것인가,[정산정보없음]_톨스토이의어떻게살것인가,톨스토이의어떻게살것인가,Y,live dry-run current_title 기준 정산정보없음 표식 추가. 지급정산관리_존재_채널수=0; 정산정보없음_채널수=1; 담당부서=소설편집팀; 담당자=이선근,소설,소설편집팀,이선근
247227,시집가기전에한번줘,[정산정보없음]_시집가기전에한번줘,시집가기전에한번줘,Y,live dry-run current_title 기준 정산정보없음 표식 추가. 지급정산관리_존재_채널수=0; 정산정보없음_채널수=1; 담당부서=소설편집팀; 담당자=이선근,소설,소설편집팀,이선근
247228,친구여자몽땅따먹기,[정산정보없음]_친구여자몽땅따먹기,친구여자몽땅따먹기,Y,live dry-run current_title 기준 정산정보없음 표식 추가. 지급정산관리_존재_채널수=0; 정산정보없음_채널수=1; 담당부서=소설편집팀; 담당자=이선근,소설,소설편집팀,이선근
247229,신체검사하다따먹기,[정산정보없음]_신체검사하다따먹기,신체검사하다따먹기,Y,live dry-run current_title 기준 정산정보없음 표식 추가. 지급정산관리_존재_채널수=0; 정산정보없음_채널수=1; 담당부서=소설편집팀; 담당자=이선근,소설,소설편집팀,이선근
247230,아들애인을범하다,[정산정보없음]_아들애인을범하다,아들애인을범하다,Y,live dry-run current_title 기준 정산정보없음 표식 추가. 지급정산관리_존재_채널수=0; 정산정보없음_채널수=1; 담당부서=소설편집팀; 담당자=이선근,소설,소설편집팀,이선근
247231,노래방도우미엄마친구를,[정산정보없음]_노래방도우미엄마친구를,노래방도우미엄마친구를,Y,live dry-run current_title 기준 정산정보없음 표식 추가. 지급정산관리_존재_채널수=0; 정산정보없음_채널수=1; 담당부서=소설편집팀; 담당자=이선근,소설,소설편집팀,이선근
247232,형부언니왔어빨리빼,[정산정보없음]_형부언니왔어빨리빼,형부언니왔어빨리빼,Y,live dry-run current_title 기준 정산정보없음 표식 추가. 지급정산관리_존재_채널수=0; 정산정보없음_채널수=1; 담당부서=소설편집팀; 담당자=이선근,소설,소설편집팀,이선근
247234,"당신,거기있어줄래요?","[정산정보없음]_당신,거기있어줄래요?","당신,거기있어줄래요?",Y,live dry-run current_title 기준 정산정보없음 표식 추가. 지급정산관리_존재_채널수=0; 정산정보없음_채널수=1; 담당부서=소설편집팀; 담당자=이선근,소설,소설편집팀,이선근
247238,자극적인모녀,[정산정보없음]_자극적인모녀,자극적인모녀,Y,live dry-run current_title 기준 정산정보없음 표식 추가. 지급정산관리_존재_채널수=0; 정산정보없음_채널수=1; 담당부서=소설편집팀; 담당자=이선근,소설,소설편집팀,이선근
247240,남편친구와,[정산정보없음]_남편친구와,남편친구와,Y,live dry-run current_title 기준 정산정보없음 표식 추가. 지급정산관리_존재_채널수=0; 정산정보없음_채널수=1; 담당부서=소설편집팀; 담당자=이선근,소설,소설편집팀,이선근
247241,섹스알바,[정산정보없음]_섹스알바,섹스알바,Y,live dry-run current_title 기준 정산정보없음 표식 추가. 지급정산관리_존재_채널수=0; 정산정보없음_채널수=1; 담당부서=소설편집팀; 담당자=이선근,소설,소설편집팀,이선근
247242,바람난새댁,[정산정보없음]_바람난새댁,바람난새댁,Y,live dry-run current_title 기준 정산정보없음 표식 추가. 지급정산관리_존재_채널수=0; 정산정보없음_채널수=1; 담당부서=소설편집팀; 담당자=이선근,소설,소설편집팀,이선근
247243,황홀한불륜,[정산정보없음]_황홀한불륜,황홀한불륜,Y,live dry-run current_title 기준 정산정보없음 표식 추가. 지급정산관리_존재_채널수=0; 정산정보없음_채널수=1; 담당부서=소설편집팀; 담당자=이선근,소설,소설편집팀,이선근
247263,"그들의일탈,그리고베스트셀러(무삭제판)","[정산정보없음]_그들의일탈,그리고베스트셀러(무삭제판)","그들의일탈,그리고베스트셀러(무삭제판)",Y,live dry-run current_title 기준 정산정보없음 표식 추가. 지급정산관리_존재_채널수=0; 정산정보없음_채널수=1; 담당부서=소설편집팀; 담당자=이선근,소설,소설편집팀,이선근
247264,나는블랙홀로간다,[정산정보없음]_나는블랙홀로간다,나는블랙홀로간다,Y,live dry-run current_title 기준 정산정보없음 표식 추가. 지급정산관리_존재_채널수=0; 정산정보없음_채널수=1; 담당부서=소설편집팀; 담당자=이선근,소설,소설편집팀,이선근
247266,리얼베드신(무삭제판),[정산정보없음]_리얼베드신(무삭제판),리얼베드신(무삭제판),Y,live dry-run current_title 기준 정산정보없음 표식 추가. 지급정산관리_존재_채널수=0; 정산정보없음_채널수=1; 담당부서=소설편집팀; 담당자=이선근,소설,소설편집팀,이선근
247267,세번의사랑,[정산정보없음]_세번의사랑,세번의사랑,Y,live dry-run current_title 기준 정산정보없음 표식 추가. 지급정산관리_존재_채널수=0; 정산정보없음_채널수=1; 담당부서=소설편집팀; 담당자=이선근,소설,소설편집팀,이선근
247269,연적(戀敵),[정산정보없음]_연적(戀敵),연적(戀敵),Y,live dry-run current_title 기준 정산정보없음 표식 추가. 지급정산관리_존재_채널수=0; 정산정보없음_채널수=1; 담당부서=소설편집팀; 담당자=이선근,소설,소설편집팀,이선근
247270,이죽일놈의욕망(무삭제판),[정산정보없음]_이죽일놈의욕망(무삭제판),이죽일놈의욕망(무삭제판),Y,live dry-run current_title 기준 정산정보없음 표식 추가. 지급정산관리_존재_채널수=0; 정산정보없음_채널수=1; 담당부서=소설편집팀; 담당자=이선근,소설,소설편집팀,이선근
247271,"제왕의첩,후궁","[정산정보없음]_제왕의첩,후궁","제왕의첩,후궁",Y,live dry-run current_title 기준 정산정보없음 표식 추가. 지급정산관리_존재_채널수=0; 정산정보없음_채널수=1; 담당부서=소설편집팀; 담당자=이선근,소설,소설편집팀,이선근
247272,관능의바람슬픈섹스(무삭제판),[정산정보없음]_관능의바람슬픈섹스(무삭제판),관능의바람슬픈섹스(무삭제판),Y,live dry-run current_title 기준 정산정보없음 표식 추가. 지급정산관리_존재_채널수=0; 정산정보없음_채널수=1; 담당부서=소설편집팀; 담당자=이선근,소설,소설편집팀,이선근
247273,동생여친모조리따먹기,[정산정보없음]_동생여친모조리따먹기,동생여친모조리따먹기,Y,live dry-run current_title 기준 정산정보없음 표식 추가. 지급정산관리_존재_채널수=0; 정산정보없음_채널수=1; 담당부서=소설편집팀; 담당자=이선근,소설,소설편집팀,이선근
247274,어떻게사랑해드릴까요?(무삭제판),[정산정보없음]_어떻게사랑해드릴까요?(무삭제판),어떻게사랑해드릴까요?(무삭제판),Y,live dry-run current_title 기준 정산정보없음 표식 추가. 지급정산관리_존재_채널수=0; 정산정보없음_채널수=1; 담당부서=소설편집팀; 담당자=이선근,소설,소설편집팀,이선근
247275,깊고붉은방(무삭제판),[정산정보없음]_깊고붉은방(무삭제판),깊고붉은방(무삭제판),Y,live dry-run current_title 기준 정산정보없음 표식 추가. 지급정산관리_존재_채널수=0; 정산정보없음_채널수=1; 담당부서=소설편집팀; 담당자=이선근,소설,소설편집팀,이선근
247276,네가대신넣어줄래?,[정산정보없음]_네가대신넣어줄래?,네가대신넣어줄래?,Y,live dry-run current_title 기준 정산정보없음 표식 추가. 지급정산관리_존재_채널수=0; 정산정보없음_채널수=1; 담당부서=소설편집팀; 담당자=이선근,소설,소설편집팀,이선근
247277,도발적인형수의자위,[정산정보없음]_도발적인형수의자위,도발적인형수의자위,Y,live dry-run current_title 기준 정산정보없음 표식 추가. 지급정산관리_존재_채널수=0; 정산정보없음_채널수=1; 담당부서=소설편집팀; 담당자=이선근,소설,소설편집팀,이선근
247278,언제까지훔쳐볼거야,[정산정보없음]_언제까지훔쳐볼거야,언제까지훔쳐볼거야,Y,live dry-run current_title 기준 정산정보없음 표식 추가. 지급정산관리_존재_채널수=0; 정산정보없음_채널수=1; 담당부서=소설편집팀; 담당자=이선근,소설,소설편집팀,이선근
247279,에로틱천사와의섹스,[정산정보없음]_에로틱천사와의섹스,에로틱천사와의섹스,Y,live dry-run current_title 기준 정산정보없음 표식 추가. 지급정산관리_존재_채널수=0; 정산정보없음_채널수=1; 담당부서=소설편집팀; 담당자=이선근,소설,소설편집팀,이선근
247280,오누이끼리이럼안되잖아,[정산정보없음]_오누이끼리이럼안되잖아,오누이끼리이럼안되잖아,Y,live dry-run current_title 기준 정산정보없음 표식 추가. 지급정산관리_존재_채널수=0; 정산정보없음_채널수=1; 담당부서=소설편집팀; 담당자=이선근,소설,소설편집팀,이선근
247281,울새엄마랑해볼래,[정산정보없음]_울새엄마랑해볼래,울새엄마랑해볼래,Y,live dry-run current_title 기준 정산정보없음 표식 추가. 지급정산관리_존재_채널수=0; 정산정보없음_채널수=1; 담당부서=소설편집팀; 담당자=이선근,소설,소설편집팀,이선근
247282,채팅녀홀랑벗겨먹기,[정산정보없음]_채팅녀홀랑벗겨먹기,채팅녀홀랑벗겨먹기,Y,live dry-run current_title 기준 정산정보없음 표식 추가. 지급정산관리_존재_채널수=0; 정산정보없음_채널수=1; 담당부서=소설편집팀; 담당자=이선근,소설,소설편집팀,이선근
247283,이젠누나라고부르지않을게,[정산정보없음]_이젠누나라고부르지않을게,이젠누나라고부르지않을게,Y,live dry-run current_title 기준 정산정보없음 표식 추가. 지급정산관리_존재_채널수=0; 정산정보없음_채널수=1; 담당부서=소설편집팀; 담당자=이선근,소설,소설편집팀,이선근
247284,함부로넣지말랬지,[정산정보없음]_함부로넣지말랬지,함부로넣지말랬지,Y,live dry-run current_title 기준 정산정보없음 표식 추가. 지급정산관리_존재_채널수=0; 정산정보없음_채널수=1; 담당부서=소설편집팀; 담당자=이선근,소설,소설편집팀,이선근
247301,승승장구농심위풍당당삼양,[정산정보없음]_승승장구농심위풍당당삼양,승승장구농심위풍당당삼양,Y,live dry-run current_title 기준 정산정보없음 표식 추가. 지급정산관리_존재_채널수=0; 정산정보없음_채널수=1; 담당부서=소설편집팀; 담당자=이선근,소설,소설편집팀,이선근
247339,관능소설-구멍(무삭제판),[정산정보없음]_관능소설-구멍(무삭제판),관능소설-구멍(무삭제판),Y,live dry-run current_title 기준 정산정보없음 표식 추가. 지급정산관리_존재_채널수=0; 정산정보없음_채널수=1; 담당부서=소설편집팀; 담당자=이선근,소설,소설편집팀,이선근
247342,그녀는보디가드,[정산정보없음]_그녀는보디가드,그녀는보디가드,Y,live dry-run current_title 기준 정산정보없음 표식 추가. 지급정산관리_존재_채널수=0; 정산정보없음_채널수=1; 담당부서=소설편집팀; 담당자=이선근,소설,소설편집팀,이선근
247349,나무토막처럼뻣뻣한여자고래심줄처럼끈질긴남자,[정산정보없음]_나무토막처럼뻣뻣한여자고래심줄처럼끈질긴남자,나무토막처럼뻣뻣한여자고래심줄처럼끈질긴남자,Y,live dry-run current_title 기준 정산정보없음 표식 추가. 지급정산관리_존재_채널수=0; 정산정보없음_채널수=1; 담당부서=소설편집팀; 담당자=이선근,소설,소설편집팀,이선근
247354,도광사,[정산정보없음]_도광사,도광사,Y,live dry-run current_title 기준 정산정보없음 표식 추가. 지급정산관리_존재_채널수=0; 정산정보없음_채널수=2; 담당부서=소설편집팀; 담당자=이선근,소설,소설편집팀,이선근
247355,룸빵,[정산정보없음]_룸빵,룸빵,Y,live dry-run current_title 기준 정산정보없음 표식 추가. 지급정산관리_존재_채널수=0; 정산정보없음_채널수=2; 담당부서=소설편집팀; 담당자=이선근,소설,소설편집팀,이선근
247359,바람난아내,[정산정보없음]_바람난아내,바람난아내,Y,live dry-run current_title 기준 정산정보없음 표식 추가. 지급정산관리_존재_채널수=0; 정산정보없음_채널수=1; 담당부서=소설편집팀; 담당자=이선근,소설,소설편집팀,이선근
247360,변주,[정산정보없음]_변주,변주,Y,live dry-run current_title 기준 정산정보없음 표식 추가. 지급정산관리_존재_채널수=0; 정산정보없음_채널수=1; 담당부서=소설편집팀; 담당자=이선근,소설,소설편집팀,이선근
247363,사랑은아름답다,[정산정보없음]_사랑은아름답다,사랑은아름답다,Y,live dry-run current_title 기준 정산정보없음 표식 추가. 지급정산관리_존재_채널수=0; 정산정보없음_채널수=1; 담당부서=소설편집팀; 담당자=이선근,소설,소설편집팀,이선근
247364,사풍반사생,[정산정보없음]_사풍반사생,사풍반사생,Y,live dry-run current_title 기준 정산정보없음 표식 추가. 지급정산관리_존재_채널수=0; 정산정보없음_채널수=1; 담당부서=소설편집팀; 담당자=이선근,소설,소설편집팀,이선근
247367,용병전쟁,[정산정보없음]_용병전쟁,용병전쟁,Y,live dry-run current_title 기준 정산정보없음 표식 추가. 지급정산관리_존재_채널수=0; 정산정보없음_채널수=1; 담당부서=소설편집팀; 담당자=이선근,소설,소설편집팀,이선근
247368,유부녀의불륜그리고섹스,[정산정보없음]_유부녀의불륜그리고섹스,유부녀의불륜그리고섹스,Y,live dry-run current_title 기준 정산정보없음 표식 추가. 지급정산관리_존재_채널수=0; 정산정보없음_채널수=1; 담당부서=소설편집팀; 담당자=이선근,소설,소설편집팀,이선근
247370,"전설의일짱,가정부되다","[정산정보없음]_전설의일짱,가정부되다","전설의일짱,가정부되다",Y,live dry-run current_title 기준 정산정보없음 표식 추가. 지급정산관리_존재_채널수=0; 정산정보없음_채널수=1; 담당부서=소설편집팀; 담당자=이선근,소설,소설편집팀,이선근
247371,정숙한주부의음란한알바,[정산정보없음]_정숙한주부의음란한알바,정숙한주부의음란한알바,Y,live dry-run current_title 기준 정산정보없음 표식 추가. 지급정산관리_존재_채널수=0; 정산정보없음_채널수=1; 담당부서=소설편집팀; 담당자=이선근,소설,소설편집팀,이선근
247373,질풍의마법사슈란,[정산정보없음]_질풍의마법사슈란,질풍의마법사슈란,Y,live dry-run current_title 기준 정산정보없음 표식 추가. 지급정산관리_존재_채널수=0; 정산정보없음_채널수=2; 담당부서=소설편집팀; 담당자=이선근,소설,소설편집팀,이선근
247374,천국의문을두드리다,[정산정보없음]_천국의문을두드리다,천국의문을두드리다,Y,live dry-run current_title 기준 정산정보없음 표식 추가. 지급정산관리_존재_채널수=0; 정산정보없음_채널수=1; 담당부서=소설편집팀; 담당자=이선근,소설,소설편집팀,이선근
247375,청비체련,[정산정보없음]_청비체련,청비체련,Y,live dry-run current_title 기준 정산정보없음 표식 추가. 지급정산관리_존재_채널수=0; 정산정보없음_채널수=1; 담당부서=소설편집팀; 담당자=이선근,소설,소설편집팀,이선근
247379,팝콘,[정산정보없음]_팝콘,팝콘,Y,live dry-run current_title 기준 정산정보없음 표식 추가. 지급정산관리_존재_채널수=0; 정산정보없음_채널수=1; 담당부서=소설편집팀; 담당자=이선근,소설,소설편집팀,이선근
247390,THEGOD,[정산정보없음]_THEGOD,THEGOD,Y,live dry-run current_title 기준 정산정보없음 표식 추가. 지급정산관리_존재_채널수=0; 정산정보없음_채널수=1; 담당부서=소설편집팀; 담당자=이선근,소설,소설편집팀,이선근
247398,금단의유희,[정산정보없음]_금단의유희,금단의유희,Y,live dry-run current_title 기준 정산정보없음 표식 추가. 지급정산관리_존재_채널수=0; 정산정보없음_채널수=1; 담당부서=소설편집팀; 담당자=이선근,소설,소설편집팀,이선근
247399,데일카네기의인간관계론,[정산정보없음]_데일카네기의인간관계론,데일카네기의인간관계론,Y,live dry-run current_title 기준 정산정보없음 표식 추가. 지급정산관리_존재_채널수=0; 정산정보없음_채널수=1; 담당부서=소설편집팀; 담당자=이선근,소설,소설편집팀,이선근
247400,어쩌다보니들어갔어,[정산정보없음]_어쩌다보니들어갔어,어쩌다보니들어갔어,Y,live dry-run current_title 기준 정산정보없음 표식 추가. 지급정산관리_존재_채널수=0; 정산정보없음_채널수=1; 담당부서=소설편집팀; 담당자=이선근,소설,소설편집팀,이선근
247401,교도소의알몸수색,[정산정보없음]_교도소의알몸수색,교도소의알몸수색,Y,live dry-run current_title 기준 정산정보없음 표식 추가. 지급정산관리_존재_채널수=0; 정산정보없음_채널수=1; 담당부서=소설편집팀; 담당자=이선근,소설,소설편집팀,이선근
247402,마누라불륜현장에서,[정산정보없음]_마누라불륜현장에서,마누라불륜현장에서,Y,live dry-run current_title 기준 정산정보없음 표식 추가. 지급정산관리_존재_채널수=0; 정산정보없음_채널수=1; 담당부서=소설편집팀; 담당자=이선근,소설,소설편집팀,이선근
247403,제발팬티는안돼,[정산정보없음]_제발팬티는안돼,제발팬티는안돼,Y,live dry-run current_title 기준 정산정보없음 표식 추가. 지급정산관리_존재_채널수=0; 정산정보없음_채널수=1; 담당부서=소설편집팀; 담당자=이선근,소설,소설편집팀,이선근
247404,누나와김병장,[정산정보없음]_누나와김병장,누나와김병장,Y,live dry-run current_title 기준 정산정보없음 표식 추가. 지급정산관리_존재_채널수=0; 정산정보없음_채널수=1; 담당부서=소설편집팀; 담당자=이선근,소설,소설편집팀,이선근
247405,여교사와야수들,[정산정보없음]_여교사와야수들,여교사와야수들,Y,live dry-run current_title 기준 정산정보없음 표식 추가. 지급정산관리_존재_채널수=0; 정산정보없음_채널수=1; 담당부서=소설편집팀; 담당자=이선근,소설,소설편집팀,이선근
247406,순진여동생친구를,[정산정보없음]_순진여동생친구를,순진여동생친구를,Y,live dry-run current_title 기준 정산정보없음 표식 추가. 지급정산관리_존재_채널수=0; 정산정보없음_채널수=1; 담당부서=소설편집팀; 담당자=이선근,소설,소설편집팀,이선근
247407,실제로삽입한형수,[정산정보없음]_실제로삽입한형수,실제로삽입한형수,Y,live dry-run current_title 기준 정산정보없음 표식 추가. 지급정산관리_존재_채널수=0; 정산정보없음_채널수=1; 담당부서=소설편집팀; 담당자=이선근,소설,소설편집팀,이선근
247408,일부러보여주기,[정산정보없음]_일부러보여주기,일부러보여주기,Y,live dry-run current_title 기준 정산정보없음 표식 추가. 지급정산관리_존재_채널수=0; 정산정보없음_채널수=1; 담당부서=소설편집팀; 담당자=이선근,소설,소설편집팀,이선근
247409,데일카네기의자기관리론,[정산정보없음]_데일카네기의자기관리론,데일카네기의자기관리론,Y,live dry-run current_title 기준 정산정보없음 표식 추가. 지급정산관리_존재_채널수=0; 정산정보없음_채널수=1; 담당부서=소설편집팀; 담당자=이선근,소설,소설편집팀,이선근
247411,내이웃의아내,[정산정보없음]_내이웃의아내,내이웃의아내,Y,live dry-run current_title 기준 정산정보없음 표식 추가. 지급정산관리_존재_채널수=0; 정산정보없음_채널수=1; 담당부서=소설편집팀; 담당자=이선근,소설,소설편집팀,이선근
247412,땡기는아줌마,[정산정보없음]_땡기는아줌마,땡기는아줌마,Y,live dry-run current_title 기준 정산정보없음 표식 추가. 지급정산관리_존재_채널수=0; 정산정보없음_채널수=1; 담당부서=소설편집팀; 담당자=이선근,소설,소설편집팀,이선근
247413,엄마라고불러달라는아줌마,[정산정보없음]_엄마라고불러달라는아줌마,엄마라고불러달라는아줌마,Y,live dry-run current_title 기준 정산정보없음 표식 추가. 지급정산관리_존재_채널수=0; 정산정보없음_채널수=1; 담당부서=소설편집팀; 담당자=이선근,소설,소설편집팀,이선근
247414,내친구의아내,[정산정보없음]_내친구의아내,내친구의아내,Y,live dry-run current_title 기준 정산정보없음 표식 추가. 지급정산관리_존재_채널수=0; 정산정보없음_채널수=1; 담당부서=소설편집팀; 담당자=이선근,소설,소설편집팀,이선근
247415,크리스마스캐럴더클래식세계문학한글판,[정산정보없음]_크리스마스캐럴더클래식세계문학한글판,크리스마스캐럴더클래식세계문학한글판,Y,live dry-run current_title 기준 정산정보없음 표식 추가. 지급정산관리_존재_채널수=0; 정산정보없음_채널수=1; 담당부서=소설편집팀; 담당자=이선근,소설,소설편집팀,이선근
247430,[연재]시나브로야담밤문화생활~원나잇~,[정산정보없음]_[연재]시나브로야담밤문화생활~원나잇~,[연재]시나브로야담밤문화생활~원나잇~,Y,live dry-run current_title 기준 정산정보없음 표식 추가. 지급정산관리_존재_채널수=0; 정산정보없음_채널수=1; 담당부서=소설편집팀; 담당자=이선근,소설,소설편집팀,이선근
247431,남매의위험한놀이,[정산정보없음]_남매의위험한놀이,남매의위험한놀이,Y,live dry-run current_title 기준 정산정보없음 표식 추가. 지급정산관리_존재_채널수=0; 정산정보없음_채널수=1; 담당부서=소설편집팀; 담당자=이선근,소설,소설편집팀,이선근
247432,여감방의기상천외한섹스,[정산정보없음]_여감방의기상천외한섹스,여감방의기상천외한섹스,Y,live dry-run current_title 기준 정산정보없음 표식 추가. 지급정산관리_존재_채널수=0; 정산정보없음_채널수=1; 담당부서=소설편집팀; 담당자=이선근,소설,소설편집팀,이선근
247433,무례한남자약은여자,[정산정보없음]_무례한남자약은여자,무례한남자약은여자,Y,live dry-run current_title 기준 정산정보없음 표식 추가. 지급정산관리_존재_채널수=0; 정산정보없음_채널수=2; 담당부서=소설편집팀; 담당자=이선근,소설,소설편집팀,이선근
247434,"이남자,여자가결혼하는방법-개정본","[정산정보없음]_이남자,여자가결혼하는방법-개정본","이남자,여자가결혼하는방법-개정본",Y,live dry-run current_title 기준 정산정보없음 표식 추가. 지급정산관리_존재_채널수=0; 정산정보없음_채널수=1; 담당부서=소설편집팀; 담당자=이선근,소설,소설편집팀,이선근
247435,"못난아,못난아","[정산정보없음]_못난아,못난아","못난아,못난아",Y,live dry-run current_title 기준 정산정보없음 표식 추가. 지급정산관리_존재_채널수=0; 정산정보없음_채널수=2; 담당부서=소설편집팀; 담당자=이선근,소설,소설편집팀,이선근
247437,더씨,[정산정보없음]_더씨,더씨,Y,live dry-run current_title 기준 정산정보없음 표식 추가. 지급정산관리_존재_채널수=0; 정산정보없음_채널수=2; 담당부서=소설편집팀; 담당자=이선근,소설,소설편집팀,이선근
247438,재미있는중국인의해학이야기,[정산정보없음]_재미있는중국인의해학이야기,재미있는중국인의해학이야기,Y,live dry-run current_title 기준 정산정보없음 표식 추가. 지급정산관리_존재_채널수=0; 정산정보없음_채널수=1; 담당부서=소설편집팀; 담당자=이선근,소설,소설편집팀,이선근
247439,나쁜관계외전,[정산정보없음]_나쁜관계외전,나쁜관계외전,Y,live dry-run current_title 기준 정산정보없음 표식 추가. 지급정산관리_존재_채널수=0; 정산정보없음_채널수=1; 담당부서=소설편집팀; 담당자=이선근,소설,소설편집팀,이선근
247441,속살의숨결(무삭제판),[정산정보없음]_속살의숨결(무삭제판),속살의숨결(무삭제판),Y,live dry-run current_title 기준 정산정보없음 표식 추가. 지급정산관리_존재_채널수=0; 정산정보없음_채널수=2; 담당부서=소설편집팀; 담당자=이선근,소설,소설편집팀,이선근
247449,"[매거진썰]첫경험,첫섹스,숫처녀와섹스한썰","[정산정보없음]_[매거진썰]첫경험,첫섹스,숫처녀와섹스한썰","[매거진썰]첫경험,첫섹스,숫처녀와섹스한썰",Y,live dry-run current_title 기준 정산정보없음 표식 추가. 지급정산관리_존재_채널수=0; 정산정보없음_채널수=1; 담당부서=소설편집팀; 담당자=이선근,소설,소설편집팀,이선근
247450,…후에,[정산정보없음]_…후에,…후에,Y,live dry-run current_title 기준 정산정보없음 표식 추가. 지급정산관리_존재_채널수=0; 정산정보없음_채널수=1; 담당부서=소설편집팀; 담당자=이선근,소설,소설편집팀,이선근
247454,날개Ⅱ-계약연애,[정산정보없음]_날개Ⅱ-계약연애,날개Ⅱ-계약연애,Y,live dry-run current_title 기준 정산정보없음 표식 추가. 지급정산관리_존재_채널수=0; 정산정보없음_채널수=1; 담당부서=소설편집팀; 담당자=이선근,소설,소설편집팀,이선근
247456,내사랑개강아지,[정산정보없음]_내사랑개강아지,내사랑개강아지,Y,live dry-run current_title 기준 정산정보없음 표식 추가. 지급정산관리_존재_채널수=0; 정산정보없음_채널수=1; 담당부서=소설편집팀; 담당자=이선근,소설,소설편집팀,이선근
247458,닭장속의암탉이아니야.,[정산정보없음]_닭장속의암탉이아니야.,닭장속의암탉이아니야.,Y,live dry-run current_title 기준 정산정보없음 표식 추가. 지급정산관리_존재_채널수=0; 정산정보없음_채널수=1; 담당부서=소설편집팀; 담당자=이선근,소설,소설편집팀,이선근
247459,당신이원하는로맨스는?,[정산정보없음]_당신이원하는로맨스는?,당신이원하는로맨스는?,Y,live dry-run current_title 기준 정산정보없음 표식 추가. 지급정산관리_존재_채널수=0; 정산정보없음_채널수=1; 담당부서=소설편집팀; 담당자=이선근,소설,소설편집팀,이선근
247460,미스티블루(부록:너와나의이야기),[정산정보없음]_미스티블루(부록:너와나의이야기),미스티블루(부록:너와나의이야기),Y,live dry-run current_title 기준 정산정보없음 표식 추가. 지급정산관리_존재_채널수=0; 정산정보없음_채널수=1; 담당부서=소설편집팀; 담당자=이선근,소설,소설편집팀,이선근
247461,사랑보다섹스,[정산정보없음]_사랑보다섹스,사랑보다섹스,Y,live dry-run current_title 기준 정산정보없음 표식 추가. 지급정산관리_존재_채널수=0; 정산정보없음_채널수=1; 담당부서=소설편집팀; 담당자=이선근,소설,소설편집팀,이선근
247466,악마의미소를짓는그녀를사랑해,[정산정보없음]_악마의미소를짓는그녀를사랑해,악마의미소를짓는그녀를사랑해,Y,live dry-run current_title 기준 정산정보없음 표식 추가. 지급정산관리_존재_채널수=0; 정산정보없음_채널수=1; 담당부서=소설편집팀; 담당자=이선근,소설,소설편집팀,이선근
247470,작렬하는연인,[정산정보없음]_작렬하는연인,작렬하는연인,Y,live dry-run current_title 기준 정산정보없음 표식 추가. 지급정산관리_존재_채널수=0; 정산정보없음_채널수=1; 담당부서=소설편집팀; 담당자=이선근,소설,소설편집팀,이선근
247472,kissingU…,[정산정보없음]_kissingU…,kissingU…,Y,live dry-run current_title 기준 정산정보없음 표식 추가. 지급정산관리_존재_채널수=0; 정산정보없음_채널수=1; 담당부서=소설편집팀; 담당자=이선근,소설,소설편집팀,이선근
247474,TaintedLove(얼룩진사랑),[정산정보없음]_TaintedLove(얼룩진사랑),TaintedLove(얼룩진사랑),Y,live dry-run current_title 기준 정산정보없음 표식 추가. 지급정산관리_존재_채널수=0; 정산정보없음_채널수=1; 담당부서=소설편집팀; 담당자=이선근,소설,소설편집팀,이선근
247479,제자들한테집단능욕,[정산정보없음]_제자들한테집단능욕,제자들한테집단능욕,Y,live dry-run current_title 기준 정산정보없음 표식 추가. 지급정산관리_존재_채널수=0; 정산정보없음_채널수=1; 담당부서=소설편집팀; 담당자=이선근,소설,소설편집팀,이선근
247480,글래머여선생능욕섹스,[정산정보없음]_글래머여선생능욕섹스,글래머여선생능욕섹스,Y,live dry-run current_title 기준 정산정보없음 표식 추가. 지급정산관리_존재_채널수=0; 정산정보없음_채널수=1; 담당부서=소설편집팀; 담당자=이선근,소설,소설편집팀,이선근
247481,재수학원교무실에서는,[정산정보없음]_재수학원교무실에서는,재수학원교무실에서는,Y,live dry-run current_title 기준 정산정보없음 표식 추가. 지급정산관리_존재_채널수=0; 정산정보없음_채널수=1; 담당부서=소설편집팀; 담당자=이선근,소설,소설편집팀,이선근
247482,음란한비됴방아줌마,[정산정보없음]_음란한비됴방아줌마,음란한비됴방아줌마,Y,live dry-run current_title 기준 정산정보없음 표식 추가. 지급정산관리_존재_채널수=0; 정산정보없음_채널수=1; 담당부서=소설편집팀; 담당자=이선근,소설,소설편집팀,이선근
247483,묻지마관광윤간사건,[정산정보없음]_묻지마관광윤간사건,묻지마관광윤간사건,Y,live dry-run current_title 기준 정산정보없음 표식 추가. 지급정산관리_존재_채널수=0; 정산정보없음_채널수=1; 담당부서=소설편집팀; 담당자=이선근,소설,소설편집팀,이선근
247484,기합받으며대준아줌마들,[정산정보없음]_기합받으며대준아줌마들,기합받으며대준아줌마들,Y,live dry-run current_title 기준 정산정보없음 표식 추가. 지급정산관리_존재_채널수=0; 정산정보없음_채널수=1; 담당부서=소설편집팀; 담당자=이선근,소설,소설편집팀,이선근
247485,난네엄마따먹을거야,[정산정보없음]_난네엄마따먹을거야,난네엄마따먹을거야,Y,live dry-run current_title 기준 정산정보없음 표식 추가. 지급정산관리_존재_채널수=0; 정산정보없음_채널수=1; 담당부서=소설편집팀; 담당자=이선근,소설,소설편집팀,이선근
247486,강간범의하소연,[정산정보없음]_강간범의하소연,강간범의하소연,Y,live dry-run current_title 기준 정산정보없음 표식 추가. 지급정산관리_존재_채널수=0; 정산정보없음_채널수=1; 담당부서=소설편집팀; 담당자=이선근,소설,소설편집팀,이선근
247487,어머니이야기세트(한글판+영문판),[정산정보없음]_어머니이야기세트(한글판+영문판),어머니이야기세트(한글판+영문판),Y,live dry-run current_title 기준 정산정보없음 표식 추가. 지급정산관리_존재_채널수=0; 정산정보없음_채널수=1; 담당부서=소설편집팀; 담당자=이선근,소설,소설편집팀,이선근
247488,사람이라면알아야할심리학상식백과,[정산정보없음]_사람이라면알아야할심리학상식백과,사람이라면알아야할심리학상식백과,Y,live dry-run current_title 기준 정산정보없음 표식 추가. 지급정산관리_존재_채널수=0; 정산정보없음_채널수=1; 담당부서=소설편집팀; 담당자=이선근,소설,소설편집팀,이선근
247489,막내동생같은애한테,[정산정보없음]_막내동생같은애한테,막내동생같은애한테,Y,live dry-run current_title 기준 정산정보없음 표식 추가. 지급정산관리_존재_채널수=0; 정산정보없음_채널수=1; 담당부서=소설편집팀; 담당자=이선근,소설,소설편집팀,이선근
247490,아들친구를유혹하다,[정산정보없음]_아들친구를유혹하다,아들친구를유혹하다,Y,live dry-run current_title 기준 정산정보없음 표식 추가. 지급정산관리_존재_채널수=0; 정산정보없음_채널수=1; 담당부서=소설편집팀; 담당자=이선근,소설,소설편집팀,이선근
247491,마누라가아니라처제,[정산정보없음]_마누라가아니라처제,마누라가아니라처제,Y,live dry-run current_title 기준 정산정보없음 표식 추가. 지급정산관리_존재_채널수=0; 정산정보없음_채널수=1; 담당부서=소설편집팀; 담당자=이선근,소설,소설편집팀,이선근
247492,아내의간통현장,[정산정보없음]_아내의간통현장,아내의간통현장,Y,live dry-run current_title 기준 정산정보없음 표식 추가. 지급정산관리_존재_채널수=0; 정산정보없음_채널수=1; 담당부서=소설편집팀; 담당자=이선근,소설,소설편집팀,이선근
247496,엄마아빠가읽어주고불러주는재미있는동시동요,[정산정보없음]_엄마아빠가읽어주고불러주는재미있는동시동요,엄마아빠가읽어주고불러주는재미있는동시동요,Y,live dry-run current_title 기준 정산정보없음 표식 추가. 지급정산관리_존재_채널수=0; 정산정보없음_채널수=1; 담당부서=소설편집팀; 담당자=이선근,소설,소설편집팀,이선근
247506,무적불패혼,[정산정보없음]_무적불패혼,무적불패혼,Y,live dry-run current_title 기준 정산정보없음 표식 추가. 지급정산관리_존재_채널수=0; 정산정보없음_채널수=1; 담당부서=소설편집팀; 담당자=이선근,소설,소설편집팀,이선근
247508,누나는야설작가,[정산정보없음]_누나는야설작가,누나는야설작가,Y,live dry-run current_title 기준 정산정보없음 표식 추가. 지급정산관리_존재_채널수=0; 정산정보없음_채널수=1; 담당부서=소설편집팀; 담당자=이선근,소설,소설편집팀,이선근
247509,섹스앤피스톨(무삭제판),[정산정보없음]_섹스앤피스톨(무삭제판),섹스앤피스톨(무삭제판),Y,live dry-run current_title 기준 정산정보없음 표식 추가. 지급정산관리_존재_채널수=0; 정산정보없음_채널수=1; 담당부서=소설편집팀; 담당자=이선근,소설,소설편집팀,이선근
247510,실제정사포르노자키,[정산정보없음]_실제정사포르노자키,실제정사포르노자키,Y,live dry-run current_title 기준 정산정보없음 표식 추가. 지급정산관리_존재_채널수=0; 정산정보없음_채널수=1; 담당부서=소설편집팀; 담당자=이선근,소설,소설편집팀,이선근
247511,안개속사정,[정산정보없음]_안개속사정,안개속사정,Y,live dry-run current_title 기준 정산정보없음 표식 추가. 지급정산관리_존재_채널수=0; 정산정보없음_채널수=2; 담당부서=소설편집팀; 담당자=이선근,소설,소설편집팀,이선근
247512,야수의순정만화(무삭제판),[정산정보없음]_야수의순정만화(무삭제판),야수의순정만화(무삭제판),Y,live dry-run current_title 기준 정산정보없음 표식 추가. 지급정산관리_존재_채널수=0; 정산정보없음_채널수=1; 담당부서=소설편집팀; 담당자=이선근,소설,소설편집팀,이선근
247513,야화-고독한집행자(무삭제판),[정산정보없음]_야화-고독한집행자(무삭제판),야화-고독한집행자(무삭제판),Y,live dry-run current_title 기준 정산정보없음 표식 추가. 지급정산관리_존재_채널수=0; 정산정보없음_채널수=1; 담당부서=소설편집팀; 담당자=이선근,소설,소설편집팀,이선근
247514,오늘도빨간색이세요?(무삭제판),[정산정보없음]_오늘도빨간색이세요?(무삭제판),오늘도빨간색이세요?(무삭제판),Y,live dry-run current_title 기준 정산정보없음 표식 추가. 지급정산관리_존재_채널수=0; 정산정보없음_채널수=1; 담당부서=소설편집팀; 담당자=이선근,소설,소설편집팀,이선근
247515,옵빠는침대스타일(무삭제판),[정산정보없음]_옵빠는침대스타일(무삭제판),옵빠는침대스타일(무삭제판),Y,live dry-run current_title 기준 정산정보없음 표식 추가. 지급정산관리_존재_채널수=0; 정산정보없음_채널수=1; 담당부서=소설편집팀; 담당자=이선근,소설,소설편집팀,이선근
247516,사랑의파르티잔(무삭제판),[정산정보없음]_사랑의파르티잔(무삭제판),사랑의파르티잔(무삭제판),Y,live dry-run current_title 기준 정산정보없음 표식 추가. 지급정산관리_존재_채널수=0; 정산정보없음_채널수=1; 담당부서=소설편집팀; 담당자=이선근,소설,소설편집팀,이선근
247517,마사지는다벗고하는거야,[정산정보없음]_마사지는다벗고하는거야,마사지는다벗고하는거야,Y,live dry-run current_title 기준 정산정보없음 표식 추가. 지급정산관리_존재_채널수=0; 정산정보없음_채널수=1; 담당부서=소설편집팀; 담당자=이선근,소설,소설편집팀,이선근
247518,꽃이벌을쏘다(무삭제판),[정산정보없음]_꽃이벌을쏘다(무삭제판),꽃이벌을쏘다(무삭제판),Y,live dry-run current_title 기준 정산정보없음 표식 추가. 지급정산관리_존재_채널수=0; 정산정보없음_채널수=1; 담당부서=소설편집팀; 담당자=이선근,소설,소설편집팀,이선근
247519,대단히부도덕한섹스(무삭제판),[정산정보없음]_대단히부도덕한섹스(무삭제판),대단히부도덕한섹스(무삭제판),Y,live dry-run current_title 기준 정산정보없음 표식 추가. 지급정산관리_존재_채널수=0; 정산정보없음_채널수=1; 담당부서=소설편집팀; 담당자=이선근,소설,소설편집팀,이선근
247520,"지독한사랑,미친섹스(무삭제판)","[정산정보없음]_지독한사랑,미친섹스(무삭제판)","지독한사랑,미친섹스(무삭제판)",Y,live dry-run current_title 기준 정산정보없음 표식 추가. 지급정산관리_존재_채널수=0; 정산정보없음_채널수=1; 담당부서=소설편집팀; 담당자=이선근,소설,소설편집팀,이선근
247521,발칙한년착한남자(무삭제판),[정산정보없음]_발칙한년착한남자(무삭제판),발칙한년착한남자(무삭제판),Y,live dry-run current_title 기준 정산정보없음 표식 추가. 지급정산관리_존재_채널수=0; 정산정보없음_채널수=1; 담당부서=소설편집팀; 담당자=이선근,소설,소설편집팀,이선근
247522,어느커리어우먼의꿈과사랑(무삭제판),[정산정보없음]_어느커리어우먼의꿈과사랑(무삭제판),어느커리어우먼의꿈과사랑(무삭제판),Y,live dry-run current_title 기준 정산정보없음 표식 추가. 지급정산관리_존재_채널수=0; 정산정보없음_채널수=1; 담당부서=소설편집팀; 담당자=이선근,소설,소설편집팀,이선근
247523,소박데기(무삭제판),[정산정보없음]_소박데기(무삭제판),소박데기(무삭제판),Y,live dry-run current_title 기준 정산정보없음 표식 추가. 지급정산관리_존재_채널수=0; 정산정보없음_채널수=1; 담당부서=소설편집팀; 담당자=이선근,소설,소설편집팀,이선근
247524,악녀발호하다(무삭제판),[정산정보없음]_악녀발호하다(무삭제판),악녀발호하다(무삭제판),Y,live dry-run current_title 기준 정산정보없음 표식 추가. 지급정산관리_존재_채널수=0; 정산정보없음_채널수=2; 담당부서=소설편집팀; 담당자=이선근,소설,소설편집팀,이선근
247525,전자발찌,[정산정보없음]_전자발찌,전자발찌,Y,live dry-run current_title 기준 정산정보없음 표식 추가. 지급정산관리_존재_채널수=0; 정산정보없음_채널수=1; 담당부서=소설편집팀; 담당자=이선근,소설,소설편집팀,이선근
109764,너무 잘 아는 게임에 소환됐다_지피노_1003381_530_확정,[정산정보없음]_너무 잘 아는 게임에 소환됐다_지피노_1003381_530_확정,너무 잘 아는 게임에 소환됐다_지피노_1003381_530_확정,Y,live dry-run current_title 기준 정산정보없음 표식 추가. 지급정산관리_존재_채널수=0; 정산정보없음_채널수=2; 담당부서=소설편집팀; 담당자=조원재,소설,소설편집팀,조원재
322451,20250625_카카오_마늘소금 작가 일체_CHUNG MI SOO,[정산정보없음]_20250625_카카오_마늘소금 작가 일체_CHUNG MI SOO,20250625_카카오_마늘소금 작가 일체_CHUNG MI SOO,Y,live dry-run current_title 기준 정산정보없음 표식 추가. 지급정산관리_존재_채널수=0; 정산정보없음_채널수=1; 담당부서=소설편집팀; 담당자=조원재,소설,소설편집팀,조원재
295582,RPG시티[완결],[정산정보없음]_RPG시티[완결],RPG시티[완결],Y,live dry-run current_title 기준 정산정보없음 표식 추가. 지급정산관리_존재_채널수=0; 정산정보없음_채널수=1; 담당부서=소설편집팀; 담당자=천승민,소설,소설편집팀,천승민
295631,드래곤 레어에 조난당했다,[정산정보없음]_드래곤 레어에 조난당했다,드래곤 레어에 조난당했다,Y,live dry-run current_title 기준 정산정보없음 표식 추가. 지급정산관리_존재_채널수=0; 정산정보없음_채널수=13; 담당부서=소설편집팀; 담당자=천승민,소설,소설편집팀,천승민
320759,<복수하는 김에 재벌도 되겠습니다> 및 카카오페이지 서비스 작품 일체,[정산정보없음]_<복수하는 김에 재벌도 되겠습니다> 및 카카오페이지 서비스 작품 일체,<복수하는 김에 재벌도 되겠습니다> 및 카카오페이지 서비스 작품 일체,Y,live dry-run current_title 기준 정산정보없음 표식 추가. 지급정산관리_존재_채널수=0; 정산정보없음_채널수=1; 담당부서=소설편집팀; 담당자=천승민,소설,소설편집팀,천승민
321944,<복수하는 김에 재벌도 되겠습니다> 및 카카오페이지 서비스 작품 일체,[정산정보없음]_<복수하는 김에 재벌도 되겠습니다> 및 카카오페이지 서비스 작품 일체,<복수하는 김에 재벌도 되겠습니다> 및 카카오페이지 서비스 작품 일체,Y,live dry-run current_title 기준 정산정보없음 표식 추가. 지급정산관리_존재_채널수=0; 정산정보없음_채널수=1; 담당부서=소설편집팀; 담당자=천승민,소설,소설편집팀,천승민
322544,유재무_카카오선투자 일제_주식회사 카카오엔터테인먼트,[정산정보없음]_유재무_카카오선투자 일제_주식회사 카카오엔터테인먼트,유재무_카카오선투자 일제_주식회사 카카오엔터테인먼트,Y,live dry-run current_title 기준 정산정보없음 표식 추가. 지급정산관리_존재_채널수=0; 정산정보없음_채널수=1; 담당부서=소설편집팀; 담당자=천승민,소설,소설편집팀,천승민
322925,<복수하는 김에 재벌도 되겠습니다> 및 카카오페이지 서비스 작품 일체,[정산정보없음]_<복수하는 김에 재벌도 되겠습니다> 및 카카오페이지 서비스 작품 일체,<복수하는 김에 재벌도 되겠습니다> 및 카카오페이지 서비스 작품 일체,Y,live dry-run current_title 기준 정산정보없음 표식 추가. 지급정산관리_존재_채널수=0; 정산정보없음_채널수=1; 담당부서=소설편집팀; 담당자=천승민,소설,소설편집팀,천승민
323452,<전설급 영웅은 아카데미 우등생> 및 카카오페이지 서비스 작품 일체_주식회사 카카오엔터테인먼트,[정산정보없음]_<전설급 영웅은 아카데미 우등생> 및 카카오페이지 서비스 작품 일체_주식회사 카카오엔터테인먼트,<전설급 영웅은 아카데미 우등생> 및 카카오페이지 서비스 작품 일체_주식회사 카카오엔터테인먼트,Y,live dry-run current_title 기준 정산정보없음 표식 추가. 지급정산관리_존재_채널수=0; 정산정보없음_채널수=1; 담당부서=소설편집팀; 담당자=천승민,소설,소설편집팀,천승민
324011,<복수하는 김에 재벌도 되겠습니다> 및 카카오페이지 서비스 작품 일체,[정산정보없음]_<복수하는 김에 재벌도 되겠습니다> 및 카카오페이지 서비스 작품 일체,<복수하는 김에 재벌도 되겠습니다> 및 카카오페이지 서비스 작품 일체,Y,live dry-run current_title 기준 정산정보없음 표식 추가. 지급정산관리_존재_채널수=0; 정산정보없음_채널수=1; 담당부서=소설편집팀; 담당자=천승민,소설,소설편집팀,천승민
325940,<복수하는 김에 재벌도 되겠습니다> 및 카카오페이지 서비스 작품 일체,[정산정보없음]_<복수하는 김에 재벌도 되겠습니다> 및 카카오페이지 서비스 작품 일체,<복수하는 김에 재벌도 되겠습니다> 및 카카오페이지 서비스 작품 일체,Y,live dry-run current_title 기준 정산정보없음 표식 추가. 지급정산관리_존재_채널수=0; 정산정보없음_채널수=2; 담당부서=소설편집팀; 담당자=천승민,소설,소설편집팀,천승민
326794,<전설급 영웅은 아카데미 우등생> 및 카카오페이지 서비스 작품 일체,[정산정보없음]_<전설급 영웅은 아카데미 우등생> 및 카카오페이지 서비스 작품 일체,<전설급 영웅은 아카데미 우등생> 및 카카오페이지 서비스 작품 일체,Y,live dry-run current_title 기준 정산정보없음 표식 추가. 지급정산관리_존재_채널수=0; 정산정보없음_채널수=1; 담당부서=소설편집팀; 담당자=천승민,소설,소설편집팀,천승민
327332,<복수하는 김에 재벌도 되겠습니다> 및 카카오페이지 서비스 작품 일체,[정산정보없음]_<복수하는 김에 재벌도 되겠습니다> 및 카카오페이지 서비스 작품 일체,<복수하는 김에 재벌도 되겠습니다> 및 카카오페이지 서비스 작품 일체,Y,live dry-run current_title 기준 정산정보없음 표식 추가. 지급정산관리_존재_채널수=0; 정산정보없음_채널수=1; 담당부서=소설편집팀; 담당자=천승민,소설,소설편집팀,천승민
320694,20250401_카카오 선투자_구로수번 작가_9차_주식회사 카카오엔터테인먼트,[정산정보없음]_20250401_카카오 선투자_구로수번 작가_9차_주식회사 카카오엔터테인먼트,20250401_카카오 선투자_구로수번 작가_9차_주식회사 카카오엔터테인먼트,Y,live dry-run current_title 기준 정산정보없음 표식 추가. 지급정산관리_존재_채널수=0; 정산정보없음_채널수=1; 담당부서=소설편집팀; 담당자=한재현,소설,소설편집팀,한재현
323798,"웹소설 마스터콘텐츠라이선스계약_부속계약_웹소설 정식연재용_(아, 아이돌 그렇게 하는 거 아닌데)","[정산정보없음]_웹소설 마스터콘텐츠라이선스계약_부속계약_웹소설 정식연재용_(아, 아이돌 그렇게 하는 거 아닌데)","웹소설 마스터콘텐츠라이선스계약_부속계약_웹소설 정식연재용_(아, 아이돌 그렇게 하는 거 아닌데)",Y,live dry-run current_title 기준 정산정보없음 표식 추가. 지급정산관리_존재_채널수=0; 정산정보없음_채널수=1; 담당부서=소설편집팀; 담당자=한재현,소설,소설편집팀,한재현
325955,카카오 선투자_구로수번 작가_11차,[정산정보없음]_카카오 선투자_구로수번 작가_11차,카카오 선투자_구로수번 작가_11차,Y,live dry-run current_title 기준 정산정보없음 표식 추가. 지급정산관리_존재_채널수=0; 정산정보없음_채널수=1; 담당부서=소설편집팀; 담당자=한재현,소설,소설편집팀,한재현
326066,20260101_카카오 선투자_일황_1차_주식회사 카카오엔터테인먼트,[정산정보없음]_20260101_카카오 선투자_일황_1차_주식회사 카카오엔터테인먼트,20260101_카카오 선투자_일황_1차_주식회사 카카오엔터테인먼트,Y,live dry-run current_title 기준 정산정보없음 표식 추가. 지급정산관리_존재_채널수=0; 정산정보없음_채널수=1; 담당부서=소설편집팀; 담당자=한재현,소설,소설편집팀,한재현
327333,카카오 선투자_구로수번 작가_12차,[정산정보없음]_카카오 선투자_구로수번 작가_12차,카카오 선투자_구로수번 작가_12차,Y,live dry-run current_title 기준 정산정보없음 표식 추가. 지급정산관리_존재_채널수=0; 정산정보없음_채널수=1; 담당부서=소설편집팀; 담당자=한재현,소설,소설편집팀,한재현
295614,[세트] 질풍록 疾風錄 (19금/전6권/완결),[정산정보없음]_[세트] 질풍록 疾風錄 (19금/전6권/완결),[세트] 질풍록 疾風錄 (19금/전6권/완결),Y,live dry-run current_title 기준 정산정보없음 표식 추가. 지급정산관리_존재_채널수=0; 정산정보없음_채널수=1; 담당부서=소설편집팀; 담당자=홍지표,소설,소설편집팀,홍지표
295637,벽력후,[정산정보없음]_벽력후,벽력후,Y,live dry-run current_title 기준 정산정보없음 표식 추가. 지급정산관리_존재_채널수=0; 정산정보없음_채널수=1; 담당부서=소설편집팀; 담당자=홍지표,소설,소설편집팀,홍지표
325980,정보석 카카오선투자 25차,[정산정보없음]_정보석 카카오선투자 25차,정보석 카카오선투자 25차,Y,live dry-run current_title 기준 정산정보없음 표식 추가. 지급정산관리_존재_채널수=0; 정산정보없음_채널수=1; 담당부서=소설편집팀; 담당자=홍지표,소설,소설편집팀,홍지표
325982,카카오 25차 정보석 선투자_수정,[정산정보없음]_카카오 25차 정보석 선투자_수정,카카오 25차 정보석 선투자_수정,Y,live dry-run current_title 기준 정산정보없음 표식 추가. 지급정산관리_존재_채널수=0; 정산정보없음_채널수=1; 담당부서=소설편집팀; 담당자=홍지표,소설,소설편집팀,홍지표
326572,천재 배우가 청소를 잘함,[정산정보없음]_천재 배우가 청소를 잘함,천재 배우가 청소를 잘함,Y,live dry-run current_title 기준 정산정보없음 표식 추가. 지급정산관리_존재_채널수=0; 정산정보없음_채널수=2; 담당부서=소설편집팀; 담당자=홍지표,소설,소설편집팀,홍지표
326626,강동호 카카오 선투자 25차,[정산정보없음]_강동호 카카오 선투자 25차,강동호 카카오 선투자 25차,Y,live dry-run current_title 기준 정산정보없음 표식 추가. 지급정산관리_존재_채널수=0; 정산정보없음_채널수=1; 담당부서=소설편집팀; 담당자=홍지표,소설,소설편집팀,홍지표
327965,정보석 카카오 선투자 26차,[정산정보없음]_정보석 카카오 선투자 26차,정보석 카카오 선투자 26차,Y,live dry-run current_title 기준 정산정보없음 표식 추가. 지급정산관리_존재_채널수=0; 정산정보없음_채널수=1; 담당부서=소설편집팀; 담당자=홍지표,소설,소설편집팀,홍지표
247333,[동성애]#수정산133호,[정산정보없음]_[동성애]#수정산133호,[동성애]#수정산133호,Y,live dry-run current_title 기준 정산정보없음 표식 추가. 지급정산관리_존재_채널수=0; 정산정보없음_채널수=1; 담당부서=웹툰사업부; 담당자=박민지,소설,웹툰사업부,박민지
112295,닥터 매리지,[정산정보없음]_닥터 매리지,닥터 매리지,Y,live dry-run current_title 기준 정산정보없음 표식 추가. 지급정산관리_존재_채널수=0; 정산정보없음_채널수=2; 담당부서=패밀리케어팀; 담당자=남단미,소설,패밀리케어팀,남단미
112388,달콤한 복수,[정산정보없음]_달콤한 복수,달콤한 복수,Y,live dry-run current_title 기준 정산정보없음 표식 추가. 지급정산관리_존재_채널수=0; 정산정보없음_채널수=1; 담당부서=패밀리케어팀; 담당자=남단미,소설,패밀리케어팀,남단미
112711,뜨겁고 강렬하게,[정산정보없음]_뜨겁고 강렬하게,뜨겁고 강렬하게,Y,live dry-run current_title 기준 정산정보없음 표식 추가. 지급정산관리_존재_채널수=0; 정산정보없음_채널수=2; 담당부서=패밀리케어팀; 담당자=남단미,소설,패밀리케어팀,남단미
115551,처음처럼,[정산정보없음]_처음처럼,처음처럼,Y,live dry-run current_title 기준 정산정보없음 표식 추가. 지급정산관리_존재_채널수=0; 정산정보없음_채널수=1; 담당부서=패밀리케어팀; 담당자=남단미,소설,패밀리케어팀,남단미
128815,나쁜 녀석들,[정산정보없음]_나쁜 녀석들,나쁜 녀석들,Y,live dry-run current_title 기준 정산정보없음 표식 추가. 지급정산관리_존재_채널수=0; 정산정보없음_채널수=1; 담당부서=패밀리케어팀; 담당자=남단미,소설,패밀리케어팀,남단미
133262,공작부인의 음탕한 초대,[정산정보없음]_공작부인의 음탕한 초대,공작부인의 음탕한 초대,Y,live dry-run current_title 기준 정산정보없음 표식 추가. 지급정산관리_존재_채널수=0; 정산정보없음_채널수=1; 담당부서=패밀리케어팀; 담당자=남단미,소설,패밀리케어팀,남단미
133829,나이츠(Nights),[정산정보없음]_나이츠(Nights),나이츠(Nights),Y,live dry-run current_title 기준 정산정보없음 표식 추가. 지급정산관리_존재_채널수=0; 정산정보없음_채널수=1; 담당부서=패밀리케어팀; 담당자=남단미,소설,패밀리케어팀,남단미
