catalog_group_index,platform,sheet_count,file_count,status,schema_signature,top_sheet_names,header_row_distribution,row_count_min,row_count_max,column_count_min,column_count_max,flags,raw_title_candidates,external_content_id_candidates,sale_amount_candidates,settlement_base_amount_candidates,offset_amount_candidates,headers_preview,examples,example_rel_path,example_sheet,open_status,workbook_sheets,sheet_max_row,sheet_max_column,best_header_row,best_header_score,best_header_metrics_json,best_header_preview,repeated_header_rows,structure_notes
1,네이버,67,67,adapter_candidate,컨텐츠|컨텐츠no|공급자코드|cp명|작가명|출판사|나이제한|서비스일|대여권|소장권|쿠키로대여|쿠키로구매|i쿠키로대여|i쿠키로구매|자동충전쿠키로대여|자동충전쿠키로구매|구글쿠키로대여|구글쿠키로구매|구글외부쿠키로대여|구글외부쿠키로구매|원스토어쿠키로대여|원스토어쿠키로구매|리딤쿠키로대여|리딤쿠키로구매|유상이용권보정|마켓수수료추정치|합계,contentsSelling_2026-04-03(9) | contentsSelling_2026-05-06(9) | contentsSelling_2026-02-04(7) | contentsSelling_2026-03-04(7) | contentsSelling_2026-01-06(6) | contentsSelling_2025-09-03(4) | contentsSelling_2025-10-10(4) | contentsSelling_2025-11-04(3),3:67,6,575,71,71,merged_cells:67 | hidden_rows:1 | hidden_columns:1,컨텐츠(3),공급자코드(9) | 컨텐츠No(7),합계(3),,마켓수수료(추정치)(8),컨텐츠 | 컨텐츠No | 공급자코드 | CP명 | 작가명 | 출판사 | 나이제한 | 서비스일 | 대여권 | 소장권 | 쿠키로 대여 | 쿠키로 구매 | i쿠키로 대여 | i쿠키로 구매 | 자동충전 쿠키로 대여 | 자동충전 쿠키로 구매 | 구글 쿠키로 대여 | 구글 쿠키로 구매 | 구글 외부 쿠키로 대여 | 구글 외부 쿠키로 구매 | 원스토어 쿠키로 대여 | 원스토어 쿠키로 구매 | 리딤 쿠키로 대여 | 리딤 쿠키로 구매 | 유상 이용권 보정 | 마켓수수료(추정치) | 합계,네이버\1월\2026년 1월 네이버 연재 정산상세.xlsx::contentsSelling_2026-02-04 || 네이버\1월\2026년 1월 네이버 장르 정산상세.xlsx::contentsSelling_2026-02-04 || 네이버\1월\선투자\2026년 1월 네이버 김악개 정산상세.xlsx::contentsSelling_2026-02-04 || 네이버\1월\선투자\2026년 1월 네이버 북홀릭 정산상세.xlsx::contentsSelling_2026-02-04 || 네이버\1월\선투자\2026년 1월 네이버 선투자 정산상세(통합).xlsx::contentsSelling_2026-02-04,네이버\1월\2026년 1월 네이버 연재 정산상세.xlsx,contentsSelling_2026-02-04,opened,contentsSelling_2026-02-04,502,71,3,23.0,"{""non_empty"": 27, ""keyword_hits"": 5, ""title_hits"": 1, ""money_hits"": 2, ""id_hits"": 2, ""data_like"": 0}",컨텐츠 | 컨텐츠No | 공급자코드 | CP명 | 작가명 | 출판사 | 나이제한 | 서비스일 | 대여권 | 소장권 | 쿠키로 대여 | 쿠키로 구매 | i쿠키로 대여 | i쿠키로 구매 | 자동충전 쿠키로 대여 | 자동충전 쿠키로 구매 | 구글 쿠키로 대여 | 구글 쿠키로 구매 | 구글 외부 쿠키로 대여 | 구글 외부 쿠키로 구매 | 원스토어 쿠키로 대여 | 원스토어 쿠키로 구매 | 리딤 쿠키로 대여 | 리딤 쿠키로 구매 | 유상 이용권 보정 | 마켓수수료(추정치) | 합계,1 | 3,merged_cells=29; repeated_internal_headers
2,네이버,4,4,adapter_candidate,컨텐츠|컨텐츠no|공급자코드|cp명|작가명|출판사|나이제한|서비스일|대여권|소장권|쿠키로대여|쿠키로구매|i쿠키로대여|i쿠키로구매|자동충전쿠키로대여|자동충전쿠키로구매|구글쿠키로대여|구글쿠키로구매|구글외부쿠키로대여|구글외부쿠키로구매|원스토어쿠키로대여|원스토어쿠키로구매|리딤쿠키로대여|리딤쿠키로구매|유상이용권보정|마켓수수료추정치|합계|정산금액,contentsSelling_2025-11-04(1) | contentsSelling_2025-12-03(1) | contentsSelling_2026-01-06(1) | contentsSelling_2025-10-10(1),3:4,7,9,72,72,merged_cells:4,컨텐츠(3),공급자코드(9) | 컨텐츠No(7),합계(3),정산금액(11),마켓수수료(추정치)(8),컨텐츠 | 컨텐츠No | 공급자코드 | CP명 | 작가명 | 출판사 | 나이제한 | 서비스일 | 대여권 | 소장권 | 쿠키로 대여 | 쿠키로 구매 | i쿠키로 대여 | i쿠키로 구매 | 자동충전 쿠키로 대여 | 자동충전 쿠키로 구매 | 구글 쿠키로 대여 | 구글 쿠키로 구매 | 구글 외부 쿠키로 대여 | 구글 외부 쿠키로 구매 | 원스토어 쿠키로 대여 | 원스토어 쿠키로 구매 | 리딤 쿠키로 대여 | 리딤 쿠키로 구매 | 유상 이용권 보정 | 마켓수수료(추정치) | 합계 | 정산금액,네이버\25년\10월\선투자\2025년 10월 네이버 선투자 정산상세(통합).xlsx::contentsSelling_2025-11-04 || 네이버\25년\11월\선투자\2025년 11월 네이버 선투자 정산상세(통합).xlsx::contentsSelling_2025-12-03 || 네이버\25년\12월\선투자\2025년 12월 네이버 선투자 정산상세(통합).xlsx::contentsSelling_2026-01-06 || 네이버\25년\9월\선투자\2025년 9월 네이버 선투자 정산상세(통합).xlsx::contentsSelling_2025-10-10,네이버\25년\10월\선투자\2025년 10월 네이버 선투자 정산상세(통합).xlsx,contentsSelling_2025-11-04,opened,contentsSelling_2025-11-04,7,72,3,31.0,"{""non_empty"": 28, ""keyword_hits"": 7, ""title_hits"": 1, ""money_hits"": 4, ""id_hits"": 2, ""data_like"": 0}",컨텐츠 | 컨텐츠No | 공급자코드 | CP명 | 작가명 | 출판사 | 나이제한 | 서비스일 | 대여권 | 소장권 | 쿠키로 대여 | 쿠키로 구매 | i쿠키로 대여 | i쿠키로 구매 | 자동충전 쿠키로 대여 | 자동충전 쿠키로 구매 | 구글 쿠키로 대여 | 구글 쿠키로 구매 | 구글 외부 쿠키로 대여 | 구글 외부 쿠키로 구매 | 원스토어 쿠키로 대여 | 원스토어 쿠키로 구매 | 리딤 쿠키로 대여 | 리딤 쿠키로 구매 | 유상 이용권 보정 | 마켓수수료(추정치) | 합계 | 정산금액,1 | 3,merged_cells=29; repeated_internal_headers
3,조아라,16,16,adapter_candidate,작품명|작품코드|작가명|단가|판매건수|비율|정산금액|정산일,작품별 정산리스트_2026-1(2) | 작품별 정산리스트_2025-10(2) | 작품별 정산리스트_2025-11(2) | 작품별 정산리스트_2025-12(2) | 작품별 정산리스트_2025-9(2) | 작품별 정산리스트_2026-2(2) | 작품별 정산리스트_2026-3(2) | 작품별 정산리스트_2026-4(2),1:16,47,123,8,8,,작품명(10),작품코드(9),,정산금액(11),,작품명 | 작품코드 | 작가명 | 단가 | 판매건수 | 비율 | 정산금액 | 정산일,조아라\1월\로맨스\2026년 1월 조아라 로맨스 정산상세.xlsx::작품별 정산리스트_2026-1 || 조아라\1월\판무\2026년 1월 조아라 판무 정산상세.xlsx::작품별 정산리스트_2026-1 || 조아라\25년\10월\로맨스\2025년 10월 조아라 로맨스 정산상세.xlsx::작품별 정산리스트_2025-10 || 조아라\25년\10월\판무\2025년 10월 조아라 판무 정산상세.xlsx::작품별 정산리스트_2025-10 || 조아라\25년\11월\로맨스\2025년 11월 조아라 로맨스 정산상세.xlsx::작품별 정산리스트_2025-11,조아라\1월\로맨스\2026년 1월 조아라 로맨스 정산상세.xlsx,작품별 정산리스트_2026-1,opened,작품별 정산리스트_2026-1,69,8,1,23.6,"{""non_empty"": 8, ""keyword_hits"": 6, ""title_hits"": 1, ""money_hits"": 3, ""id_hits"": 1, ""data_like"": 0}",작품명 | 작품코드 | 작가명 | 단가 | 판매건수 | 비율 | 정산금액 | 정산일,1,
4,조아라,14,14,adapter_candidate,작품명|작가명|판매건수|비율|정산금액|정산일,작품별 정산리스트_2025-10(2) | 작품별 정산리스트_2025-9(2) | 작품별 정산리스트_2026-2(2) | 작품별 정산리스트_2026-1(1) | 작품별 정산리스트_2026-1 (1)(1) | 작품별 정산리스트_2025-11(1) | 작품별 정산리스트_2025-11 (1)(1) | 작품별 정산리스트_2025-12(1),1:14,9,34,6,6,,작품명(10),,,정산금액(11),,작품명 | 작가명 | 판매건수 | 비율 | 정산금액 | 정산일,조아라\1월\로맨스\2026년 1월 조아라 로맨스 단행본 정산상세.xlsx::작품별 정산리스트_2026-1 || 조아라\1월\판무\2026년 1월 조아라 판무 단행본 정산상세.xlsx::작품별 정산리스트_2026-1 (1) || 조아라\25년\10월\로맨스\2025년 10월 조아라 로맨스 단행본 정산상세.xlsx::작품별 정산리스트_2025-10 || 조아라\25년\10월\판무\2025년 10월 조아라 판무 단행본 정산상세.xlsx::작품별 정산리스트_2025-10 || 조아라\25년\11월\로맨스\2025년 11월 조아라 로맨스 단행본 정산상세.xlsx::작품별 정산리스트_2025-11,조아라\1월\로맨스\2026년 1월 조아라 로맨스 단행본 정산상세.xlsx,작품별 정산리스트_2026-1,opened,작품별 정산리스트_2026-1,11,6,1,20.2,"{""non_empty"": 6, ""keyword_hits"": 5, ""title_hits"": 1, ""money_hits"": 3, ""id_hits"": 0, ""data_like"": 0}",작품명 | 작가명 | 판매건수 | 비율 | 정산금액 | 정산일,1,
5,조아라,5,5,adapter_candidate,작품명|작가명|금액|비율|정산금액|정산일,후원쿠폰-작품별 정산_2026-1(2) | 후원쿠폰-작품별 정산_2025-10(1) | 후원쿠폰-작품별 정산_2025-12(1) | 후원쿠폰-작품별 정산_2026-2(1),1:5,2,3,6,6,,작품명(10),,,정산금액(11),,작품명 | 작가명 | 금액 | 비율 | 정산금액 | 정산일,조아라\1월\로맨스\2026년 1월 조아라 로맨스 후원쿠폰 정산상세.xlsx::후원쿠폰-작품별 정산_2026-1 || 조아라\1월\판무\2026년 1월 조아라 판무 후원쿠폰 정산상세.xlsx::후원쿠폰-작품별 정산_2026-1 || 조아라\25년\10월\판무\2025년 10월 조아라 판무 후원쿠폰 정산상세.xlsx::후원쿠폰-작품별 정산_2025-10 || 조아라\25년\12월\판무\2025년 12월 조아라 판무 후원쿠폰 정산상세.xlsx::후원쿠폰-작품별 정산_2025-12 || 조아라\2월\판무\2026년 2월 조아라 판무 후원쿠폰 정산상세.xlsx::후원쿠폰-작품별 정산_2026-2,조아라\1월\로맨스\2026년 1월 조아라 로맨스 후원쿠폰 정산상세.xlsx,후원쿠폰-작품별 정산_2026-1,opened,후원쿠폰-작품별 정산_2026-1,2,6,1,16.2,"{""non_empty"": 6, ""keyword_hits"": 4, ""title_hits"": 1, ""money_hits"": 2, ""id_hits"": 0, ""data_like"": 0}",작품명 | 작가명 | 금액 | 비율 | 정산금액 | 정산일,1,
6,조아라,2,2,adapter_candidate,작품명|분류|작가명|이용권|5kb조회수|10kb조회수|정산금액|정산일,작품별  정산리스트_2025-10(1) | 작품별  정산리스트_2025-9(1),1:2,4,11,8,8,,작품명(10),,,정산금액(11),,작품명 | 분류 | 작가명 | 이용권 | 5kb조회수 | 10kb조회수 | 정산금액 | 정산일,조아라\25년\10월\판무\2025년 10월 조아라 판무 노블레스 정산상세.xlsx::작품별  정산리스트_2025-10 || 조아라\25년\9월\판무\2025년 9월 조아라 판무 노블레스 정산상세.xlsx::작품별  정산리스트_2025-9,조아라\25년\10월\판무\2025년 10월 조아라 판무 노블레스 정산상세.xlsx,작품별  정산리스트_2025-10,opened,작품별  정산리스트_2025-10,4,8,1,18.6,"{""non_empty"": 8, ""keyword_hits"": 5, ""title_hits"": 1, ""money_hits"": 2, ""id_hits"": 0, ""data_like"": 0}",작품명 | 분류 | 작가명 | 이용권 | 5kb조회수 | 10kb조회수 | 정산금액 | 정산일,1,
7,조아라,2,2,adapter_candidate,작품명|작품코드|작가명|판매건수|비율|정산금액|정산일,작품별 정산리스트_2026-4 (1)(1) | 작품별 정산리스트_2026-4(1),1:2,14,37,7,7,,작품명(10),작품코드(9),,정산금액(11),,작품명 | 작품코드 | 작가명 | 판매건수 | 비율 | 정산금액 | 정산일,조아라\4월\로맨스\2026년 4월 조아라 로맨스 단행본 정산상세.xlsx::작품별 정산리스트_2026-4 (1) || 조아라\4월\판무\2026년 4월 조아라 판무 단행본 정산상세.xlsx::작품별 정산리스트_2026-4,조아라\4월\로맨스\2026년 4월 조아라 로맨스 단행본 정산상세.xlsx,작품별 정산리스트_2026-4 (1),opened,작품별 정산리스트_2026-4 (1),14,7,1,23.4,"{""non_empty"": 7, ""keyword_hits"": 6, ""title_hits"": 1, ""money_hits"": 3, ""id_hits"": 1, ""data_like"": 0}",작품명 | 작품코드 | 작가명 | 판매건수 | 비율 | 정산금액 | 정산일,1,
8,스토린랩,7,7,manual_review,서점명|판매건수|매출|b2bc정산율|정산총액,정리(7),6:7,12,13,7,7,merged_cells:7,,,매출(3),정산총액(11),,서점 명 | 판매건수 | 매출 | B2BC 정산율 | 정산총액,스토린랩\1월\2026년 1월 스토린랩 정산상세.xlsx::정리 || 스토린랩\25년\10월\2025년 10월 스토린랩 정산상세.xlsx::정리 || 스토린랩\25년\11월\2025년 11월 스토린랩 정산상세.xlsx::정리 || 스토린랩\25년\12월\2025년 12월 스토린랩 정산상세.xlsx::정리 || 스토린랩\25년\8월\2025년 8월 스토린랩 정산상세.xlsx::정리,스토린랩\1월\2026년 1월 스토린랩 정산상세.xlsx,정리,opened,정리 | 원스 | 원스(북패스),12,7,6,13.0,"{""non_empty"": 5, ""keyword_hits"": 3, ""title_hits"": 0, ""money_hits"": 3, ""id_hits"": 0, ""data_like"": 0}",서점 명 | 판매건수 | 매출 | B2BC 정산율 | 정산총액,,merged_cells=2; multi_sheet_workbook
9,스토린랩,6,6,adapter_candidate,판매처|판매월|번호|상품명|키다리코드|글작가|출판사|정산처|공급유형|분류|파트너명|파트너id|사업자구분|구매요청poc|채널상품id|채널상품명|회차|상품id|코드|2차정산여부|카테고리|그림작가|타입|판매건수|취소건수|정액제정산대상액|판매건수|판매금액|취소건수|취소금액|합계|고객결제|고객결제현금영수증|ios|aos|쿠폰시다무포인트등|고객결제|고객결제현금영수증|ios|aos|쿠폰시다무포인트등|ios|aos|고객결제서비스이용료|쿠폰시다무포인트등|차감|정산유형|건수|판매총액|입금액|정산율|정산액,원스(6),1:6,145,216,156,215,large_column_count:6,채널상품명(10) | 상품명(8),채널상품ID(9) | 상품ID(7) | 키다리코드(5) | 코드(3) | 파트너ID(3),판매금액(9) | 판매총액(4) | 합계(3),정산액(10) | 입금액(8) | 정액제 정산대상액(4) | 정산처(2) | 정산유형(2) | 2차정산여부(2),취소금액(8),IOS | AOS | 쿠폰/시다무/포인트등 | 판매건수 | 취소건수 | 고객결제 | 고객결제(현금영수증) | 판매처 | 판매월 | 번호 | 상품명 | 키다리코드 | 글작가 | 출판사 | 정산처 | 공급유형 | 분류 | 파트너명 | 파트너ID | 사업자구분 | 구매요청POC | 채널상품ID | 채널상품명 | 회차 | 상품ID | 코드 | 2차정산여부 | 카테고리 | 그림작가 | 타입 | 정액제 정산대상액 | 판매금액 | 취소금액 | 합계 | 고객결제 서비스이용료 | 차감 | 정산유형 | 건수 | 판매총액 | 입금액 | 정산율 | 정산액,스토린랩\1월\2026년 1월 스토린랩 정산상세.xlsx::원스 || 스토린랩\25년\11월\2025년 11월 스토린랩 정산상세.xlsx::원스 || 스토린랩\25년\12월\2025년 12월 스토린랩 정산상세.xlsx::원스 || 스토린랩\25년\8월\2025년 8월 스토린랩 정산상세.xlsx::원스 || 스토린랩\25년\9월\2025년 9월 스토린랩 정산상세.xlsx::원스,스토린랩\1월\2026년 1월 스토린랩 정산상세.xlsx,원스,opened,정리 | 원스 | 원스(북패스),145,205,1,41.0,"{""non_empty"": 52, ""keyword_hits"": 9, ""title_hits"": 1, ""money_hits"": 6, ""id_hits"": 4, ""data_like"": 0}",판매처 | 판매월 | 번호 | 상품명 | 키다리코드 | 글작가 | 출판사 | 정산처 | 공급유형 | 분류 | 파트너명 | 파트너ID | 사업자구분 | 구매요청POC | 채널상품ID | 채널상품명 | 회차 | 상품ID | 코드 | 2차정산여부 | 카테고리 | 그림작가 | 타입 | 판매건수 | 취소건수 | 정액제 정산대상액 | 판매건수 | 판매금액 | 취소건수 | 취소금액 | 합계 | 고객결제 | 고객결제(현금영수증) | IOS | AOS,1,multi_sheet_workbook
10,스토린랩,2,2,adapter_candidate,판매처|판매월|번호|이용상품명|키다리코드|글작가|출판사|정산처|공급유형|분류|매출사업자|판매사업자|정액권상품id|정액권상품명|실결제금액|정액권총매출액|업체별정산지급액|판매자id|판매자명|상호명|그림작가|채널상품id|채널상품명|도서바코드|bp관리id|이용상품id|코드|회차|상품정가|기준가|다운건수|매출지분|전체이용금액|상품별정산금액|카테고리|타입|건수|판매총액|입금액|정산율|정산액,원스(북패스)(2),1:2,28,43,144,150,large_column_count:2,채널상품명(10) | 이용상품명(5) | 정액권 상품명(5),채널상품ID(9) | 키다리코드(5) | 도서바코드(5) | 이용상품ID(5) | 정액권 상품ID(5) | 코드(3),정액권 총매출액(9) | 판매총액(4) | 매출지분(2) | 매출사업자(2),정산액(10) | 입금액(8) | 상품별 정산금액(5) | 정산처(2) | 업체별 정산지급액(2),,판매처 | 판매월 | 번호 | 이용상품명 | 키다리코드 | 글작가 | 출판사 | 정산처 | 공급유형 | 분류 | 매출사업자 | 판매사업자 | 정액권 상품ID | 정액권 상품명 | 실 결제 금액 | 정액권 총매출액 | 업체별 정산지급액 | 판매자ID | 판매자명 | 상호명 | 그림작가 | 채널상품ID | 채널상품명 | 도서바코드 | BP관리ID | 이용상품ID | 코드 | 회차 | 상품정가 | 기준가 | 다운건수 | 매출지분 | 전체 이용금액 | 상품별 정산금액 | 카테고리 | 타입 | 건수 | 판매총액 | 입금액 | 정산율 | 정산액,스토린랩\25년\11월\2025년 11월 스토린랩 정산상세.xlsx::원스(북패스) || 스토린랩\25년\12월\2025년 12월 스토린랩 정산상세.xlsx::원스(북패스),스토린랩\25년\11월\2025년 11월 스토린랩 정산상세.xlsx,원스(북패스),opened,정리 | 원스 | 원스(북패스),28,144,1,48.0,"{""non_empty"": 41, ""keyword_hits"": 11, ""title_hits"": 2, ""money_hits"": 6, ""id_hits"": 4, ""data_like"": 0}",판매처 | 판매월 | 번호 | 이용상품명 | 키다리코드 | 글작가 | 출판사 | 정산처 | 공급유형 | 분류 | 매출사업자 | 판매사업자 | 정액권 상품ID | 정액권 상품명 | 실 결제 금액 | 정액권 총매출액 | 업체별 정산지급액 | 판매자ID | 판매자명 | 상호명 | 그림작가 | 채널상품ID | 채널상품명 | 도서바코드 | BP관리ID | 이용상품ID | 코드 | 회차 | 상품정가 | 기준가 | 다운건수 | 매출지분 | 전체 이용금액 | 상품별 정산금액 | 카테고리,1,multi_sheet_workbook
11,스토린랩,1,1,adapter_candidate,판매처|판매월|번호|이용상품명|키다리코드|글작가|출판사|정산처|공급유형|분류|채널상품명|매출사업자|판매사업자|정액권상품id|정액권상품명|실결제금액|정액권총매출액|업체별정산지급액|판매자id|판매자명|상호명|그림작가|채널상품id|도서바코드|bp관리id|이용상품id|코드|회차|상품정가|기준가|매출지분|전체이용금액|카테고리|타입|건수|판매총액|입금액|정산율|정산액,원스(북패스)(1),1:1,54,54,158,158,large_column_count:1,채널상품명(10) | 이용상품명(5) | 정액권 상품명(5),채널상품ID(9) | 키다리코드(5) | 도서바코드(5) | 이용상품ID(5) | 정액권 상품ID(5) | 코드(3),정액권 총매출액(9) | 판매총액(4) | 매출지분(2) | 매출사업자(2),정산액(10) | 입금액(8) | 정산처(2) | 업체별 정산지급액(2),,판매처 | 판매월 | 번호 | 이용상품명 | 키다리코드 | 글작가 | 출판사 | 정산처 | 공급유형 | 분류 | 채널상품명 | 매출사업자 | 판매사업자 | 정액권 상품ID | 정액권 상품명 | 실 결제 금액 | 정액권 총매출액 | 업체별 정산지급액 | 판매자ID | 판매자명 | 상호명 | 그림작가 | 채널상품ID | 도서바코드 | BP관리ID | 이용상품ID | 코드 | 회차 | 상품정가 | 기준가 | 매출지분 | 전체 이용금액 | 카테고리 | 타입 | 건수 | 판매총액 | 입금액 | 정산율 | 정산액,스토린랩\1월\2026년 1월 스토린랩 정산상세.xlsx::원스(북패스),스토린랩\1월\2026년 1월 스토린랩 정산상세.xlsx,원스(북패스),opened,정리 | 원스 | 원스(북패스),54,158,1,48.0,"{""non_empty"": 39, ""keyword_hits"": 11, ""title_hits"": 2, ""money_hits"": 6, ""id_hits"": 4, ""data_like"": 0}",판매처 | 판매월 | 번호 | 이용상품명 | 키다리코드 | 글작가 | 출판사 | 정산처 | 공급유형 | 분류 | 채널상품명 | 매출사업자 | 판매사업자 | 정액권 상품ID | 정액권 상품명 | 실 결제 금액 | 정액권 총매출액 | 업체별 정산지급액 | 판매자ID | 판매자명 | 상호명 | 그림작가 | 채널상품ID | 도서바코드 | BP관리ID | 이용상품ID | 코드 | 회차 | 상품정가 | 기준가 | 매출지분 | 전체 이용금액 | 카테고리 | 타입 | 건수,1,multi_sheet_workbook
12,스토린랩,1,1,adapter_candidate,판매처|판매월|번호|상품명|키다리코드|글작가|출판사|정산처|공급유형|분류|파트너명|파트너id|사업자구분|구매요청poc|채널상품id|채널상품명|회차|상품id|코드|2차정산여부|카테고리|그림작가|판매건수|취소건수|정액제정산대상액|판매건수|판매금액|취소건수|취소금액|합계|고객결제|고객결제현금영수증|ios|aos|쿠폰시다무포인트등|고객결제|고객결제현금영수증|ios|aos|쿠폰시다무포인트등|ios|aos|고객결제서비스이용료|쿠폰시다무포인트등|차감|정산유형|건수|판매총액|입금액|정산율|정산액,원스(1),1:1,209,209,175,175,large_column_count:1,채널상품명(10) | 상품명(8),채널상품ID(9) | 상품ID(7) | 키다리코드(5) | 코드(3) | 파트너ID(3),판매금액(9) | 판매총액(4) | 합계(3),정산액(10) | 입금액(8) | 정액제 정산대상액(4) | 정산처(2) | 정산유형(2) | 2차정산여부(2),취소금액(8),IOS | AOS | 쿠폰/시다무/포인트등 | 판매건수 | 취소건수 | 고객결제 | 고객결제(현금영수증) | 판매처 | 판매월 | 번호 | 상품명 | 키다리코드 | 글작가 | 출판사 | 정산처 | 공급유형 | 분류 | 파트너명 | 파트너ID | 사업자구분 | 구매요청POC | 채널상품ID | 채널상품명 | 회차 | 상품ID | 코드 | 2차정산여부 | 카테고리 | 그림작가 | 정액제 정산대상액 | 판매금액 | 취소금액 | 합계 | 고객결제 서비스이용료 | 차감 | 정산유형 | 건수 | 판매총액 | 입금액 | 정산율 | 정산액,스토린랩\25년\10월\2025년 10월 스토린랩 정산상세.xlsx::원스,스토린랩\25년\10월\2025년 10월 스토린랩 정산상세.xlsx,원스,opened,정리 | 원스 | 원스(북패스),209,175,1,41.0,"{""non_empty"": 51, ""keyword_hits"": 9, ""title_hits"": 1, ""money_hits"": 6, ""id_hits"": 4, ""data_like"": 0}",판매처 | 판매월 | 번호 | 상품명 | 키다리코드 | 글작가 | 출판사 | 정산처 | 공급유형 | 분류 | 파트너명 | 파트너ID | 사업자구분 | 구매요청POC | 채널상품ID | 채널상품명 | 회차 | 상품ID | 코드 | 2차정산여부 | 카테고리 | 그림작가 | 판매건수 | 취소건수 | 정액제 정산대상액 | 판매건수 | 판매금액 | 취소건수 | 취소금액 | 합계 | 고객결제 | 고객결제(현금영수증) | IOS | AOS | 쿠폰/시다무/포인트등,1,multi_sheet_workbook
13,스토린랩,1,1,adapter_candidate,판매처|판매월|번호|이용상품명|키다리코드|글작가|출판사|정산처|공급유형|분류|매출사업자|판매사업자|정액권상품id|정액권상품명|실결제금액|정액권총매출액|업체별정산지급액|판매자id|판매자명|상호명|그림작가|채널상품id|채널상품명|도서바코드|bp관리id|이용상품id|회차|상품정가|기준가|다운건수|매출지분|전체이용금액|상품별정산금액|카테고리|타입|건수|판매총액|입금액|정산율|정산액,원스(북패스)(1),1:1,43,43,137,137,large_column_count:1,채널상품명(10) | 이용상품명(5) | 정액권 상품명(5),채널상품ID(9) | 키다리코드(5) | 도서바코드(5) | 이용상품ID(5) | 정액권 상품ID(5),정액권 총매출액(9) | 판매총액(4) | 매출지분(2) | 매출사업자(2),정산액(10) | 입금액(8) | 상품별 정산금액(5) | 정산처(2) | 업체별 정산지급액(2),,판매처 | 판매월 | 번호 | 이용상품명 | 키다리코드 | 글작가 | 출판사 | 정산처 | 공급유형 | 분류 | 매출사업자 | 판매사업자 | 정액권 상품ID | 정액권 상품명 | 실 결제 금액 | 정액권 총매출액 | 업체별 정산지급액 | 판매자ID | 판매자명 | 상호명 | 그림작가 | 채널상품ID | 채널상품명 | 도서바코드 | BP관리ID | 이용상품ID | 회차 | 상품정가 | 기준가 | 다운건수 | 매출지분 | 전체 이용금액 | 상품별 정산금액 | 카테고리 | 타입 | 건수 | 판매총액 | 입금액 | 정산율 | 정산액,스토린랩\25년\10월\2025년 10월 스토린랩 정산상세.xlsx::원스(북패스),스토린랩\25년\10월\2025년 10월 스토린랩 정산상세.xlsx,원스(북패스),opened,정리 | 원스 | 원스(북패스),43,137,1,48.0,"{""non_empty"": 40, ""keyword_hits"": 11, ""title_hits"": 2, ""money_hits"": 6, ""id_hits"": 4, ""data_like"": 0}",판매처 | 판매월 | 번호 | 이용상품명 | 키다리코드 | 글작가 | 출판사 | 정산처 | 공급유형 | 분류 | 매출사업자 | 판매사업자 | 정액권 상품ID | 정액권 상품명 | 실 결제 금액 | 정액권 총매출액 | 업체별 정산지급액 | 판매자ID | 판매자명 | 상호명 | 그림작가 | 채널상품ID | 채널상품명 | 도서바코드 | BP관리ID | 이용상품ID | 회차 | 상품정가 | 기준가 | 다운건수 | 매출지분 | 전체 이용금액 | 상품별 정산금액 | 카테고리 | 타입,1,multi_sheet_workbook
14,스토린랩,1,1,adapter_candidate,판매처|판매월|번호|이용상품명|키다리코드|글작가|출판사|정산처|공급유형|분류|타입|매출사업자|판매사업자|정액권상품id|정액권상품명|실결제금액|정액권총매출액|업체별정산지급액|판매자id|판매자명|상호명|그림작가|채널상품id|채널상품명|도서바코드|bp관리id|이용상품id|코드|회차|상품정가|기준가|다운건수|매출지분|전체이용금액|상품별정산금액|카테고리|건수|판매총액|입금액|정산율|정산액,원스(북패스)(1),1:1,36,36,122,122,large_column_count:1,채널상품명(10) | 이용상품명(5) | 정액권 상품명(5),채널상품ID(9) | 키다리코드(5) | 도서바코드(5) | 이용상품ID(5) | 정액권 상품ID(5) | 코드(3),정액권 총매출액(9) | 판매총액(4) | 매출지분(2) | 매출사업자(2),정산액(10) | 입금액(8) | 상품별 정산금액(5) | 정산처(2) | 업체별 정산지급액(2),,판매처 | 판매월 | 번호 | 이용상품명 | 키다리코드 | 글작가 | 출판사 | 정산처 | 공급유형 | 분류 | 타입 | 매출사업자 | 판매사업자 | 정액권 상품ID | 정액권 상품명 | 실 결제 금액 | 정액권 총매출액 | 업체별 정산지급액 | 판매자ID | 판매자명 | 상호명 | 그림작가 | 채널상품ID | 채널상품명 | 도서바코드 | BP관리ID | 이용상품ID | 코드 | 회차 | 상품정가 | 기준가 | 다운건수 | 매출지분 | 전체 이용금액 | 상품별 정산금액 | 카테고리 | 건수 | 판매총액 | 입금액 | 정산율 | 정산액,스토린랩\25년\8월\2025년 8월 스토린랩 정산상세.xlsx::원스(북패스),스토린랩\25년\8월\2025년 8월 스토린랩 정산상세.xlsx,원스(북패스),opened,정리 | 원스 | 원스(북패스),36,122,1,48.0,"{""non_empty"": 41, ""keyword_hits"": 11, ""title_hits"": 2, ""money_hits"": 6, ""id_hits"": 4, ""data_like"": 0}",판매처 | 판매월 | 번호 | 이용상품명 | 키다리코드 | 글작가 | 출판사 | 정산처 | 공급유형 | 분류 | 타입 | 매출사업자 | 판매사업자 | 정액권 상품ID | 정액권 상품명 | 실 결제 금액 | 정액권 총매출액 | 업체별 정산지급액 | 판매자ID | 판매자명 | 상호명 | 그림작가 | 채널상품ID | 채널상품명 | 도서바코드 | BP관리ID | 이용상품ID | 코드 | 회차 | 상품정가 | 기준가 | 다운건수 | 매출지분 | 전체 이용금액 | 상품별 정산금액,1,multi_sheet_workbook
15,스토린랩,1,1,adapter_candidate,판매처|판매월|번호|타이틀|작가|출판사|정산처|공급유형|분류|구분|장르|사용코인|사용금액|취소코인|취소금액|합계금액|결제|이벤트|합계코인|판매총액|입금액|정산율|정산액,무툰(1),1:1,3,3,180,180,large_column_count:1,타이틀(8),,판매총액(4) | 사용코인(3) | 합계금액(2) | 합계코인(2),정산액(10) | 입금액(8) | 정산처(2),취소금액(8) | 취소코인(3),판매처 | 판매월 | 번호 | 타이틀 | 작가 | 출판사 | 정산처 | 공급유형 | 분류 | 구분 | 장르 | 사용코인 | 사용금액 | 취소코인 | 취소금액 | 합계금액 | 결제 | 이벤트 | 합계코인 | 판매총액 | 입금액 | 정산율 | 정산액,스토린랩\25년\9월\2025년 9월 스토린랩 정산상세.xlsx::무툰,스토린랩\25년\9월\2025년 9월 스토린랩 정산상세.xlsx,무툰,opened,정리 | 무툰 | 원스 | 원스(북패스),3,180,1,34.0,"{""non_empty"": 23, ""keyword_hits"": 7, ""title_hits"": 1, ""money_hits"": 6, ""id_hits"": 1, ""data_like"": 0}",판매처 | 판매월 | 번호 | 타이틀 | 작가 | 출판사 | 정산처 | 공급유형 | 분류 | 구분 | 장르 | 사용코인 | 사용금액 | 취소코인 | 취소금액 | 합계금액 | 결제 | 이벤트 | 합계코인 | 판매총액 | 입금액 | 정산율 | 정산액,1,multi_sheet_workbook
16,스토린랩,1,1,adapter_candidate,판매처|판매월|번호|이용상품명|키다리코드|글작가|출판사|정산처|공급유형|분류|매출사업자|판매사업자|정액권상품id|정액권상품명|실결제금액|정액권총매출액|업체별정산지급액|판매자id|판매자명|상호명|그림작가|채널상품id|채널상품명|도서바코드|bp관리id|이용상품id|코드|회차|상품정가|기준가|다운건수|매출지분|전체이용금액|카테고리|타입|건수|판매총액|입금액|정산율|정산액,원스(북패스)(1),1:1,44,44,132,132,large_column_count:1,채널상품명(10) | 이용상품명(5) | 정액권 상품명(5),채널상품ID(9) | 키다리코드(5) | 도서바코드(5) | 이용상품ID(5) | 정액권 상품ID(5) | 코드(3),정액권 총매출액(9) | 판매총액(4) | 매출지분(2) | 매출사업자(2),정산액(10) | 입금액(8) | 정산처(2) | 업체별 정산지급액(2),,판매처 | 판매월 | 번호 | 이용상품명 | 키다리코드 | 글작가 | 출판사 | 정산처 | 공급유형 | 분류 | 매출사업자 | 판매사업자 | 정액권 상품ID | 정액권 상품명 | 실 결제 금액 | 정액권 총매출액 | 업체별 정산지급액 | 판매자ID | 판매자명 | 상호명 | 그림작가 | 채널상품ID | 채널상품명 | 도서바코드 | BP관리ID | 이용상품ID | 코드 | 회차 | 상품정가 | 기준가 | 다운건수 | 매출지분 | 전체 이용금액 | 카테고리 | 타입 | 건수 | 판매총액 | 입금액 | 정산율 | 정산액,스토린랩\25년\9월\2025년 9월 스토린랩 정산상세.xlsx::원스(북패스),스토린랩\25년\9월\2025년 9월 스토린랩 정산상세.xlsx,원스(북패스),opened,정리 | 무툰 | 원스 | 원스(북패스),44,132,1,48.0,"{""non_empty"": 40, ""keyword_hits"": 11, ""title_hits"": 2, ""money_hits"": 6, ""id_hits"": 4, ""data_like"": 0}",판매처 | 판매월 | 번호 | 이용상품명 | 키다리코드 | 글작가 | 출판사 | 정산처 | 공급유형 | 분류 | 매출사업자 | 판매사업자 | 정액권 상품ID | 정액권 상품명 | 실 결제 금액 | 정액권 총매출액 | 업체별 정산지급액 | 판매자ID | 판매자명 | 상호명 | 그림작가 | 채널상품ID | 채널상품명 | 도서바코드 | BP관리ID | 이용상품ID | 코드 | 회차 | 상품정가 | 기준가 | 다운건수 | 매출지분 | 전체 이용금액 | 카테고리 | 타입,1,multi_sheet_workbook
17,스토린랩,1,1,adapter_candidate,판매처|판매월|번호|이용상품명|키다리코드|글작가|출판사|정산처|공급유형|분류|채널상품명|매출사업자|판매사업자|정액권상품id|정액권상품명|실결제금액|정액권총매출액|업체별정산지급액|판매자id|판매자명|상호명|그림작가|채널상품id|도서바코드|bp관리id|이용상품id|코드|회차|상품정가|기준가|다운건수|매출지분|전체이용금액|상품별정산금액|카테고리|타입|건수|판매총액|입금액|정산율|정산액,원스(북패스)(1),1:1,27,27,164,164,large_column_count:1,채널상품명(10) | 이용상품명(5) | 정액권 상품명(5),채널상품ID(9) | 키다리코드(5) | 도서바코드(5) | 이용상품ID(5) | 정액권 상품ID(5) | 코드(3),정액권 총매출액(9) | 판매총액(4) | 매출지분(2) | 매출사업자(2),정산액(10) | 입금액(8) | 상품별 정산금액(5) | 정산처(2) | 업체별 정산지급액(2),,판매처 | 판매월 | 번호 | 이용상품명 | 키다리코드 | 글작가 | 출판사 | 정산처 | 공급유형 | 분류 | 채널상품명 | 매출사업자 | 판매사업자 | 정액권 상품ID | 정액권 상품명 | 실 결제 금액 | 정액권 총매출액 | 업체별 정산지급액 | 판매자ID | 판매자명 | 상호명 | 그림작가 | 채널상품ID | 도서바코드 | BP관리ID | 이용상품ID | 코드 | 회차 | 상품정가 | 기준가 | 다운건수 | 매출지분 | 전체 이용금액 | 상품별 정산금액 | 카테고리 | 타입 | 건수 | 판매총액 | 입금액 | 정산율 | 정산액,스토린랩\2월\2026년 2월 스토린랩 정산상세.xlsx::원스(북패스),스토린랩\2월\2026년 2월 스토린랩 정산상세.xlsx,원스(북패스),opened,정리 | 원스 | 원스(북패스),27,164,1,48.0,"{""non_empty"": 41, ""keyword_hits"": 11, ""title_hits"": 2, ""money_hits"": 6, ""id_hits"": 4, ""data_like"": 0}",판매처 | 판매월 | 번호 | 이용상품명 | 키다리코드 | 글작가 | 출판사 | 정산처 | 공급유형 | 분류 | 채널상품명 | 매출사업자 | 판매사업자 | 정액권 상품ID | 정액권 상품명 | 실 결제 금액 | 정액권 총매출액 | 업체별 정산지급액 | 판매자ID | 판매자명 | 상호명 | 그림작가 | 채널상품ID | 도서바코드 | BP관리ID | 이용상품ID | 코드 | 회차 | 상품정가 | 기준가 | 다운건수 | 매출지분 | 전체 이용금액 | 상품별 정산금액 | 카테고리,1,multi_sheet_workbook
18,판무림,8,8,adapter_candidate,no|시리즈코드|각권코드|대분류|중분류|작품제목|회차제목|저자|cp|출판사|웹판매건수|앱판매건수|판매금액|웹판매건수|앱판매건수|판매금액|이용건수|이용건수|판매금액|포인트사용|판매금액,세부내역(8),4:8,2192,4081,27,27,,작품 제목(8) | 회차 제목(6),각 권 코드(6) | 시리즈 코드(5),판매금액(9),,,판매금액 | 웹판매건수 | 앱판매건수 | 이용건수 | NO | 시리즈 코드 | 각 권 코드 | 대분류 | 중분류 | 작품 제목 | 회차 제목 | 저자 | CP | 출판사 | 포인트 사용,판무림\1월\2026년 1월 판무림 정산상세.xlsx::세부내역 || 판무림\25년\10월\2025년 10월 판무림 정산상세.xlsx::세부내역 || 판무림\25년\11월\2025년 11월 판무림 정산상세.xlsx::세부내역 || 판무림\25년\12월\2025년 12월 판무림 정산상세.xlsx::세부내역 || 판무림\25년\9월\2025년 9월 판무림 정산상세.xlsx::세부내역,판무림\1월\2026년 1월 판무림 정산상세.xlsx,세부내역,opened,표지 | 세부내역,4081,27,4,35.0,"{""non_empty"": 21, ""keyword_hits"": 8, ""title_hits"": 3, ""money_hits"": 2, ""id_hits"": 2, ""data_like"": 0}",NO | 시리즈 코드 | 각 권 코드 | 대분류 | 중분류 | 작품 제목 | 회차 제목 | 저자 | CP | 출판사 | 웹판매건수 | 앱판매건수 | 판매금액 | 웹판매건수 | 앱판매건수 | 판매금액 | 이용건수 | 이용건수 | 판매금액 | 포인트 사용 | 판매금액,4,multi_sheet_workbook
19,판무림,1,1,manual_review,일반작품판매액|2927350,표지(1),12:1,990,990,10,10,merged_cells:1,일반 작품 판매액(2),,,,,일반 작품 판매액,판무림\1월\2026년 1월 판무림 정산상세.xlsx::표지,판무림\1월\2026년 1월 판무림 정산상세.xlsx,표지,opened,표지 | 세부내역,990,10,12,8.9,"{""non_empty"": 2, ""keyword_hits"": 2, ""title_hits"": 1, ""money_hits"": 1, ""id_hits"": 0, ""data_like"": 1}",일반 작품 판매액 | 2927350,12 | 13,merged_cells=18; multi_sheet_workbook; repeated_internal_headers
20,판무림,1,1,manual_review,일반작품판매액|4031340,표지(1),12:1,990,990,10,10,merged_cells:1,일반 작품 판매액(2),,,,,일반 작품 판매액,판무림\25년\10월\2025년 10월 판무림 정산상세.xlsx::표지,판무림\25년\10월\2025년 10월 판무림 정산상세.xlsx,표지,opened,표지 | 세부내역,990,10,12,8.9,"{""non_empty"": 2, ""keyword_hits"": 2, ""title_hits"": 1, ""money_hits"": 1, ""id_hits"": 0, ""data_like"": 1}",일반 작품 판매액 | 4031340,12 | 13,merged_cells=18; multi_sheet_workbook; repeated_internal_headers
21,판무림,1,1,manual_review,일반작품판매액|4275900,표지(1),12:1,990,990,10,10,merged_cells:1,일반 작품 판매액(2),,,,,일반 작품 판매액,판무림\25년\11월\2025년 11월 판무림 정산상세.xlsx::표지,판무림\25년\11월\2025년 11월 판무림 정산상세.xlsx,표지,opened,표지 | 세부내역,990,10,12,8.9,"{""non_empty"": 2, ""keyword_hits"": 2, ""title_hits"": 1, ""money_hits"": 1, ""id_hits"": 0, ""data_like"": 1}",일반 작품 판매액 | 4275900,12 | 13,merged_cells=18; multi_sheet_workbook; repeated_internal_headers
22,판무림,1,1,manual_review,일반작품판매액|4283960,표지(1),12:1,990,990,10,10,merged_cells:1,일반 작품 판매액(2),,,,,일반 작품 판매액,판무림\25년\12월\2025년 12월 판무림 정산상세.xlsx::표지,판무림\25년\12월\2025년 12월 판무림 정산상세.xlsx,표지,opened,표지 | 세부내역,990,10,12,8.9,"{""non_empty"": 2, ""keyword_hits"": 2, ""title_hits"": 1, ""money_hits"": 1, ""id_hits"": 0, ""data_like"": 1}",일반 작품 판매액 | 4283960,12 | 13,merged_cells=18; multi_sheet_workbook; repeated_internal_headers
23,판무림,1,1,manual_review,일반작품판매액|3606480,표지(1),12:1,990,990,10,10,merged_cells:1,일반 작품 판매액(2),,,,,일반 작품 판매액,판무림\25년\9월\2025년 9월 판무림 정산상세.xlsx::표지,판무림\25년\9월\2025년 9월 판무림 정산상세.xlsx,표지,opened,표지 | 세부내역,990,10,12,8.9,"{""non_empty"": 2, ""keyword_hits"": 2, ""title_hits"": 1, ""money_hits"": 1, ""id_hits"": 0, ""data_like"": 1}",일반 작품 판매액 | 3606480,12 | 13,merged_cells=18; multi_sheet_workbook; repeated_internal_headers
24,판무림,1,1,manual_review,일반작품판매액|2906300,표지(1),12:1,990,990,10,10,merged_cells:1,일반 작품 판매액(2),,,,,일반 작품 판매액,판무림\2월\2026년 2월 판무림 정산상세.xlsx::표지,판무림\2월\2026년 2월 판무림 정산상세.xlsx,표지,opened,표지 | 세부내역,990,10,12,8.9,"{""non_empty"": 2, ""keyword_hits"": 2, ""title_hits"": 1, ""money_hits"": 1, ""id_hits"": 0, ""data_like"": 1}",일반 작품 판매액 | 2906300,12 | 13,merged_cells=18; multi_sheet_workbook; repeated_internal_headers
25,판무림,1,1,manual_review,일반작품판매액|2019170,표지(1),12:1,990,990,10,10,merged_cells:1,일반 작품 판매액(2),,,,,일반 작품 판매액,판무림\3월\2026년 3월 판무림 정산상세.xlsx::표지,판무림\3월\2026년 3월 판무림 정산상세.xlsx,표지,opened,표지 | 세부내역,990,10,12,8.9,"{""non_empty"": 2, ""keyword_hits"": 2, ""title_hits"": 1, ""money_hits"": 1, ""id_hits"": 0, ""data_like"": 1}",일반 작품 판매액 | 2019170,12 | 13,merged_cells=18; multi_sheet_workbook; repeated_internal_headers
26,판무림,1,1,manual_review,일반작품판매액|1574920,표지(1),12:1,990,990,10,10,merged_cells:1,일반 작품 판매액(2),,,,,일반 작품 판매액,판무림\4월\2026년 4월 판무림 정산상세.xlsx::표지,판무림\4월\2026년 4월 판무림 정산상세.xlsx,표지,opened,표지 | 세부내역,990,10,12,8.9,"{""non_empty"": 2, ""keyword_hits"": 2, ""title_hits"": 1, ""money_hits"": 1, ""id_hits"": 0, ""data_like"": 1}",일반 작품 판매액 | 1574920,12 | 13,merged_cells=18; multi_sheet_workbook; repeated_internal_headers
27,윌라,7,7,manual_review,__NO_SIGNATURE__::sheet::cols16,sheet(7),none:7,885,971,16,16,no_header_candidate:7,,,,,,,윌라\1월\2026년 1월 윌라 정산상세.xlsx::sheet || 윌라\25년\10월\2025년 10월 윌라 정산상세.xlsx::sheet || 윌라\25년\11월\2025년 11월 윌라 정산상세.xlsx::sheet || 윌라\25년\12월\2025년 12월 윌라 정산상세.xlsx::sheet || 윌라\25년\9월\2025년 윌라 9월 정산상세.xlsx::sheet,윌라\1월\2026년 1월 윌라 정산상세.xlsx,sheet,opened,sheet | 콘텐츠 가격 변동 이력,945,16,1,37.2,"{""non_empty"": 16, ""keyword_hits"": 10, ""title_hits"": 1, ""money_hits"": 4, ""id_hits"": 3, ""data_like"": 0}",No. | 판매 기간 | 콘텐츠 게시일 | 코드 | 콘텐츠명 | 출판사 | 저자 | 열람 수 | 열람 수(누적) | 판매 권 수 | 판매 권 수(누적) | 기준 권 수 | 정가 | 공급가 | 정산 금액 | 전자책ISBN,1,multi_sheet_workbook
28,윌라,7,7,manual_review,__NO_SIGNATURE__::콘텐츠 가격 변동 이력::cols1,콘텐츠 가격 변동 이력(7),none:7,1,1,1,1,no_header_candidate:7,,,,,,,윌라\1월\2026년 1월 윌라 정산상세.xlsx::콘텐츠 가격 변동 이력 || 윌라\25년\10월\2025년 10월 윌라 정산상세.xlsx::콘텐츠 가격 변동 이력 || 윌라\25년\11월\2025년 11월 윌라 정산상세.xlsx::콘텐츠 가격 변동 이력 || 윌라\25년\12월\2025년 12월 윌라 정산상세.xlsx::콘텐츠 가격 변동 이력 || 윌라\25년\9월\2025년 윌라 9월 정산상세.xlsx::콘텐츠 가격 변동 이력,윌라\1월\2026년 1월 윌라 정산상세.xlsx,콘텐츠 가격 변동 이력,opened,sheet | 콘텐츠 가격 변동 이력,1,1,,,,,,multi_sheet_workbook; no_header_candidate_after_rescan
29,구글,9,9,manual_review,__NO_SIGNATURE__::GoogleSalesTransactionReport::cols28,GoogleSalesTransactionReport(9),none:9,2930,6660,28,28,no_header_candidate:9 | large_row_count:6,,,,,,,구글\1월\2026년 1월 구글 정산상세(법인세).xlsx::GoogleSalesTransactionReport || 구글\25년\10월\2025년 10월 구글 정산상세(법인세).xlsx::GoogleSalesTransactionReport || 구글\25년\11월\2025년 11월 구글 정산상세(법인세).xlsx::GoogleSalesTransactionReport || 구글\25년\12월\2025년 12월 구글 정산상세(법인세).xlsx::GoogleSalesTransactionReport || 구글\25년\9월\2025년 8월 구글 정산상세(법인세).xlsx::GoogleSalesTransactionReport,구글\1월\2026년 1월 구글 정산상세(법인세).xlsx,GoogleSalesTransactionReport,opened,GoogleSalesTransactionReport,6660,28,1,14.0,"{""non_empty"": 24, ""keyword_hits"": 2, ""title_hits"": 1, ""money_hits"": 1, ""id_hits"": 1, ""data_like"": 0}",Transaction Date | Id | Product | Type | Preorder | Qty | Primary ISBN | Imprint Name | Title | Author | Original List Price Currency | Original List Price | List Price Currency | List Price [tax inclusive] | List Price [tax exclusive] | Country of Sale | Publisher Revenue % | Publisher Revenue | Payment Currency | Payment Amount | Currency Conversion Rate | 담당팀 | 미국 원천징수세 | 법인세 차감 후 금액,1,
30,한아름,8,8,manual_review,시간매출|건당매출|총매출액|배분률|정산금액,Sheet1(7) | 정산내역서(1),27:7 | 19:1,2110,11865,11,11,merged_cells:7 | large_row_count:7,,,총매출액(15) | 시간매출(2) | 건당매출(2),정산금액(11),,시간매출 | 건당매출 | 총매출액 | 배분률 | 정산금액,한아름\1월\2025년 1월 한아름 정산상세.xlsx::Sheet1 || 한아름\25년\10월\2025년 10월 한아름 정산상세.xlsx::Sheet1 || 한아름\25년\11월\2025년 11월 한아름 정산상세.xlsx::Sheet1 || 한아름\25년\12월\2025년 12월 한아름 정산상세.xlsx::정산내역서 || 한아름\25년\9월\2025년 9월 한아름 정산상세.xlsx::Sheet1,한아름\1월\2025년 1월 한아름 정산상세.xlsx,Sheet1,opened,Sheet1,11865,11,27,13.0,"{""non_empty"": 5, ""keyword_hits"": 3, ""title_hits"": 0, ""money_hits"": 3, ""id_hits"": 0, ""data_like"": 0}",시간매출 | 건당매출 | 총매출액 | 배분률 | 정산금액,,merged_cells=22
31,구글,2,2,manual_review,__NO_SIGNATURE__::GoogleSalesTransactionReport::cols21,GoogleSalesTransactionReport(2),none:2,2930,5837,21,21,no_header_candidate:2 | large_row_count:1,,,,,,,구글\25년\9월\2025년 8월 구글 정산상세.xlsx::GoogleSalesTransactionReport || 구글\25년\9월\2025년 9월 구글 정산상세.xlsx::GoogleSalesTransactionReport,구글\25년\9월\2025년 8월 구글 정산상세.xlsx,GoogleSalesTransactionReport,opened,GoogleSalesTransactionReport,2930,21,1,10.0,"{""non_empty"": 21, ""keyword_hits"": 1, ""title_hits"": 1, ""money_hits"": 0, ""id_hits"": 1, ""data_like"": 0}",Transaction Date | Id | Product | Type | Preorder | Qty | Primary ISBN | Imprint Name | Title | Author | Original List Price Currency | Original List Price | List Price Currency | List Price [tax inclusive] | List Price [tax exclusive] | Country of Sale | Publisher Revenue % | Publisher Revenue | Payment Currency | Payment Amount | Currency Conversion Rate,,
32,한아름,2,1,manual_review,bookno|업체명|구분|출판사|작가명|속성|작품명|권수|권당|판매|금액,한아름(1) | 아름북스(1),4:2,2074,8930,11,11,merged_cells:2 | large_row_count:1,작품명(10),,,,,BOOK NO | 업체명 | 구분 | 출판사 | 작가명 | 속성 | 작품명 | 권수 | 권당 | 판매 | 금액,한아름\25년\12월\2025년 12월 한아름 정산상세.xlsx::한아름 || 한아름\25년\12월\2025년 12월 한아름 정산상세.xlsx::아름북스,한아름\25년\12월\2025년 12월 한아름 정산상세.xlsx,한아름,opened,정산내역서 | 시간로그 | 한아름 | 아름북스,8930,11,4,21.2,"{""non_empty"": 11, ""keyword_hits"": 5, ""title_hits"": 1, ""money_hits"": 2, ""id_hits"": 2, ""data_like"": 0}",BOOK NO | 업체명 | 구분 | 출판사 | 작가명 | 속성 | 작품명 | 권수 | 권당 | 판매 | 금액,4,merged_cells=4; multi_sheet_workbook
33,한아름,1,1,manual_review,bookno|섹션|작가명|출판사|작품명|히트,시간로그(1),4:1,198,198,6,6,merged_cells:1,작품명(10),,,,,BOOK NO | 섹션 | 작가명 | 출판사 | 작품명 | 히트,한아름\25년\12월\2025년 12월 한아름 정산상세.xlsx::시간로그,한아름\25년\12월\2025년 12월 한아름 정산상세.xlsx,시간로그,opened,정산내역서 | 시간로그 | 한아름 | 아름북스,198,6,4,12.2,"{""non_empty"": 6, ""keyword_hits"": 3, ""title_hits"": 1, ""money_hits"": 0, ""id_hits"": 2, ""data_like"": 0}",BOOK NO | 섹션 | 작가명 | 출판사 | 작품명 | 히트,,merged_cells=5; multi_sheet_workbook
34,카카오,9,9,adapter_candidate,특별일반|사업자명|사업자번호|발행자명|계약유형|당월신규계약여부|계약uid|계약명|과면세|콘텐츠유형|시리즈id|시리즈명|판매시작일|판매종료일|제품코드발행자가부여하는코드|레이블|작가명|isbn유무|이용권종류|android캐시|web캐시|ios캐시|event캐시|유상캐시캐시|무상캐시캐시|총합계캐시|android원화|web원화|ios원화|event원화|유상캐시원화|무상캐시원화|총합계원화|android순매출|web순매출|ios순매출|event순매출|유상캐시순매출|무상캐시순매출|총합계순매출|android정산율%|web정산율%|ios정산율%|event정산율%|공급가액|세액|공급대가,정산리포트_카카오페이지_2025-08(3) | 정산리포트_카카오페이지_2025-10(2) | 정산리포트_카카오페이지_2025-11(2) | 정산리포트_카카오페이지_2025-09(2),2:9,7,1321,47,47,merged_cells:9,시리즈명(8) | 계약명(3) | 콘텐츠유형(2),시리즈ID(7) | 제품코드 (발행자가 부여하는 코드)(4) | 계약UID(3) | ISBN(유/무)(2),공급대가(8) | 총합계-순매출(4) | 총합계-캐시(2) | 총합계-원화(2) | WEB-순매출(2) | IOS-순매출(2) | 유상캐시-순매출(2) | 무상캐시-순매출(2),공급가액(8),,특별/일반 | 사업자명 | 사업자번호 | 발행자명 | 계약유형 | 당월신규계약여부 | 계약UID | 계약명 | 과/면세 | 콘텐츠유형 | 시리즈ID | 시리즈명 | 판매시작일 | 판매종료일 | 제품코드 (발행자가 부여하는 코드) | 레이블 | 작가명 | ISBN(유/무) | 이용권 종류 | ANDROID-캐시 | WEB-캐시 | IOS-캐시 | EVENT-캐시 | 유상캐시-캐시 | 무상캐시-캐시 | 총합계-캐시 | ANDROID-원화 | WEB-원화 | IOS-원화 | EVENT-원화 | 유상캐시-원화 | 무상캐시-원화 | 총합계-원화 | ANDROID-순매출 | WEB-순매출 | IOS-순매출 | EVENT-순매출 | 유상캐시-순매출 | 무상캐시-순매출 | 총합계-순매출 | ANDROID 정산율(%) | WEB 정산율(%) | IOS 정산율(%) | EVENT 정산율(%) | 공급가액 | 세액 | 공급대가,카카오\10월\2025년 10월 카카오(일반) 정산상세.xlsx::정산리포트_카카오페이지_2025-10 || 카카오\11월\2025년 11월 카카오 정산상세.xlsx::정산리포트_카카오페이지_2025-11 || 카카오\11월\2025년 카카오 미발행건 정산상세.xlsx::정산리포트_카카오페이지_2025-08 || 카카오\9월\2025년 9월 카카오 정산상세.xlsx::정산리포트_카카오페이지_2025-09 || 카카오\선투자\10월\2025년 10월 카카오(선투자) 정산상세.xlsx::정산리포트_카카오페이지_2025-10,카카오\10월\2025년 10월 카카오(일반) 정산상세.xlsx,정산리포트_카카오페이지_2025-10,opened,정산리포트_카카오페이지_2025-10,1321,47,2,54.0,"{""non_empty"": 47, ""keyword_hits"": 13, ""title_hits"": 2, ""money_hits"": 7, ""id_hits"": 4, ""data_like"": 0}",특별/일반 | 사업자명 | 사업자번호 | 발행자명 | 계약유형 | 당월신규계약여부 | 계약UID | 계약명 | 과/면세 | 콘텐츠유형 | 시리즈ID | 시리즈명 | 판매시작일 | 판매종료일 | 제품코드 (발행자가 부여하는 코드) | 레이블 | 작가명 | ISBN(유/무) | 이용권 종류 | ANDROID-캐시 | WEB-캐시 | IOS-캐시 | EVENT-캐시 | 유상캐시-캐시 | 무상캐시-캐시 | 총합계-캐시 | ANDROID-원화 | WEB-원화 | IOS-원화 | EVENT-원화 | 유상캐시-원화 | 무상캐시-원화 | 총합계-원화 | ANDROID-순매출 | WEB-순매출,2,merged_cells=6
35,미소설,5,5,adapter_candidate,타이틀|작품번호|작가명|날짜|종류|전체판매건수|판매코인|수익률|전체매출원|결제수수료원|지급액원미소설|지급액원asp|총지급액원,cpexcel20260303100057(2) | cpexcel20260202130320(1) | cpexcel20260401093554(1) | cpexcel20260504104935(1),1:5,107,127,13,13,hidden_columns:1,타이틀(8),작품번호(3),전체매출(원)(4),수익률(2),결제수수료(원)(4),타이틀 | 작품번호 | 작가명 | 날짜 | 종류 | 전체 판매 건수 | 판매 코인 | 수익률 | 전체매출(원) | 결제수수료(원) | 지급액(원) 미소설 | 지급액(원) ASP | 총지급액(원),미소설\1월\2026년 1월 미소설 정산상세.xlsx::cpexcel20260202130320 || 미소설\2월\2026년 2월 미소설 정산상세_확장체크.xlsx::cpexcel20260303100057 || 미소설\2월\2026년 2월 미소설 정산상세.xlsx::cpexcel20260303100057 || 미소설\3월\2026년 3월 미소설 정산상세.xlsx::cpexcel20260401093554 || 미소설\4월\2026년 4월 미소설 정산상세.xlsx::cpexcel20260504104935,미소설\1월\2026년 1월 미소설 정산상세.xlsx,cpexcel20260202130320,opened,cpexcel20260202130320,110,13,1,32.6,"{""non_empty"": 13, ""keyword_hits"": 7, ""title_hits"": 2, ""money_hits"": 4, ""id_hits"": 2, ""data_like"": 0}",타이틀 | 작품번호 | 작가명 | 날짜 | 종류 | 전체 판매 건수 | 판매 코인 | 수익률 | 전체매출(원) | 결제수수료(원) | 지급액(원) 미소설 | 지급액(원) ASP | 총지급액(원),1,
36,미소설,4,4,adapter_candidate,타이틀|날짜|종류|전체판매건수|판매코인|수익률|전체매출원|결제수수료원|지급액원미소설|지급액원asp|총지급액원,cpexcel20251103090930(1) | cpexcel20251201091341(1) | cpexcel20260102093612(1) | 2025년 8월 에피루스 정산상세(1),1:4,116,124,11,11,,타이틀(8),,전체매출(원)(4),수익률(2),결제수수료(원)(4),타이틀 | 날짜 | 종류 | 전체 판매 건수 | 판매 코인 | 수익률 | 전체매출(원) | 결제수수료(원) | 지급액(원) 미소설 | 지급액(원) ASP | 총지급액(원),미소설\25년\10월\2025년 10월 미소설 정산상세.xlsx::cpexcel20251103090930 || 미소설\25년\11월\2025년 11월 미소설 정산상세.xlsx::cpexcel20251201091341 || 미소설\25년\12월\2025년 12월 미소설 정산상세.xlsx::cpexcel20260102093612 || 미소설\25년\9월\2025년 9월 미소설 정산상세.xlsx::2025년 8월 에피루스 정산상세,미소설\25년\10월\2025년 10월 미소설 정산상세.xlsx,cpexcel20251103090930,opened,cpexcel20251103090930,116,11,1,21.2,"{""non_empty"": 11, ""keyword_hits"": 4, ""title_hits"": 1, ""money_hits"": 4, ""id_hits"": 0, ""data_like"": 0}",타이틀 | 날짜 | 종류 | 전체 판매 건수 | 판매 코인 | 수익률 | 전체매출(원) | 결제수수료(원) | 지급액(원) 미소설 | 지급액(원) ASP | 총지급액(원),1,
37,노벨피아,8,8,adapter_candidate,날짜|컨텐츠유형|판매방식|작품코드|연재단행|상품명|작가명|출판사|판매건|판매금액|취소건|취소금액|판매합계|정산금액,일별 정산(8),1:8,30,76,14,14,merged_cells:8,상품명(8) | 컨텐츠유형(2),작품코드(9),판매합계(10) | 판매금액(9),정산금액(11),취소금액(8),날짜 | 컨텐츠유형 | 판매방식 | 작품코드 | 연재/단행 | 상품명 | 작가명 | 출판사 | 판매건 | 판매금액 | 취소건 | 취소금액 | 판매합계 | 정산금액,노벨피아\1월\2026년 1월 노벨피아 정산상세.xlsx::일별 정산 || 노벨피아\25년\10월\2025년 10월 노벨피아 정산상세.xlsx::일별 정산 || 노벨피아\25년\11월\2025년 11월 노벨피아 정산상세.xlsx::일별 정산 || 노벨피아\25년\12월\2025년 12월 노벨피아 정산상세.xlsx::일별 정산 || 노벨피아\25년\9월\2025년 9월 노벨피아 정산상세.xlsx::일별 정산,노벨피아\1월\2026년 1월 노벨피아 정산상세.xlsx,일별 정산,opened,일별 정산,50,14,1,40.8,"{""non_empty"": 14, ""keyword_hits"": 9, ""title_hits"": 3, ""money_hits"": 5, ""id_hits"": 1, ""data_like"": 0}",날짜 | 컨텐츠유형 | 판매방식 | 작품코드 | 연재/단행 | 상품명 | 작가명 | 출판사 | 판매건 | 판매금액 | 취소건 | 취소금액 | 판매합계 | 정산금액,1,merged_cells=1
38,문피아,8,8,adapter_candidate,cp|번호|날짜|구분|작가|계정|작품코드|작품|구매|구매취소|대여|대여취소|총매출|ios매출|google매출|정산,다우인큐브(8),1:8,120,146,16,16375,large_column_count:1,작품(3),작품코드(9),총매출(11) | IOS매출(2) | Google매출(2),정산(3),,CP | 번호 | 날짜 | 구분 | 작가 | 계정 | 작품코드 | 작품 | 구매 | 구매취소 | 대여 | 대여취소 | 총매출 | IOS매출 | Google매출 | 정산,문피아\1월\2026년 1월 문피아 정산상세.xlsx::다우인큐브 || 문피아\25년\10월\2025년 10월 문피아 정산상세.xlsx::다우인큐브 || 문피아\25년\11월\2025년 11월 문피아 정산상세.xlsx::다우인큐브 || 문피아\25년\12월\2025년 12월 문피아 정산상세.xlsx::다우인큐브 || 문피아\25년\9월\2025년 9월 문피아 정산상세.xlsx::다우인큐브,문피아\1월\2026년 1월 문피아 정산상세.xlsx,다우인큐브,opened,다우인큐브,134,18,1,28.2,"{""non_empty"": 16, ""keyword_hits"": 7, ""title_hits"": 1, ""money_hits"": 3, ""id_hits"": 2, ""data_like"": 0}",CP | 번호 | 날짜 | 구분 | 작가 | 계정 | 작품코드 | 작품 | 구매 | 구매취소 | 대여 | 대여취소 | 총매출 | IOS매출 | Google매출 | 정산,1,
39,부커스,8,8,manual_review,__NO_SIGNATURE__::CP 콘텐츠별 정산::cols10,CP 콘텐츠별 정산(8),none:8,161,201,10,10,no_header_candidate:8,,,,,,,부커스\1월\2026년 1월 부커스 정산상세.xlsx::CP 콘텐츠별 정산 || 부커스\25년\10월\2025년 10월 부커스 정산상세.xlsx::CP 콘텐츠별 정산 || 부커스\25년\11월\2025년 11월 부커스 정산상세.xlsx::CP 콘텐츠별 정산 || 부커스\25년\12월\2025년 12월 부커스 정산상세.xlsx::CP 콘텐츠별 정산 || 부커스\2월\2026년 2월 부커스 정산상세.xlsx::CP 콘텐츠별 정산,부커스\1월\2026년 1월 부커스 정산상세.xlsx,CP 콘텐츠별 정산,opened,CP 콘텐츠별 정산,161,10,1,36.0,"{""non_empty"": 10, ""keyword_hits"": 9, ""title_hits"": 3, ""money_hits"": 3, ""id_hits"": 1, ""data_like"": 0}",순번 | 콘텐츠 제목 | 출판사명 | 저자명 | ISBN | 도서타입 | 정가 | 정산율(%) | 정산 금액(원) | 열람 횟수,1,
40,블라이스,8,8,adapter_candidate,판매월|정산월|작품명|구분|등록유형|작품no|작가명|판매액|수수료결제대행수수료+블라이스운영수수료|정산금액,CP정산20260204_033510(1) | CP정산20251103_110647(1) | CP정산20251202_110152(1) | CP정산20260108_032753(1) | CP정산20251014_054458(1) | CP정산20260305_095913(1) | CP정산20260403_112716(1) | CP정산20260506_085425(1),1:8,45,96,22,22,merged_cells:8,작품명(10),작품NO(3),판매액(8),정산금액(11),수수료(결제 대행 수수료 + 블라이스 운영 수수료)(2),판매월 | 정산월 | 작품명 | 구분 | 등록유형 | 작품NO | 작가명 | 판매액 | 수수료(결제 대행 수수료 + 블라이스 운영 수수료) | 정산금액,블라이스\1월\2026년 1월 블라이스 정산상세.xlsx::CP정산20260204_033510 || 블라이스\25년\10월\2025년 10월 블라이스 정산상세.xlsx::CP정산20251103_110647 || 블라이스\25년\11월\2025년 11월 블라이스 정산상세.xlsx::CP정산20251202_110152 || 블라이스\25년\12월\2025년 12월 블라이스 정산상세.xlsx::CP정산20260108_032753 || 블라이스\25년\9월\2025년 9월 블라이스 정산상세.xlsx::CP정산20251014_054458,블라이스\1월\2026년 1월 블라이스 정산상세.xlsx,CP정산20260204_033510,opened,CP정산20260204_033510,75,22,1,28.0,"{""non_empty"": 10, ""keyword_hits"": 7, ""title_hits"": 1, ""money_hits"": 4, ""id_hits"": 1, ""data_like"": 0}",판매월 | 정산월 | 작품명 | 구분 | 등록유형 | 작품NO | 작가명 | 판매액 | 수수료(결제 대행 수수료 + 블라이스 운영 수수료) | 정산금액,1,merged_cells=23
41,에피루스,8,8,adapter_candidate,정산자|판매구분|제목|저자|출판사|수량|판매금액|수수료|정산액,2026년01월정산내역_키다리스튜디오(1) | 2025년10월정산내역_키다리스튜디오(1) | 2025년11월정산내역_키다리스튜디오(1) | 2025년12월정산내역_키다리스튜디오(1) | 2025년08월정산내역_키다리스튜디오(1) | 2025년09월정산내역_키다리스튜디오(1) | 2026년02월정산내역_키다리스튜디오(1) | 2026년03월정산내역_키다리스튜디오(1),1:8,162,732,9,9,,제목(8),,판매금액(9),정산액(10) | 정산자(2),수수료(7),정산자 | 판매구분 | 제목 | 저자 | 출판사 | 수량 | 판매금액 | 수수료 | 정산액,에피루스\1월\2026년 1월 에피루스 정산상세.xlsx::2026년01월정산내역_키다리스튜디오 || 에피루스\25년\10월\2025년 10월 에피루스 정산상세.xlsx::2025년10월정산내역_키다리스튜디오 || 에피루스\25년\11월\2025년 11월 에피루스 정산상세.xlsx::2025년11월정산내역_키다리스튜디오 || 에피루스\25년\12월\2025년 12월 에피루스 정산상세.xlsx::2025년12월정산내역_키다리스튜디오 || 에피루스\25년\8월\2025년 8월 에피루스 정산상세.xlsx::2025년08월정산내역_키다리스튜디오,에피루스\1월\2026년 1월 에피루스 정산상세.xlsx,2026년01월정산내역_키다리스튜디오,opened,2026년01월정산내역_키다리스튜디오,315,9,1,24.8,"{""non_empty"": 9, ""keyword_hits"": 6, ""title_hits"": 1, ""money_hits"": 4, ""id_hits"": 0, ""data_like"": 0}",정산자 | 판매구분 | 제목 | 저자 | 출판사 | 수량 | 판매금액 | 수수료 | 정산액,1,
42,큐툰,8,8,adapter_candidate,no|구분|작가|장르|타이틀|사용코인|취소코인|합계|공제수수료|정산총액,Sheet(8),2:8,21,34,15,15,merged_cells:8,타이틀(8),,합계(3) | 사용코인(3),정산총액(11),공제수수료(12) | 취소코인(3),NO | 구분 | 작가 | 장르 | 타이틀 | 사용코인 | 취소코인 | 합계 | 공제수수료 | 정산총액,큐툰\1월\2026년 1월 큐툰 정산상세.xlsx::Sheet || 큐툰\25년\10월\2025년 10월 큐툰 정산상세.xlsx::Sheet || 큐툰\25년\11월\2025년 11월 큐툰 정산상세.xlsx::Sheet || 큐툰\25년\12월\2025년 12월 큐툰 정산상세.xlsx::Sheet || 큐툰\25년\9월\2025년 9월 큐툰 정산상세.xlsx::Sheet,큐툰\1월\2026년 1월 큐툰 정산상세.xlsx,Sheet,opened,Sheet,33,15,2,26.0,"{""non_empty"": 10, ""keyword_hits"": 6, ""title_hits"": 1, ""money_hits"": 4, ""id_hits"": 1, ""data_like"": 0}",NO | 구분 | 작가 | 장르 | 타이틀 | 사용코인 | 취소코인 | 합계 | 공제수수료 | 정산총액,1 | 2,merged_cells=14; repeated_internal_headers
43,무툰,7,7,adapter_candidate,no|구분|작가|장르|타이틀|사용코인|취소코인|합계|공제수수료|정산총액,Sheet(7),2:7,514,542,15,15,merged_cells:7,타이틀(8),,합계(3) | 사용코인(3),정산총액(11),공제수수료(12) | 취소코인(3),NO | 구분 | 작가 | 장르 | 타이틀 | 사용코인 | 취소코인 | 합계 | 공제수수료 | 정산총액,무툰\1월\2026년 1월 무툰 정산상세.xlsx::Sheet || 무툰\25년\10월\2025년 10월 무툰 정산상세.xlsx::Sheet || 무툰\25년\11월\2025년 11월 무툰 정산상세.xlsx::Sheet || 무툰\25년\9월\2025년 9월 무툰 정산상세.xlsx::Sheet || 무툰\2월\2026년 2월 무툰 정산상세.xlsx::Sheet,무툰\1월\2026년 1월 무툰 정산상세.xlsx,Sheet,opened,Sheet,514,15,2,26.0,"{""non_empty"": 10, ""keyword_hits"": 6, ""title_hits"": 1, ""money_hits"": 4, ""id_hits"": 1, ""data_like"": 0}",NO | 구분 | 작가 | 장르 | 타이틀 | 사용코인 | 취소코인 | 합계 | 공제수수료 | 정산총액,1 | 2,merged_cells=14; repeated_internal_headers
44,토스(구루컴퍼니),7,7,adapter_candidate,공급사|작품유형|작품번호|작품명|레이블|작가|사용코인|콘텐츠매출금액|결제수수료|정산대상금액|콘텐츠정산금액면세|콘텐츠정산금액과세|콘텐츠정산금액,정산_공급사_202601(1) | 정산_공급사_202510(1) | 정산_공급사_202511(1) | 정산_공급사_202512(1) | 정산_공급사_202509(1) | 정산_공급사_202602(1) | 정산_공급사_202603(1),1:7,25,55,13,13,,작품명(10) | 작품유형(2) | 콘텐츠 매출금액(2) | 콘텐츠 정산금액(2) | 콘텐츠 정산금액_면세(2) | 콘텐츠 정산금액_과세(2),작품번호(3),콘텐츠 매출금액(5) | 사용코인(3),콘텐츠 정산금액(8) | 콘텐츠 정산금액_면세(7) | 콘텐츠 정산금액_과세(7) | 정산 대상금액(2),결제수수료(5),공급사 | 작품유형 | 작품번호 | 작품명 | 레이블 | 작가 | 사용코인 | 콘텐츠 매출금액 | 결제수수료 | 정산 대상금액 | 콘텐츠 정산금액_면세 | 콘텐츠 정산금액_과세 | 콘텐츠 정산금액,토스(구루컴퍼니)\1월\2026년 1월 토스 정산상세.xlsx::정산_공급사_202601 || 토스(구루컴퍼니)\25년\10월\2025년 10월 토스 정산상세.xlsx::정산_공급사_202510 || 토스(구루컴퍼니)\25년\11월\2025년 11월 토스 정산상세.xlsx::정산_공급사_202511 || 토스(구루컴퍼니)\25년\12월\2025년 12월 토스 정산상세.xlsx::정산_공급사_202512 || 토스(구루컴퍼니)\25년\9월\2025년 9월 토스 정산상세.xlsx::정산_공급사_202509,토스(구루컴퍼니)\1월\2026년 1월 토스 정산상세.xlsx,정산_공급사_202601,opened,정산_공급사_202601,55,13,1,34.6,"{""non_empty"": 13, ""keyword_hits"": 8, ""title_hits"": 2, ""money_hits"": 4, ""id_hits"": 2, ""data_like"": 0}",공급사 | 작품유형 | 작품번호 | 작품명 | 레이블 | 작가 | 사용코인 | 콘텐츠 매출금액 | 결제수수료 | 정산 대상금액 | 콘텐츠 정산금액_면세 | 콘텐츠 정산금액_과세 | 콘텐츠 정산금액,1,
45,모픽,5,5,adapter_candidate,작품명|출판사|제공사|작가명|유형|정산기간|매출구분|총매출액|순매출액|정산액,작품별정산(5),1:5,155,349,10,10,,작품명(10),,총 매출액(8) | 순 매출액(4) | 매출구분(2),정산액(10) | 정산 기간(2),,작품명 | 출판사 | 제공사 | 작가명 | 유형 | 정산 기간 | 매출구분 | 총 매출액 | 순 매출액 | 정산액,모픽\1월\2026년 1월 모픽 정산상세.xlsx::작품별정산 || 모픽\25년\11월\2025년 11월 모픽 정산상세.xlsx::작품별정산 || 모픽\25년\12월\2025년 12월 모픽 정산상세.xlsx::작품별정산 || 모픽\3월\2026년 3월 모픽 정산상세.xlsx::작품별정산 || 모픽\4월\2026년 4월 모픽 정산상세.xlsx::작품별정산,모픽\1월\2026년 1월 모픽 정산상세.xlsx,작품별정산,opened,작품별정산,326,10,1,17.0,"{""non_empty"": 10, ""keyword_hits"": 4, ""title_hits"": 1, ""money_hits"": 2, ""id_hits"": 0, ""data_like"": 0}",작품명 | 출판사 | 제공사 | 작가명 | 유형 | 정산 기간 | 매출구분 | 총 매출액 | 순 매출액 | 정산액,1,
46,밀리의서재,5,5,manual_review,__NO_SIGNATURE__::list::cols14,list(5),none:5,1193,1428,14,14,no_header_candidate:5,,,,,,,밀리의서재\1월\2026년 1월 밀리의서재 정산상세.xlsx::list || 밀리의서재\25년\12월\2025년 12월 밀리의서재 정산상세.xlsx::list || 밀리의서재\2월\2026년 2월 밀리의서재 정산상세.xlsx::list || 밀리의서재\3월\2026년 3월 밀리의서재 정산상세.xlsx::list || 밀리의서재\4월\2026년 4월 밀리의서재 정산상세.xlsx::list,밀리의서재\1월\2026년 1월 밀리의서재 정산상세.xlsx,list,opened,list,1237,14,1,28.8,"{""non_empty"": 14, ""keyword_hits"": 7, ""title_hits"": 2, ""money_hits"": 2, ""id_hits"": 2, ""data_like"": 0}",기간 시작일 | 기간 종료일 | 레이블명 | 전자출판물 ISBN | 콘텐츠명 | 에피소드명 | 저자명 | 콘텐츠 분류 | 발생 대여 수 | 발생 Copy 수 | 매절 계약 종료일 | 발생 금액 | 정산 예정 금액 | 유통사 상품코드,1,
47,미스터블루,4,4,adapter_candidate,기간|제공사|계정id|콘텐츠|출판사|작품코드|작품명|작가명|정액|종량|합계정액+종량,작품별(4),2:4,874,985,94,94,merged_cells:4 | hidden_columns:1,작품명(10) | 콘텐츠(3),작품코드(9),합계(정액+종량)(2),,,기간 | 제공사 | 계정ID | 콘텐츠 | 출판사 | 작품코드 | 작품명 | 작가명 | 정액 | 종량 | 합계(정액+종량),미스터블루\10월\2025년 10월 미스터블루 정산상세_프모비교.xlsx::작품별 || 미스터블루\10월\2025년 10월 미스터블루 정산상세.xlsx::작품별 || 미스터블루\11월\2025년 11월 미스터블루 정산상세.xlsx::작품별 || 미스터블루\9월\2025년 9월 미스터블루 정산상세.xlsx::작품별,미스터블루\10월\2025년 10월 미스터블루 정산상세_프모비교.xlsx,작품별,opened,작품별 | 볼륨별,978,94,2,20.0,"{""non_empty"": 10, ""keyword_hits"": 5, ""title_hits"": 2, ""money_hits"": 0, ""id_hits"": 2, ""data_like"": 0}",기간 | 제공사 | 계정ID | 콘텐츠 | 출판사 | 작품코드 | 작품명 | 작가명 | 정액 | 종량,,merged_cells=3; multi_sheet_workbook
48,미스터블루,4,4,manual_review,기간|제공사|계정id|콘텐츠|출판사|작품코드|작품명|작가명|볼륨no|볼륨명|가격|판매단위|전권할인|판매형태|블루머니|a앱머니|i앱머니|소계,볼륨별(4),2:4,19627,25090,30,30,merged_cells:4 | large_row_count:4,작품명(10) | 콘텐츠(3),작품코드(9),,,,기간 | 제공사 | 계정ID | 콘텐츠 | 출판사 | 작품코드 | 작품명 | 작가명 | 볼륨No. | 볼륨명 | 가격 | 판매단위 | 전권 할인 | 판매 형태 | 블루머니 | A.앱머니 | i.앱머니 | 소계,미스터블루\10월\2025년 10월 미스터블루 정산상세_프모비교.xlsx::볼륨별 || 미스터블루\10월\2025년 10월 미스터블루 정산상세.xlsx::볼륨별 || 미스터블루\11월\2025년 11월 미스터블루 정산상세.xlsx::볼륨별 || 미스터블루\9월\2025년 9월 미스터블루 정산상세.xlsx::볼륨별,미스터블루\10월\2025년 10월 미스터블루 정산상세_프모비교.xlsx,볼륨별,opened,작품별 | 볼륨별,25090,30,2,28.6,"{""non_empty"": 18, ""keyword_hits"": 7, ""title_hits"": 2, ""money_hits"": 1, ""id_hits"": 3, ""data_like"": 0}",기간 | 제공사 | 계정ID | 콘텐츠 | 출판사 | 작품코드 | 작품명 | 작가명 | 볼륨No. | 볼륨명 | 가격 | 판매단위 | 전권 할인 | 판매 형태 | 블루머니 | A.앱머니 | i.앱머니 | 소계,2,merged_cells=35; multi_sheet_workbook
49,밀리의서재,3,3,manual_review,__NO_SIGNATURE__::list::cols13,list(3),none:3,840,1012,13,13,no_header_candidate:3,,,,,,,밀리의서재\25년\10월\2025년 밀리의서재 10월 정산상세.xlsx::list || 밀리의서재\25년\11월\2025년 11월 밀리의서재 정산상세.xlsx::list || 밀리의서재\25년\9월\2025년 9월 밀리의서재 정산상세.xlsx::list,밀리의서재\25년\10월\2025년 밀리의서재 10월 정산상세.xlsx,list,opened,list,873,13,1,28.6,"{""non_empty"": 13, ""keyword_hits"": 7, ""title_hits"": 2, ""money_hits"": 2, ""id_hits"": 2, ""data_like"": 0}",발생 월 | 정산 월 | 레이블명 | 전자출판물 ISBN | 콘텐츠명 | 콘텐츠명 | 저자명 | 콘텐츠 분류 | 발생 대여 수 | 발생 Copy 수 | 발생 금액 | 정산 금액 | 유통사 상품코드,1,
50,모픽,1,1,adapter_candidate,작품명|작가명|유형|cp|정산기간|매출구분|총매출액|순매출액|정산액,작품별정산(1),1:1,239,239,9,9,,작품명(10),,총 매출액(8) | 순 매출액(4) | 매출구분(2),정산액(10) | 정산 기간(2),,작품명 | 작가명 | 유형 | CP | 정산 기간 | 매출구분 | 총 매출액 | 순 매출액 | 정산액,모픽\25년\10월\2025년 10월 모픽 정산상세.xlsx::작품별정산,모픽\25년\10월\2025년 10월 모픽 정산상세.xlsx,작품별정산,opened,작품별정산,239,9,1,16.8,"{""non_empty"": 9, ""keyword_hits"": 4, ""title_hits"": 1, ""money_hits"": 2, ""id_hits"": 0, ""data_like"": 0}",작품명 | 작가명 | 유형 | CP | 정산 기간 | 매출구분 | 총 매출액 | 순 매출액 | 정산액,1,
51,모픽,1,1,adapter_candidate,작품명|작가명|cp|정산기간|매출구분|총매출액|순매출액|정산액,작품별정산(1),1:1,256,256,8,8,,작품명(10),,총 매출액(8) | 순 매출액(4) | 매출구분(2),정산액(10) | 정산 기간(2),,작품명 | 작가명 | CP | 정산 기간 | 매출구분 | 총 매출액 | 순 매출액 | 정산액,모픽\25년\9월\25년 9월 모픽 정산상세.xlsx::작품별정산,모픽\25년\9월\25년 9월 모픽 정산상세.xlsx,작품별정산,opened,작품별정산,256,8,1,16.6,"{""non_empty"": 8, ""keyword_hits"": 4, ""title_hits"": 1, ""money_hits"": 2, ""id_hits"": 0, ""data_like"": 0}",작품명 | 작가명 | CP | 정산 기간 | 매출구분 | 총 매출액 | 순 매출액 | 정산액,1,
52,모픽,1,1,adapter_candidate,작품명|출판사|총매출액|정산액,작품별정산(1),1:1,333,333,4,4,,작품명(10),,총 매출액(8),정산액(10),,작품명 | 출판사 | 총 매출액 | 정산액,모픽\2월\2026년 2월 모픽 정산상세.xlsx::작품별정산,모픽\2월\2026년 2월 모픽 정산상세.xlsx,작품별정산,opened,작품별정산,333,4,1,13.8,"{""non_empty"": 4, ""keyword_hits"": 3, ""title_hits"": 1, ""money_hits"": 2, ""id_hits"": 0, ""data_like"": 0}",작품명 | 출판사 | 총 매출액 | 정산액,1,
53,무툰,1,1,adapter_candidate,작가|장르|타이틀|정산금액,Sheet(1),1:1,530,530,4,4,,타이틀(8),,,정산금액(11),,작가 | 장르 | 타이틀 | 정산금액,무툰\25년\12월\2025년 12월 무툰 정산상세.xlsx::Sheet,무툰\25년\12월\2025년 12월 무툰 정산상세.xlsx,Sheet,opened,Sheet,530,4,1,15.8,"{""non_empty"": 4, ""keyword_hits"": 4, ""title_hits"": 1, ""money_hits"": 2, ""id_hits"": 0, ""data_like"": 0}",작가 | 장르 | 타이틀 | 정산금액,1,
54,토스(구루컴퍼니),1,1,adapter_candidate,공급사|작품유형|작품번호|작품명|레이블|작가|사용코인|콘텐츠매출금액|결제수수료|정산대상금액|콘텐츠정산금액,25년 8월 토스(1),1:1,55,55,11,11,,작품명(10) | 작품유형(2) | 콘텐츠 매출금액(2) | 콘텐츠 정산금액(2),작품번호(3),콘텐츠 매출금액(5) | 사용코인(3),콘텐츠 정산금액(8) | 정산 대상금액(2),결제수수료(5),공급사 | 작품유형 | 작품번호 | 작품명 | 레이블 | 작가 | 사용코인 | 콘텐츠 매출금액 | 결제수수료 | 정산 대상금액 | 콘텐츠 정산금액,토스(구루컴퍼니)\25년\8월\25년 8월 토스 정산상세.xlsx::25년 8월 토스,토스(구루컴퍼니)\25년\8월\25년 8월 토스 정산상세.xlsx,25년 8월 토스,opened,25년 8월 토스,55,11,1,34.2,"{""non_empty"": 11, ""keyword_hits"": 8, ""title_hits"": 2, ""money_hits"": 4, ""id_hits"": 2, ""data_like"": 0}",공급사 | 작품유형 | 작품번호 | 작품명 | 레이블 | 작가 | 사용코인 | 콘텐츠 매출금액 | 결제수수료 | 정산 대상금액 | 콘텐츠 정산금액,1,
55,원스토어,7,7,adapter_candidate,파트너명|파트너id|사업자구분|구매요청poc|채널상품id|채널상품명|상품명|회차|상품id|2차정산여부|카테고리|출판사|글작가|그림작가|타입|판매건수|취소건수|정액제정산대상액|판매|취소|합계|결제수단|원화환산|앱마켓수수료|서비스이용료|정산지급액|정산유형,multimedia(7),1:7,17399,23099,40,40,merged_cells:7 | large_row_count:7,채널상품명(10) | 상품명(8),채널상품ID(9) | 상품ID(7) | 파트너ID(3),합계(3),정액제 정산대상액(4) | 정산유형(2) | 정산지급액(2) | 2차정산여부(2),앱마켓수수료(4),파트너명 | 파트너ID | 사업자구분 | 구매요청POC | 채널상품ID | 채널상품명 | 상품명 | 회차 | 상품ID | 2차정산여부 | 카테고리 | 출판사 | 글작가 | 그림작가 | 타입 | 판매건수 | 취소건수 | 정액제 정산대상액 | 판매 | 취소 | 합계 | 결제수단 | 원화환산 | 앱마켓수수료 | 서비스이용료 | 정산지급액 | 정산유형,원스토어\1월\2026년 1월 원스토어 정산상세.xlsx::multimedia || 원스토어\25년\10월\2025년 10월 원스토어 정산상세.xlsx::multimedia || 원스토어\25년\11월\2025년 11월 원스토어 정산상세.xlsx::multimedia || 원스토어\25년\12월\2025년 12월 원스토어 정산상세.xlsx::multimedia || 원스토어\25년\9월\2025년 9월 원스토어 정산상세.xlsx::multimedia,원스토어\1월\2026년 1월 원스토어 정산상세.xlsx,multimedia,opened,multimedia,23099,40,1,33.0,"{""non_empty"": 27, ""keyword_hits"": 7, ""title_hits"": 1, ""money_hits"": 5, ""id_hits"": 2, ""data_like"": 0}",파트너명 | 파트너ID | 사업자구분 | 구매요청POC | 채널상품ID | 채널상품명 | 상품명 | 회차 | 상품ID | 2차정산여부 | 카테고리 | 출판사 | 글작가 | 그림작가 | 타입 | 판매건수 | 취소건수 | 정액제 정산대상액 | 판매 | 취소 | 합계 | 결제수단 | 원화환산 | 앱마켓수수료 | 서비스이용료 | 정산지급액 | 정산유형,1,merged_cells=27
56,하이북,7,7,adapter_candidate,작품명|작가명|출판사|prodsq|정산일|정산주기|정산상태|조회수구매|판매금액구매|정산금액구매|조회수대여|판매금액대여|정산금액대여|조회수|판매금액|정산금액,정산리스트(7),1:7,318,392,16,16,,작품명(10),,판매금액(9) | 판매금액(구매)(3) | 판매금액(대여)(3),정산금액(11) | 정산금액(구매)(5) | 정산금액(대여)(5) | 정산주기(2) | 정산상태(2),,작품명 | 작가명 | 출판사 | prodSq | 정산일 | 정산주기 | 정산상태 | 조회수(구매) | 판매금액(구매) | 정산금액(구매) | 조회수(대여) | 판매금액(대여) | 정산금액(대여) | 조회수 | 판매금액 | 정산금액,하이북\1월\2026년 1월 하이북 정산상세.xlsx::정산리스트 || 하이북\25년\10월\2025년 10월 하이북 정산상세.xlsx::정산리스트 || 하이북\25년\11월\2025년 11월 하이북 정산상세.xlsx::정산리스트 || 하이북\25년\12월\2025년 12월 하이북 정산상세.xlsx::정산리스트 || 하이북\2월\2026년 2월 하이북 정산상세.xlsx::정산리스트,하이북\1월\2026년 1월 하이북 정산상세.xlsx,정산리스트,opened,정산리스트,392,16,1,24.2,"{""non_empty"": 16, ""keyword_hits"": 6, ""title_hits"": 1, ""money_hits"": 3, ""id_hits"": 0, ""data_like"": 0}",작품명 | 작가명 | 출판사 | prodSq | 정산일 | 정산주기 | 정산상태 | 조회수(구매) | 판매금액(구매) | 정산금액(구매) | 조회수(대여) | 판매금액(대여) | 정산금액(대여) | 조회수 | 판매금액 | 정산금액,1,
57,피플앤스토리,6,6,manual_review,__NO_SIGNATURE__::다운로드::cols11,다운로드(6),none:6,5,7,11,11,merged_cells:6 | no_header_candidate:6,,,,,,,피플앤스토리\1월\2026년 1월 피플앤스토리 정산상세.xlsx::다운로드 || 피플앤스토리\25년\10월\2025년 10월 피플앤스토리 정산상세.xlsx::다운로드 || 피플앤스토리\25년\12월\2025년 12월 피플앤스토리 정산상세.xlsx::다운로드 || 피플앤스토리\2월\2026년 2월 피플앤스토리 정산상세.xlsx::다운로드 || 피플앤스토리\3월\2026년 3월 피플앤스토리 정산상세.xlsx::다운로드,피플앤스토리\1월\2026년 1월 피플앤스토리 정산상세.xlsx,다운로드,opened,다운로드,6,11,1,27.2,"{""non_empty"": 11, ""keyword_hits"": 7, ""title_hits"": 1, ""money_hits"": 3, ""id_hits"": 2, ""data_like"": 0}",ISBN | 관리코드 | 작품명 | 작가명 | CP사 | 출판사 | 판매사이트 | 단가(원) | 건수(건) | 판매금액(원) | 정산금액(원),1,merged_cells=1
58,북팔,3,3,adapter_candidate,순번|필명|아이디|작품명|판매수|매출|배분율|수익금|비고,마켓(3),9:3,13,100,10,10,merged_cells:3,작품명(10),,매출(3),수익금(2),,순번 | 필명 | 아이디 | 작품명 | 판매수 | 매출 | 배분율 | 수익금 | 비고,북팔\10월\2025년 10월 북팔 정산상세.xlsx::마켓 || 북팔\11월\2025년 11월 북팔 핫딜수익금 정산상세.xlsx::마켓 || 북팔\9월\2025년 9월 북팔 정산상세.xlsx::마켓,북팔\10월\2025년 10월 북팔 정산상세.xlsx,마켓,opened,마켓 | Sheet,100,10,9,16.8,"{""non_empty"": 9, ""keyword_hits"": 3, ""title_hits"": 1, ""money_hits"": 3, ""id_hits"": 0, ""data_like"": 0}",순번 | 필명 | 아이디 | 작품명 | 판매수 | 매출 | 배분율 | 수익금 | 비고,9,merged_cells=2; multi_sheet_workbook
59,북팔,3,3,manual_review,__NO_SIGNATURE__::Sheet::cols1,Sheet(3),none:3,1,1,1,1,hidden_sheet:3 | no_header_candidate:3,,,,,,,북팔\10월\2025년 10월 북팔 정산상세.xlsx::Sheet || 북팔\11월\2025년 11월 북팔 핫딜수익금 정산상세.xlsx::Sheet || 북팔\9월\2025년 9월 북팔 정산상세.xlsx::Sheet,북팔\10월\2025년 10월 북팔 정산상세.xlsx,Sheet,opened,마켓 | Sheet,1,1,1,15.2,"{""non_empty"": 1, ""keyword_hits"": 2, ""title_hits"": 1, ""money_hits"": 4, ""id_hits"": 0, ""data_like"": 0}",[REDACTED_EXCLUDED_LETTER_OR_SUMMARY_SHEET],1,multi_sheet_workbook
60,북팔,1,1,adapter_candidate,날짜|구분|순서|아이디|닉네임|작품명|수익|카운트,2025-11-01 ~ 2025-11-30(1),1:1,89,89,8,8,,작품명(10),,,수익(3),,날짜 | 구분 | 순서 | 아이디 | 닉네임 | 작품명 | 수익 | 카운트,북팔\11월\2025년 11월 북팔 정산상세.xlsx::2025-11-01 ~ 2025-11-30,북팔\11월\2025년 11월 북팔 정산상세.xlsx,2025-11-01 ~ 2025-11-30,opened,2025-11-01 ~ 2025-11-30,89,8,1,8.6,"{""non_empty"": 8, ""keyword_hits"": 1, ""title_hits"": 1, ""money_hits"": 1, ""id_hits"": 0, ""data_like"": 0}",날짜 | 구분 | 순서 | 아이디 | 닉네임 | 작품명 | 수익 | 카운트,1,
61,피플앤스토리,1,1,adapter_candidate,isbn|관리코드|작품명|작가명|cp사|출판사|판매사이트|단가원|건수건|판매금액원|정산금액원,다운로드(1),1:1,9,9,11,11,merged_cells:1,작품명(10),ISBN(7) | 관리코드(5),판매금액(원)(3),정산금액(원)(5),,ISBN | 관리코드 | 작품명 | 작가명 | CP사 | 출판사 | 판매사이트 | 단가(원) | 건수(건) | 판매금액(원) | 정산금액(원),피플앤스토리\25년\11월\2025년 11월 피플앤스토리 정산상세.xlsx::다운로드,피플앤스토리\25년\11월\2025년 11월 피플앤스토리 정산상세.xlsx,다운로드,opened,다운로드,9,11,1,27.2,"{""non_empty"": 11, ""keyword_hits"": 7, ""title_hits"": 1, ""money_hits"": 3, ""id_hits"": 2, ""data_like"": 0}",ISBN | 관리코드 | 작품명 | 작가명 | CP사 | 출판사 | 판매사이트 | 단가(원) | 건수(건) | 판매금액(원) | 정산금액(원),1,merged_cells=1
62,북큐브,6,6,manual_review,__NO_SIGNATURE__::Sheet1::cols19,Sheet1(6),none:6,117,687,19,19,no_header_candidate:6,,,,,,,북큐브\10월\2025년 10월 북큐브(로맨스) 정산상세.xlsx::Sheet1 || 북큐브\10월\2025년 10월 북큐브(판무) 정산상세.xlsx::Sheet1 || 북큐브\11월\2025년 11월 북큐브(로맨스) 정산상세.xlsx::Sheet1 || 북큐브\11월\2025년 11월 북큐브(판무) 정산상세.xlsx::Sheet1 || 북큐브\9월\2025년 9월 북큐브(로맨스) 정산상세.xlsx::Sheet1,북큐브\10월\2025년 10월 북큐브(로맨스) 정산상세.xlsx,Sheet1,opened,Sheet1,117,19,2,41.8,"{""non_empty"": 19, ""keyword_hits"": 10, ""title_hits"": 2, ""money_hits"": 5, ""id_hits"": 2, ""data_like"": 0}",제목 | 저자 | 출판권자 | 판매유형 | 판매처 | 부수 | 정가 | 판매액 | 할인 | 수수료 | 정산대상금액 | 정산액 | 정산월 | 도서번호 | ISBN | e-ISBN(PDF) | e-ISBN(ePub) | 서비스파일 | 제휴도서번호,2,
63,스낵북,6,6,adapter_candidate,작품id|작품명|필자명|정산비율|판매원|정산원|코인타입,settle_list_202601_C262666768_2(1) | settle_list_202510_C262666768_2(1) | settle_list_202511_C262666768_2(1) | settle_list_202512_C262666768_2(1) | settle_list_202602_C262666768_2(1) | settle_list_202603_C262666768_2(1),1:6,8,22,7,7,,작품명(10),작품ID(3),,정산(원)(2),,작품ID | 작품명 | 필자명 | 정산비율 | 판매(원) | 정산(원) | 코인타입,스낵북\1월\2026년 1월 스낵북 정산상세.xlsx::settle_list_202601_C262666768_2 || 스낵북\25년\10월\2025년 10월 스낵북 정산상세.xlsx::settle_list_202510_C262666768_2 || 스낵북\25년\11월\2025년 11월 스낵북 정산상세.xlsx::settle_list_202511_C262666768_2 || 스낵북\25년\12월\2025년 12월 스낵북 정산상세.xlsx::settle_list_202512_C262666768_2 || 스낵북\2월\2026년 2월 스낵북 정산상세.xlsx::settle_list_202602_C262666768_2,스낵북\1월\2026년 1월 스낵북 정산상세.xlsx,settle_list_202601_C262666768_2,opened,settle_list_202601_C262666768_2,13,7,1,17.4,"{""non_empty"": 7, ""keyword_hits"": 4, ""title_hits"": 1, ""money_hits"": 2, ""id_hits"": 1, ""data_like"": 0}",작품ID | 작품명 | 필자명 | 정산비율 | 판매(원) | 정산(원) | 코인타입,1,
64,리디북스,5,5,adapter_candidate,판매처|시리즈id|도서id|제목|권화수|저자|역자|그림|출판사|시리즈명|전자책정가|단권판매액|단권판매권|단권무료권|대여액|대여유료권~202004대여권|대여무료권|자유다운금액|자유다운권|세트판매액|세트판매권|세트대여액|세트대여권|취소단권판매액|취소단권판매권|취소대여액|취소대여권|취소자유다운액|취소자유다운권|취소세트판매액|취소세트판매권|취소세트대여액|취소세트대여권|판매액|판매권|취소액|취소권|일반판매액|일반취소액|앱마켓정산대상액|앱마켓수수료|앱마켓취소액|ios정산대상액|ios수수료|ios취소액|android정산대상액|android수수료|android취소액|onestore정산대상액|onestore수수료|onestore취소액|정산액|종이책isbn10|종이책isbn13|전자책isbn10|전자책isbn13|cp관리id|카테고리1|카테고리2,calculate_1(4) | 25년 8월 리디북스 정산상세(1),1:5,29854,32086,59,59,large_row_count:5,제목(8) | 시리즈명(8),전자책ISBN10(4) | 전자책ISBN13(4) | 도서 ID(3) | 종이책ISBN10(2) | 종이책ISBN13(2) | 시리즈 ID(1),판매액(8) | 단권판매액(2) | 세트판매액(2) | 취소단권판매액(2) | 취소세트판매액(2),정산액(10) | 앱마켓 정산대상액(4) | iOS 정산대상액(4) | Android 정산대상액(4) | OneStore 정산대상액(4),취소액(3) | 앱마켓 수수료(3) | 앱마켓 취소액(2) | iOS 수수료(2) | iOS 취소액(2) | Android 수수료(2) | Android 취소액(2) | OneStore 수수료(2),판매처 | 시리즈 ID | 도서 ID | 제목 | 권/화수 | 저자 | 역자 | 그림 | 출판사 | 시리즈명 | 전자책정가 | 단권판매액 | 단권판매권 | 단권무료권 | 대여액 | 대여유료권( ~ 2020-04 대여권) | 대여무료권 | 자유다운금액 | 자유다운권 | 세트판매액 | 세트판매권 | 세트대여액 | 세트대여권 | 취소단권판매액 | 취소단권판매권 | 취소대여액 | 취소대여권 | 취소자유다운액 | 취소자유다운권 | 취소세트판매액 | 취소세트판매권 | 취소세트대여액 | 취소세트대여권 | 판매액 | 판매권 | 취소액 | 취소권 | 일반 판매액 | 일반 취소액 | 앱마켓 정산대상액 | 앱마켓 수수료 | 앱마켓 취소액 | iOS 정산대상액 | iOS 수수료 | iOS 취소액 | Android 정산대상액 | Android 수수료 | Android 취소액 | OneStore 정산대상액 | OneStore 수수료 | OneStore 취소액 | 정산액 | 종이책ISBN10 | 종이책ISBN13 | 전자책ISBN10 | 전자책ISBN13 | CP 관리 ID | 카테고리1 | 카테고리2,리디북스\10월\2025년 10월 리디북스 정산상세.xlsx::calculate_1 || 리디북스\11월\2025년 11월 리디북스 정산상세.xlsx::calculate_1 || 리디북스\234\2025년 12월 리디 정산상세.xlsx::calculate_1 || 리디북스\8월\25년 8월 리디북스 정산상세.xlsx::25년 8월 리디북스 정산상세 || 리디북스\9월\2025년 9월 리디북스 정산상세.xlsx::calculate_1,리디북스\10월\2025년 10월 리디북스 정산상세.xlsx,calculate_1,opened,calculate_1,31819,59,1,52.0,"{""non_empty"": 59, ""keyword_hits"": 12, ""title_hits"": 3, ""money_hits"": 6, ""id_hits"": 3, ""data_like"": 0}",판매처 | 시리즈 ID | 도서 ID | 제목 | 권/화수 | 저자 | 역자 | 그림 | 출판사 | 시리즈명 | 전자책정가 | 단권판매액 | 단권판매권 | 단권무료권 | 대여액 | 대여유료권( ~ 2020-04 대여권) | 대여무료권 | 자유다운금액 | 자유다운권 | 세트판매액 | 세트판매권 | 세트대여액 | 세트대여권 | 취소단권판매액 | 취소단권판매권 | 취소대여액 | 취소대여권 | 취소자유다운액 | 취소자유다운권 | 취소세트판매액 | 취소세트판매권 | 취소세트대여액 | 취소세트대여권 | 판매액 | 판매권,1,
65,올툰,3,3,adapter_candidate,매출기간월|작품명|정산수수료율%|코인사용수량개|총매출액원|앱스토어수수료원|올웨이즈수수료원|순매출|정산대상금액수수료제,시트1(3),2:3,45,50,10,12,merged_cells:3,작품명(10),,총 매출액(원)(8) | 순매출(2),정산 대상 금액(수수료 제)(2),앱스토어 수수료(원)(2) | 올웨이즈 수수료(원)(2) | 정산 대상 금액(수수료 제)(2),매출 기간(월) | 작품명 | 정산 수수료율(%) | 코인 사용수량(개) | 총 매출액(원) | 앱스토어 수수료(원) | 올웨이즈 수수료(원) | 순매출 | 정산 대상 금액(수수료 제),올툰\10월\2025년 10월 올툰 정산상세.xlsx::시트1 || 올툰\11월\2025년 11월 올툰 정산상세.xlsx::시트1 || 올툰\9월\2025년 9월 올툰 정산상세.xlsx::시트1,올툰\10월\2025년 10월 올툰 정산상세.xlsx,시트1,opened,시트1,50,12,2,22.8,"{""non_empty"": 9, ""keyword_hits"": 5, ""title_hits"": 1, ""money_hits"": 4, ""id_hits"": 0, ""data_like"": 0}",매출 기간(월) | 작품명 | 정산 수수료율(%) | 코인 사용수량(개) | 총 매출액(원) | 앱스토어 수수료(원) | 올웨이즈 수수료(원) | 순매출 | 정산 대상 금액(수수료 제),2,merged_cells=1
66,피우리(누온),3,3,adapter_candidate,번호|판매년월|제목|작가|출판사|플랫폼|판매형태|정가|판매가|판매수|매출액|정산액|계약비율|피우리상품번호|cp관리번호,Worksheet(3),2:3,13,33,15,15,merged_cells:3,제목(8),,매출액(5),정산액(10),,번호 | 판매년월 | 제목 | 작가 | 출판사 | 플랫폼 | 판매형태 | 정가 | 판매가 | 판매수 | 매출액 | 정산액 | 계약비율 | 피우리상품번호 | CP관리번호,피우리(누온)\10월\2025년 10월 누온(피우리) 정산상세.xlsx::Worksheet || 피우리(누온)\11월\2025년 11월 누온(피우리) 정산상세.xlsx::Worksheet || 피우리(누온)\9월\2025년 9월 피우리 정산상세.xlsx::Worksheet,피우리(누온)\10월\2025년 10월 누온(피우리) 정산상세.xlsx,Worksheet,opened,Worksheet,13,15,2,34.0,"{""non_empty"": 15, ""keyword_hits"": 8, ""title_hits"": 2, ""money_hits"": 4, ""id_hits"": 1, ""data_like"": 0}",번호 | 판매년월 | 제목 | 작가 | 출판사 | 플랫폼 | 판매형태 | 정가 | 판매가 | 판매수 | 매출액 | 정산액 | 계약비율 | 피우리상품번호 | CP관리번호,2,merged_cells=4
67,에이블리,2,2,adapter_candidate,판매일|작품id|분류|작품명|작가명|레이블|회차판매가원|총사용건수건|초기무료회차|에다무|광고보면무료|신규혜택대여|유상대여|소장|총판매건수건|광고보면무료판매금액원|광고보면무료운영수수료원|소장판매금액원|소장운영수수료원|대여판매금액원|대여운영수수료원|판매금액합계원|운영수수료합계원|정산금액합계원,202510_에이블리_키다리스튜디오(소설)(1) | 202509_에이블리_키다리스튜디오(소설)(1),1:2,525,610,24,24,,작품명(10),작품 ID(1),판매 금액 합계 (원)(5) | 소장 판매금액 (원)(3) | 대여 판매금액 (원)(3) | 광고보면 무료 판매금액 (원)(3) | 정산 금액 합계 (원)(2) | 운영 수수료 합계 (원)(2),정산 금액 합계 (원)(5),소장 운영 수수료 (원)(2) | 대여 운영 수수료 (원)(2) | 운영 수수료 합계 (원)(2) | 광고보면 무료 운영 수수료 (원)(2),판매일 | 작품 ID | 분류 | 작품명 | 작가명 | 레이블 | 회차 판매가 (원) | 총 사용 건수 (건) | 초기 무료 회차 | 에다무 | 광고보면 무료 | 신규 혜택 대여 | 유상 대여 | 소장 | 총 판매 건수 (건) | 광고보면 무료 판매금액 (원) | 광고보면 무료 운영 수수료 (원) | 소장 판매금액 (원) | 소장 운영 수수료 (원) | 대여 판매금액 (원) | 대여 운영 수수료 (원) | 판매 금액 합계 (원) | 운영 수수료 합계 (원) | 정산 금액 합계 (원),에이블리\10월\2025년 10월 에이블리 정산상세.xlsx::202510_에이블리_키다리스튜디오(소설) || 에이블리\9월\2025년 9월 에이블리 정산상세.xlsx::202509_에이블리_키다리스튜디오(소설),에이블리\10월\2025년 10월 에이블리 정산상세.xlsx,202510_에이블리_키다리스튜디오(소설),opened,202510_에이블리_키다리스튜디오(소설),610,24,1,32.0,"{""non_empty"": 24, ""keyword_hits"": 7, ""title_hits"": 1, ""money_hits"": 5, ""id_hits"": 1, ""data_like"": 0}",판매일 | 작품 ID | 분류 | 작품명 | 작가명 | 레이블 | 회차 판매가 (원) | 총 사용 건수 (건) | 초기 무료 회차 | 에다무 | 광고보면 무료 | 신규 혜택 대여 | 유상 대여 | 소장 | 총 판매 건수 (건) | 광고보면 무료 판매금액 (원) | 광고보면 무료 운영 수수료 (원) | 소장 판매금액 (원) | 소장 운영 수수료 (원) | 대여 판매금액 (원) | 대여 운영 수수료 (원) | 판매 금액 합계 (원) | 운영 수수료 합계 (원) | 정산 금액 합계 (원),1,
68,보인&국립장애인도서관,2,1,manual_review,번호|카테고리|제목|저자명|출간일|판매가|구매비|출판사명|서비스연령|선정여부|비고,목록선정_1차 구매(1) | 목록선정_0313(1),11:1 | 3:1,196,823,12,12,hidden_columns:2 | merged_cells:1 | hidden_rows:1,제목(8),,,,,번호 | 카테고리 | 제목 | 저자명 | 출간일 | 판매가 | 구매비 | 출판사명 | 서비스연령 | 선정여부 | 비고,보인&국립장애인도서관\2026년 3월 국립장애인도서관 정산상세.xlsx::목록선정_1차 구매 || 보인&국립장애인도서관\2026년 3월 국립장애인도서관 정산상세.xlsx::목록선정_0313,보인&국립장애인도서관\2026년 3월 국립장애인도서관 정산상세.xlsx,목록선정_1차 구매,opened,목록선정_1차 구매 | 목록선정_0313 | 목록선정,196,12,11,16.2,"{""non_empty"": 11, ""keyword_hits"": 4, ""title_hits"": 1, ""money_hits"": 1, ""id_hits"": 1, ""data_like"": 0}",번호 | 카테고리 | 제목 | 저자명 | 출간일 | 판매가 | 구매비 | 출판사명 | 서비스연령 | 선정여부 | 비고,11,merged_cells=17; multi_sheet_workbook
69,로망띠끄,1,1,manual_review,__NO_SIGNATURE__::styleB(바로북)1762237499::cols13,styleB(바로북)1762237499(1),none:1,53,53,13,13,merged_cells:1 | no_header_candidate:1,,,,,,,로망띠끄\10월\2025년 10월 로망띠끄(이북) 정산상세.xlsx::styleB(바로북)1762237499,로망띠끄\10월\2025년 10월 로망띠끄(이북) 정산상세.xlsx,styleB(바로북)1762237499,opened,styleB(바로북)1762237499,53,13,5,26.6,"{""non_empty"": 13, ""keyword_hits"": 7, ""title_hits"": 1, ""money_hits"": 2, ""id_hits"": 3, ""data_like"": 0}",도서코드 | 일련번호 | 구분 | 도서명 | 출판사명 | 저자 | 판매량 | 판매액 | 정산율 | 정산액 | 등록일 | 판매처 | isbn,5,merged_cells=6
70,로망띠끄,1,1,manual_review,__NO_SIGNATURE__::styleB(바로북)1764723314::cols13,styleB(바로북)1764723314(1),none:1,44,44,13,13,merged_cells:1 | no_header_candidate:1,,,,,,,로망띠끄\11월\2025년 11월 로망띠끄 정산상세.xlsx::styleB(바로북)1764723314,로망띠끄\11월\2025년 11월 로망띠끄 정산상세.xlsx,styleB(바로북)1764723314,opened,styleB(바로북)1764723314,44,13,5,26.6,"{""non_empty"": 13, ""keyword_hits"": 7, ""title_hits"": 1, ""money_hits"": 2, ""id_hits"": 3, ""data_like"": 0}",도서코드 | 일련번호 | 구분 | 도서명 | 출판사명 | 저자 | 판매량 | 판매액 | 정산율 | 정산액 | 등록일 | 판매처 | isbn,5,merged_cells=6
71,로망띠끄,1,1,manual_review,__NO_SIGNATURE__::styleB(바로북)1760082209::cols13,styleB(바로북)1760082209(1),none:1,3069,3069,13,13,merged_cells:1 | no_header_candidate:1,,,,,,,로망띠끄\9월\2025년 9월 로망띠끄(이북) 정산상세.xlsx::styleB(바로북)1760082209,로망띠끄\9월\2025년 9월 로망띠끄(이북) 정산상세.xlsx,styleB(바로북)1760082209,opened,styleB(바로북)1760082209,3069,13,5,26.6,"{""non_empty"": 13, ""keyword_hits"": 7, ""title_hits"": 1, ""money_hits"": 2, ""id_hits"": 3, ""data_like"": 0}",도서코드 | 일련번호 | 구분 | 도서명 | 출판사명 | 저자 | 판매량 | 판매액 | 정산율 | 정산액 | 등록일 | 판매처 | isbn,5,merged_cells=6
72,보인&국립장애인도서관,1,1,manual_review,번호|카테고리|제목|저자명|출간일|판매가|출판사명|서비스연령|선정여부|비고,목록선정(1),3:1,823,823,11,11,hidden_rows:1 | hidden_sheet:1,제목(8),,,,,번호 | 카테고리 | 제목 | 저자명 | 출간일 | 판매가 | 출판사명 | 서비스연령 | 선정여부 | 비고,보인&국립장애인도서관\2026년 3월 국립장애인도서관 정산상세.xlsx::목록선정,보인&국립장애인도서관\2026년 3월 국립장애인도서관 정산상세.xlsx,목록선정,opened,목록선정_1차 구매 | 목록선정_0313 | 목록선정,823,11,3,16.0,"{""non_empty"": 10, ""keyword_hits"": 4, ""title_hits"": 1, ""money_hits"": 1, ""id_hits"": 1, ""data_like"": 0}",번호 | 카테고리 | 제목 | 저자명 | 출간일 | 판매가 | 출판사명 | 서비스연령 | 선정여부 | 비고,3,multi_sheet_workbook
73,알라딘,1,1,manual_review,__NO_SIGNATURE__::sales_18156_202510::cols13,sales_18156_202510(1),none:1,1368,1368,13,13,no_header_candidate:1,,,,,,,알라딘\10월\2025년 10월 알라딘 정산상세.xlsx::sales_18156_202510,알라딘\10월\2025년 10월 알라딘 정산상세.xlsx,sales_18156_202510,opened,sales_18156_202510,1368,13,1,31.6,"{""non_empty"": 13, ""keyword_hits"": 8, ""title_hits"": 1, ""money_hits"": 4, ""id_hits"": 2, ""data_like"": 0}",판매/취소일시 | ItemId | 제목 | 판매형태 | 정가 | 판매가 | 정산액 | 원주문일시 | 저자명 | 출판사명 | 정산처명 | ISBN | CID,1,
74,알라딘,1,1,manual_review,__NO_SIGNATURE__::sales_18156_202511::cols13,sales_18156_202511(1),none:1,1660,1660,13,13,no_header_candidate:1,,,,,,,알라딘\11월\2025년 11월 알라딘 정산상세.xlsx::sales_18156_202511,알라딘\11월\2025년 11월 알라딘 정산상세.xlsx,sales_18156_202511,opened,sales_18156_202511,1660,13,1,31.6,"{""non_empty"": 13, ""keyword_hits"": 8, ""title_hits"": 1, ""money_hits"": 4, ""id_hits"": 2, ""data_like"": 0}",판매/취소일시 | ItemId | 제목 | 판매형태 | 정가 | 판매가 | 정산액 | 원주문일시 | 저자명 | 출판사명 | 정산처명 | ISBN | CID,1,
75,알라딘,1,1,manual_review,__NO_SIGNATURE__::sales_18156_202509::cols13,sales_18156_202509(1),none:1,1906,1906,13,13,no_header_candidate:1,,,,,,,알라딘\9월\2025년 9월 알라딘 정산상세.xlsx::sales_18156_202509,알라딘\9월\2025년 9월 알라딘 정산상세.xlsx,sales_18156_202509,opened,sales_18156_202509,1906,13,1,31.6,"{""non_empty"": 13, ""keyword_hits"": 8, ""title_hits"": 1, ""money_hits"": 4, ""id_hits"": 2, ""data_like"": 0}",판매/취소일시 | ItemId | 제목 | 판매형태 | 정가 | 판매가 | 정산액 | 원주문일시 | 저자명 | 출판사명 | 정산처명 | ISBN | CID,1,
76,에이블리,1,1,adapter_candidate,판매일|작품id|분류|작가명|레이블|작품명|정산금액합계원|행레이블|합계정산금액합계원,202511_에이블리_키다리스튜디오(소설)(1),1:1,663,663,11,11,,작품명(10),작품 ID(1),정산 금액 합계 (원)(2) | 합계 : 정산 금액 합계 (원)(2),정산 금액 합계 (원)(5) | 합계 : 정산 금액 합계 (원)(5),,판매일 | 작품 ID | 분류 | 작가명 | 레이블 | 작품명 | 정산 금액 합계 (원) | 행 레이블 | 합계 : 정산 금액 합계 (원),에이블리\11월\2025년 11월 에이블리 정산상세.xlsx::202511_에이블리_키다리스튜디오(소설),에이블리\11월\2025년 11월 에이블리 정산상세.xlsx,202511_에이블리_키다리스튜디오(소설),opened,202511_에이블리_키다리스튜디오(소설),663,11,1,25.8,"{""non_empty"": 9, ""keyword_hits"": 6, ""title_hits"": 1, ""money_hits"": 4, ""id_hits"": 1, ""data_like"": 0}",판매일 | 작품 ID | 분류 | 작가명 | 레이블 | 작품명 | 정산 금액 합계 (원) | 행 레이블 | 합계 : 정산 금액 합계 (원),1,
77,교보,2,2,manual_review,__NO_SIGNATURE__::Sheet1::cols26,Sheet1(2),none:2,795,1269,26,26,merged_cells:2 | no_header_candidate:2,,,,,,,교보\10월\2025년 10월 교보 정산상세.xlsx::Sheet1 || 교보\11월\2025년 11월 교보문고 정산상세.xlsx::Sheet1,교보\10월\2025년 10월 교보 정산상세.xlsx,Sheet1,opened,Sheet1,795,26,2,33.0,"{""non_empty"": 26, ""keyword_hits"": 8, ""title_hits"": 1, ""money_hits"": 3, ""id_hits"": 4, ""data_like"": 0}",판매기간 | 전체 | 판매채널 | 판매방식 | 상품구분 | 상품명 | 회차명 | 저자 | 출판사 | 제휴사 | 납품처 | 정가 | 판매가 | 판매수량 | 정산대상판매가총액 | 정산율 | 정산액 | 대분류 | 판매상품ID | epub isbn | pdf isbn | zip isbn | mp3 isbn | issn | 종이책ISBN | 북넘버,2,merged_cells=1
78,알라딘 종이책,2,2,manual_review,거래일자|구분|형태|거래내용|전잔액|출고부수|출고금액|반품부수|반품금액일자|입금금액|조정금액|현잔액|비고,거래처별 거래원장(2),1:2,8,18,13,13,merged_cells:2,,,,,,거래일자 | 구분 | 형태 | 거래내용 | 전잔액 | 출고부수 | 출고금액 | 반품부수 | 반품금액(일자) | 입금금액 | 조정금액 | 현잔액 | 비고,알라딘 종이책\10월\2025년 10월 알라딘_종이책 정산상세.xlsx::거래처별 거래원장 || 알라딘 종이책\11월\2025년 11월 알라딘 종이책 정산상세.xlsx::거래처별 거래원장,알라딘 종이책\10월\2025년 10월 알라딘_종이책 정산상세.xlsx,거래처별 거래원장,opened,거래처별 거래원장,18,13,1,8.6,"{""non_empty"": 13, ""keyword_hits"": 1, ""title_hits"": 0, ""money_hits"": 2, ""id_hits"": 0, ""data_like"": 0}",거래일자 | 구분 | 형태 | 거래내용 | 전잔액 | 출고부수 | 출고금액 | 반품부수 | 반품금액(일자) | 입금금액 | 조정금액 | 현잔액 | 비고,,merged_cells=1
79,예스24,2,2,manual_review,__NO_SIGNATURE__::Sheet1::cols22,Sheet1(2),none:2,704,974,22,22,no_header_candidate:2,,,,,,,예스24\10월\2025 10월 예스24 정산상세.xlsx::Sheet1 || 예스24\11월\2025년 11월 예스24 정산상세.xlsx::Sheet1,예스24\10월\2025 10월 예스24 정산상세.xlsx,Sheet1,opened,Sheet1,974,22,1,31.0,"{""non_empty"": 22, ""keyword_hits"": 8, ""title_hits"": 1, ""money_hits"": 2, ""id_hits"": 4, ""data_like"": 0}",No | 도서명 | 출판사 | 출판사판매가 | 판매서점 | 서점판매가 | 서점환불가 | 원가율 | 출판사정산액 | 이벤트구분 | 판매구분 | 이벤트판매가 | 저자명 | bookID | ePubID | 세트코드 | 종이책ISBN | 전자책ISBN | 판매일 | 환불일 | AUDIOISBN | ContentsType,1,
80,신영미디어,1,1,adapter_candidate,서비스일|분류명|소분류|제목|저자|가격|개수|합계|소득액|번호,20250901_20250930(1),1:1,4,4,10,10,,제목(8),,합계(3),,,서비스일 | 분류명 | 소분류 | 제목 | 저자 | 가격 | 개수 | 합계 | 소득액 | 번호,신영미디어\2025년 9월 신영미디어 정산상세.xlsx::20250901_20250930,신영미디어\2025년 9월 신영미디어 정산상세.xlsx,20250901_20250930,opened,20250901_20250930,4,10,1,14.0,"{""non_empty"": 10, ""keyword_hits"": 3, ""title_hits"": 1, ""money_hits"": 1, ""id_hits"": 1, ""data_like"": 0}",서비스일 | 분류명 | 소분류 | 제목 | 저자 | 가격 | 개수 | 합계 | 소득액 | 번호,1,
