source,판단유형,우선순위,판매채널,정제키,행수,원문예시,대표근거,필요한판단
같은채널_fuzzy,같은채널 fuzzy 작품동일성 판단,1,네이버_장르,던전에서성자가하는일,1,던전에서 성자가 하는 일 [단행본],0.9091::던전에서 성자性者가 하는 일::112529,"같은 채널에 유사 제목 지급정산이 있으나 자동 alias로 태우기엔 위험. 동일작이면 exact alias 후보, 아니면 보류"
기존_근접후보,작품 동일성 판단,2,카카오페이지(선투자),독식하는재벌세,10,독식하는 재벌 3세 | 독식하는 재벌 3세 [단행본],교보문고(소설) / 1980 독식하는 재벌! / 0.9231,정산서의 `독식하는 재벌 3세`와 S2 후보 `1980 독식하는 재벌!`가 같은 작품인지 확인 필요
기존_근접후보,작품 동일성 판단,2,카카오페이지(소설),백치공주시리즈,3,백치 공주 시리즈,봄툰KR(1068149784) / 백치공주 / 1.0,정산서 `백치 공주 시리즈`와 S2 `백치공주`가 같은 지급정산 대상인지 확인 필요
기존_근접후보,작품 동일성 판단,2,네이버_장르,독식하는재벌세,1,독식하는 재벌 3세 [단행본],교보문고(소설) / 1980 독식하는 재벌! / 0.9231,정산서의 `독식하는 재벌 3세`와 S2 후보 `1980 독식하는 재벌!`가 같은 작품인지 확인 필요
기존_근접후보,채널 보강 판단,3,원스토어(소설),고인물무림에가다,10,"고인물, 무림에 가다",네이버_연재 / 고인물 무림에 가다_갈드_창작지원금 / 0.91,다른 채널에는 동일 계열 S2 후보가 있으나 해당 판매채널에는 없음
기존_근접후보,채널 보강 판단,3,구글(소설),고인물무림에가다,9,"고인물, 무림에 가다 1권 | [10%할인] 고인물, 무림에 가다 1권",네이버_연재 / 고인물 무림에 가다_갈드_창작지원금 / 0.91,다른 채널에는 동일 계열 S2 후보가 있으나 해당 판매채널에는 없음
기존_근접후보,채널 보강 판단,3,원스토어(소설),아포칼립스인데나혼자농사,3,아포칼립스인데 나 혼자 농사,Yes24(서점) / 0_아포칼립스인데나혼자농사_이루이_일반 / 0.91,다른 채널에는 동일 계열 S2 후보가 있으나 해당 판매채널에는 없음
기존_근접후보,채널 보강 판단,3,카카오페이지(소설),아포칼립스인데나혼자농사,2,아포칼립스인데 나 혼자 농사,Yes24(서점) / 0_아포칼립스인데나혼자농사_이루이_일반 / 0.91,다른 채널에는 동일 계열 S2 후보가 있으나 해당 판매채널에는 없음
기존_근접후보,채널 보강 판단,3,구글(소설),야한연극의ts주인공이되었다,1,야한 연극의 TS 주인공이 되었다 1권,Yes24(서점) / 0_야한 연극의 TS 주인공이 되었다_파워레인젖_일반 / 0.91,다른 채널에는 동일 계열 S2 후보가 있으나 해당 판매채널에는 없음
기존_근접후보,채널 보강 판단,3,네이버_연재,아포칼립스인데나혼자농사,1,아포칼립스인데 나 혼자 농사 [독점],Yes24(서점) / 0_아포칼립스인데나혼자농사_이루이_일반 / 0.91,다른 채널에는 동일 계열 S2 후보가 있으나 해당 판매채널에는 없음
기존_근접후보,채널 보강 판단,3,네이버_장르,야한규칙으로다따먹음,1,야한 규칙으로 다 따먹음 [단행본],Yes24(서점) / 0_야한규칙으로 다 따먹음_파워레인젖_일반 / 0.91,다른 채널에는 동일 계열 S2 후보가 있으나 해당 판매채널에는 없음
기존_근접후보,채널 보강 판단,3,리디북스(소설),고인물무림에가다,1,"고인물, 무림에 가다 1화",네이버_연재 / 고인물 무림에 가다_갈드_창작지원금 / 0.91,다른 채널에는 동일 계열 S2 후보가 있으나 해당 판매채널에는 없음
기존_근접후보,채널 보강 판단,3,조아라(소설),아포칼립스인데나혼자농사,1,아포칼립스인데 나 혼자 농사,Yes24(서점) / 0_아포칼립스인데나혼자농사_이루이_일반 / 0.91,다른 채널에는 동일 계열 S2 후보가 있으나 해당 판매채널에는 없음
기존_근접후보,채널 보강 판단,3,조아라(소설),야한연극의ts주인공이되었다,1,야한 연극의 TS 주인공이 되었다 (단행본),Yes24(서점) / 0_야한 연극의 TS 주인공이 되었다_파워레인젖_일반 / 0.91,다른 채널에는 동일 계열 S2 후보가 있으나 해당 판매채널에는 없음
타채널_exact,타채널 exact 지급정산 보강 판단,4,한아름(P000003716),핵무기도만들어드릴까요,351,[연재]핵무기도 만들어 드릴까요? | 핵무기도 만들어 드릴까요?,문피아::핵무기도 만들어 드릴까요?::110907 || 카카오페이지(선투자)::핵무기도 만들어 드릴까요?::110907,동일 정제키 지급정산이 다른 채널에는 있음. 해당 판매채널 지급정산을 만들지 판단
타채널_exact,타채널 exact 지급정산 보강 판단,4,원스토어(소설),코인게이트를열었다,212,코인 게이트를 열었다,윌라(전자책)::코인게이트를열었다::247429 || 교보문고(소설)::코인게이트를열었다::247429 || 미소설::코인게이트를열었다::247429 || 미스터블루(소설)::코인게이트를열었다::247429 || 판무림::코인게이트를열었다::247429,동일 정제키 지급정산이 다른 채널에는 있음. 해당 판매채널 지급정산을 만들지 판단
타채널_exact,타채널 exact 지급정산 보강 판단,4,리디북스(소설),나홀로마법사,200,나 홀로 마법사 27화 | 나 홀로 마법사 28화 | 나 홀로 마법사 29화 | 나 홀로 마법사 30화 | 나 홀로 마법사 31화 | 나 홀로 마법사 32화,카카오페이지(선투자)::나 홀로 마법사::111915 || 알라딘(소설)(1068659313)::나 홀로 마법사::111915,동일 정제키 지급정산이 다른 채널에는 있음. 해당 판매채널 지급정산을 만들지 판단
타채널_exact,타채널 exact 지급정산 보강 판단,4,판무림,업어키운사매들,135,업어 키운 사매들,에피루스 이북클럽(B2C)::업어 키운 사매들::322005 || 카카오페이지(창작지원금)::업어 키운 사매들::322005 || 리디북스(소설)::업어 키운 사매들::322005 || 원스토어(소설)::업어 키운 사매들::322005 || 무툰(소설 서비스)::업어 키운 사매들::322005,동일 정제키 지급정산이 다른 채널에는 있음. 해당 판매채널 지급정산을 만들지 판단
타채널_exact,타채널 exact 지급정산 보강 판단,4,리디북스(소설),핵무기도만들어드릴까요,133,[e북]핵무기도 만들어 드릴까요? 7권 | [e북]핵무기도 만들어 드릴까요? 8권 | [e북]핵무기도 만들어 드릴까요? 9권 | [e북]핵무기도 만들어 드릴까요? 10권 | [e북]핵무기도 만들어 드릴까요? 11권 | [e북]핵무기도 만들어 드릴까요? 12권,문피아::핵무기도 만들어 드릴까요?::110907 || 카카오페이지(선투자)::핵무기도 만들어 드릴까요?::110907,동일 정제키 지급정산이 다른 채널에는 있음. 해당 판매채널 지급정산을 만들지 판단
타채널_exact,타채널 exact 지급정산 보강 판단,4,구글(소설),코드네임사신,129,[10%할인] 코드네임 사신 10권 | [10%할인] 코드네임 사신 11권 | 코드네임 사신 1권 | [10%할인] 코드네임 사신 12권 | 코드네임 사신 2권 | [10%할인] 코드네임 사신 13권,카카오페이지(소설)::코드네임 사신::160310 || Yes24(서점)::코드네임 사신::160310 || 모픽(mofic)::코드네임 사신::160310 || 미스터블루(소설)::코드네임 사신::160310 || 스낵북(알에스)::코드네임 사신::160310,동일 정제키 지급정산이 다른 채널에는 있음. 해당 판매채널 지급정산을 만들지 판단
타채널_exact,타채널 exact 지급정산 보강 판단,4,구글(소설),타락의검은실,122,타락의 검은실 2부 1권 | 타락의 검은실 1부 1권,밀리의 서재::타락의 검은 실::107843 || 웹소설 하이북::타락의 검은실 1부/2부::108050 || Yes24(서점)::타락의 검은실 1부/2부::108050 || 블라이스_인앱결제::타락의 검은 실::107843 || 블라이스 셀렉트::타락의 검은 실::107843,동일 정제키 지급정산이 다른 채널에는 있음. 해당 판매채널 지급정산을 만들지 판단
타채널_exact,타채널 exact 지급정산 보강 판단,4,리디북스(소설),코드네임사신,113,코드네임 사신 38화 | 코드네임 사신 39화 | 코드네임 사신 40화 | 코드네임 사신 41화 | 코드네임 사신 42화 | 코드네임 사신 43화,카카오페이지(소설)::코드네임 사신::160310 || Yes24(서점)::코드네임 사신::160310 || 모픽(mofic)::코드네임 사신::160310 || 미스터블루(소설)::코드네임 사신::160310 || 스낵북(알에스)::코드네임 사신::160310,동일 정제키 지급정산이 다른 채널에는 있음. 해당 판매채널 지급정산을 만들지 판단
타채널_exact,타채널 exact 지급정산 보강 판단,4,리디북스(소설),아포칼립스의유일한플레이어,89,[e북]아포칼립스의 유일한 플레이어 4권 | [e북]아포칼립스의 유일한 플레이어 2권 | [e북]아포칼립스의 유일한 플레이어 3권 | [e북]아포칼립스의 유일한 플레이어 5권 (완결) | 아포칼립스의 유일한 플레이어 26화 | 아포칼립스의 유일한 플레이어 27화,카카오페이지(소설)::아포칼립스의 유일한 플레이어::308483,동일 정제키 지급정산이 다른 채널에는 있음. 해당 판매채널 지급정산을 만들지 판단
타채널_exact,타채널 exact 지급정산 보강 판단,4,원스토어(소설),재벌집망나니대독자,42,재벌집 망나니 7대독자,카카오페이지(창작지원금)::재벌집 망나니 7대 독자::322006 || 리디북스(소설)::재벌집 망나니 7대 독자::322006 || 문피아::재벌집 망나니 7대 독자::322006 || 북큐브(소설)::재벌집 망나니 7대 독자::322006 || 카카오페이지(소설)::재벌집 망나니 7대 독자::322006,동일 정제키 지급정산이 다른 채널에는 있음. 해당 판매채널 지급정산을 만들지 판단
타채널_exact,타채널 exact 지급정산 보강 판단,4,구글(소설),코인게이트를열었다,33,코인 게이트를 열었다 1권 | [10%할인] 코인 게이트를 열었다 1권 | 코인 게이트를 열었다 4권 | 코인 게이트를 열었다 5권 | 코인 게이트를 열었다 6권 | 코인 게이트를 열었다 7권,윌라(전자책)::코인게이트를열었다::247429 || 교보문고(소설)::코인게이트를열었다::247429 || 미소설::코인게이트를열었다::247429 || 미스터블루(소설)::코인게이트를열었다::247429 || 판무림::코인게이트를열었다::247429,동일 정제키 지급정산이 다른 채널에는 있음. 해당 판매채널 지급정산을 만들지 판단
타채널_exact,타채널 exact 지급정산 보강 판단,4,북큐브(소설),코드네임사신,32,코드네임 사신 10 | 코드네임 사신 11 | 코드네임 사신 12 | 코드네임 사신 13 | 코드네임 사신 14 | 코드네임 사신 15,카카오페이지(소설)::코드네임 사신::160310 || Yes24(서점)::코드네임 사신::160310 || 모픽(mofic)::코드네임 사신::160310 || 미스터블루(소설)::코드네임 사신::160310 || 스낵북(알에스)::코드네임 사신::160310,동일 정제키 지급정산이 다른 채널에는 있음. 해당 판매채널 지급정산을 만들지 판단
타채널_exact,타채널 exact 지급정산 보강 판단,4,구글(소설),전직랭커는템빨로레벨업,21,전직 랭커는 템빨로 레벨 업! 1권 | 전직 랭커는 템빨로 레벨 업! 2권 | 전직 랭커는 템빨로 레벨 업! 3권 | 전직 랭커는 템빨로 레벨 업! 4권 | 전직 랭커는 템빨로 레벨 업! 5권,모픽(mofic)::(카카오)전직 랭커는 템빨로 레벨 업!::317605 || 카카오페이지(선투자)::(카카오)전직 랭커는 템빨로 레벨 업!::317605 || 토스(소설)::(카카오)전직 랭커는 템빨로 레벨 업!::317605 || 리디북스(이벤트)::(카카오)전직 랭커는 템빨로 레벨 업!::317605 || 카카오페이지(창작지원금)::(카카오)전직 랭커는 템빨로 레벨 업!::317605,동일 정제키 지급정산이 다른 채널에는 있음. 해당 판매채널 지급정산을 만들지 판단
타채널_exact,타채널 exact 지급정산 보강 판단,4,Yes24(서점),핵무기도만들어드릴까요,20,핵무기도 만들어 드릴까요? 01권 | 핵무기도 만들어 드릴까요? (외전) | 핵무기도 만들어 드릴까요? 02권 | 핵무기도 만들어 드릴까요? 03권 | 핵무기도 만들어 드릴까요? 04권 | 핵무기도 만들어 드릴까요? 05권,문피아::핵무기도 만들어 드릴까요?::110907 || 카카오페이지(선투자)::핵무기도 만들어 드릴까요?::110907,동일 정제키 지급정산이 다른 채널에는 있음. 해당 판매채널 지급정산을 만들지 판단
타채널_exact,타채널 exact 지급정산 보강 판단,4,원스토어(소설),마왕이나노머신을숨김,20,마왕이 나노머신을 숨김,모픽(mofic)::[카카오]마왕이 나노머신을 숨김 단행본::317038 || 미스터블루(소설)::[카카오]마왕이 나노머신을 숨김 단행본::317038 || 카카오페이지(선투자)::[카카오]마왕이 나노머신을 숨김 단행본::317038 || 리디북스(이벤트)::[카카오]마왕이 나노머신을 숨김 단행본::317038 || 카카오페이지(창작지원금)::[카카오]마왕이 나노머신을 숨김 단행본::317038,동일 정제키 지급정산이 다른 채널에는 있음. 해당 판매채널 지급정산을 만들지 판단
타채널_exact,타채널 exact 지급정산 보강 판단,4,윌라(전자책),아빠의게임,20,아빠의 게임 1 | 아빠의 게임 10 | 아빠의 게임 11 | 아빠의 게임 12 | 아빠의 게임 13 | 아빠의 게임 14,카카오페이지(소설)::아빠의 게임::110470 || 윌라(오디오북)::아빠의 게임::110470,동일 정제키 지급정산이 다른 채널에는 있음. 해당 판매채널 지급정산을 만들지 판단
타채널_exact,타채널 exact 지급정산 보강 판단,4,구글(소설),마왕이나노머신을숨김,19,마왕이 나노머신을 숨김 1권 | 마왕이 나노머신을 숨김 2권 | 마왕이 나노머신을 숨김 3권 | 마왕이 나노머신을 숨김 4권 | 마왕이 나노머신을 숨김 5권 | 마왕이 나노머신을 숨김 6권,모픽(mofic)::[카카오]마왕이 나노머신을 숨김 단행본::317038 || 미스터블루(소설)::[카카오]마왕이 나노머신을 숨김 단행본::317038 || 카카오페이지(선투자)::[카카오]마왕이 나노머신을 숨김 단행본::317038 || 리디북스(이벤트)::[카카오]마왕이 나노머신을 숨김 단행본::317038 || 카카오페이지(창작지원금)::[카카오]마왕이 나노머신을 숨김 단행본::317038,동일 정제키 지급정산이 다른 채널에는 있음. 해당 판매채널 지급정산을 만들지 판단
타채널_exact,타채널 exact 지급정산 보강 판단,4,알라딘(소설)(1068659313),각성자위탁관리인,17,각성자 위탁관리인 01 | 각성자 위탁관리인 03 | 각성자 위탁관리인 02 | 각성자 위탁관리인 08 | 각성자 위탁관리인 05 | 각성자 위탁관리인 04,밀리의 서재::각성자 위탁관리인::107779 || 네이버_장르::각성자 위탁관리인::107779 || 윌라(전자책)::각성자 위탁관리인::107779 || 구글(소설)::각성자 위탁관리인::107779 || 리디북스(소설)::각성자 위탁관리인::107779,동일 정제키 지급정산이 다른 채널에는 있음. 해당 판매채널 지급정산을 만들지 판단
타채널_exact,타채널 exact 지급정산 보강 판단,4,원스토어(소설),나홀로마법사,16,나 홀로 마법사,카카오페이지(선투자)::나 홀로 마법사::111915 || 알라딘(소설)(1068659313)::나 홀로 마법사::111915,동일 정제키 지급정산이 다른 채널에는 있음. 해당 판매채널 지급정산을 만들지 판단
타채널_exact,타채널 exact 지급정산 보강 판단,4,원스토어(소설),전직랭커는템빨로레벨업,16,전직 랭커는 템빨로 레벨 업!,모픽(mofic)::(카카오)전직 랭커는 템빨로 레벨 업!::317605 || 카카오페이지(선투자)::(카카오)전직 랭커는 템빨로 레벨 업!::317605 || 토스(소설)::(카카오)전직 랭커는 템빨로 레벨 업!::317605 || 리디북스(이벤트)::(카카오)전직 랭커는 템빨로 레벨 업!::317605 || 카카오페이지(창작지원금)::(카카오)전직 랭커는 템빨로 레벨 업!::317605,동일 정제키 지급정산이 다른 채널에는 있음. 해당 판매채널 지급정산을 만들지 판단
타채널_exact,타채널 exact 지급정산 보강 판단,4,구글(소설),하렘으로세계정복,15,하렘으로 세계정복 1권,밀리의 서재::하렘으로 세계정복::107848 || 블라이스 셀렉트::하렘으로 세계정복::107848 || 윌라(전자책)::하렘으로 세계정복::107848 || 스낵북(알에스)::하렘으로 세계정복::107848 || 한아름(P000003716)::하렘으로 세계정복::107848,동일 정제키 지급정산이 다른 채널에는 있음. 해당 판매채널 지급정산을 만들지 판단
타채널_exact,타채널 exact 지급정산 보강 판단,4,한아름(P000003716),재벌집망나니대독자,14,[연재] 재벌집 망나니 7대독자,카카오페이지(창작지원금)::재벌집 망나니 7대 독자::322006 || 리디북스(소설)::재벌집 망나니 7대 독자::322006 || 문피아::재벌집 망나니 7대 독자::322006 || 북큐브(소설)::재벌집 망나니 7대 독자::322006 || 카카오페이지(소설)::재벌집 망나니 7대 독자::322006,동일 정제키 지급정산이 다른 채널에는 있음. 해당 판매채널 지급정산을 만들지 판단
타채널_exact,타채널 exact 지급정산 보강 판단,4,구글(소설),무능귀족여체하렘,13,무능 귀족 여체 하렘 1권,Yes24(서점)::무능 귀족 여체 하렘::107804 || 알라딘(소설)(1068659313)::무능 귀족 여체 하렘::107804 || 윌라(전자책)::무능 귀족 여체 하렘::107804 || 블라이스_일반결제::무능 귀족 여체 하렘::107804 || 웹소설 하이북::무능 귀족 여체 하렘::107804,동일 정제키 지급정산이 다른 채널에는 있음. 해당 판매채널 지급정산을 만들지 판단
타채널_exact,타채널 exact 지급정산 보강 판단,4,에이블리(소설),나홀로마법사,13,나 홀로 마법사,카카오페이지(선투자)::나 홀로 마법사::111915 || 알라딘(소설)(1068659313)::나 홀로 마법사::111915,동일 정제키 지급정산이 다른 채널에는 있음. 해당 판매채널 지급정산을 만들지 판단
타채널_exact,타채널 exact 지급정산 보강 판단,4,에이블리(소설),핵무기도만들어드릴까요,13,핵무기도 만들어 드릴까요?,문피아::핵무기도 만들어 드릴까요?::110907 || 카카오페이지(선투자)::핵무기도 만들어 드릴까요?::110907,동일 정제키 지급정산이 다른 채널에는 있음. 해당 판매채널 지급정산을 만들지 판단
타채널_exact,타채널 exact 지급정산 보강 판단,4,교보문고(소설),두목무적,12,두목무적 2권 | 두목무적 3권 | 두목무적 4권 | 두목무적 5권 | 두목무적 6권 | 두목무적 7권,구글(소설)::두목무적::320887 || 알라딘(소설)(1068659313)::두목무적::320887 || 조아라(소설)::두목무적::320887 || Yes24(서점)::두목무적::320887 || 판무림::두목무적::320887,동일 정제키 지급정산이 다른 채널에는 있음. 해당 판매채널 지급정산을 만들지 판단
타채널_exact,타채널 exact 지급정산 보강 판단,4,구글(소설),슈퍼스타누구도막을수없어,12,"슈퍼스타, 누구도 막을 수 없어 !!!!!! 1권 | [10%할인] 슈퍼스타, 누구도 막을 수 없어 !!!!!! 2권 | [10%할인] 슈퍼스타, 누구도 막을 수 없어 !!!!!! 3권 | [10%할인] 슈퍼스타, 누구도 막을 수 없어 !!!!!! 4권 | 슈퍼스타, 누구도 막을 수 없어 !!!!!! 2권 | 슈퍼스타, 누구도 막을 수 없어 !!!!!! 3권","카카오페이지(소설)::슈퍼스타, 누구도 막을 수 없어!!!!!!::110469 || 윌라(오디오북)::슈퍼스타, 누구도 막을 수 없어!!!!!!::110469",동일 정제키 지급정산이 다른 채널에는 있음. 해당 판매채널 지급정산을 만들지 판단
타채널_exact,타채널 exact 지급정산 보강 판단,4,리디북스(소설),sss급괴물사냥꾼,12,SSS급 괴물 사냥꾼 1화 | SSS급 괴물 사냥꾼 2화 | SSS급 괴물 사냥꾼 3화 | SSS급 괴물 사냥꾼 4화 | SSS급 괴물 사냥꾼 5화 | SSS급 괴물 사냥꾼 6화,카카오페이지(선투자)::SSS급 괴물 사냥꾼::110995 || 카카오페이지(창작지원금)::SSS급 괴물 사냥꾼::110995,동일 정제키 지급정산이 다른 채널에는 있음. 해당 판매채널 지급정산을 만들지 판단
타채널_exact,타채널 exact 지급정산 보강 판단,4,리디북스(소설),마왕군전입을명받았습니다,12,[e북]마왕군 전입을 명 받았습니다 2권 | [e북]마왕군 전입을 명 받았습니다 3권 | [e북]마왕군 전입을 명 받았습니다 4권 | [e북]마왕군 전입을 명 받았습니다 5권 | [e북]마왕군 전입을 명 받았습니다 6권 | [e북]마왕군 전입을 명 받았습니다 7권,카카오페이지(소설)::마왕군 전입을 명 받았습니다::110466 || 윌라(오디오북)::마왕군 전입을 명 받았습니다::110466,동일 정제키 지급정산이 다른 채널에는 있음. 해당 판매채널 지급정산을 만들지 판단
타채널_exact,타채널 exact 지급정산 보강 판단,4,밀리의 서재,용사노릇이지겨워서마왕군에들어갔더니하루하루가행복해서인생절반손해봤다,12,용사 노릇이 지겨워서 마왕군에 들어갔더니 하루하루가 행복해서 인생 절반 손해봤다,Yes24(서점)::용사 노릇이 지겨워서 마왕군에 들어갔더니 하루하루가 행복해서 인생 절반 손해봤다::110078 || 알라딘(소설)(1068659313)::용사 노릇이 지겨워서 마왕군에 들어갔더니 하루하루가 행복해서 인생 절반 손해봤다::110078 || 스낵북(알에스)::용사 노릇이 지겨워서 마왕군에 들어갔더니 하루하루가 행복해서 인생 절반 손해봤다::110078 || 네이버_연재::용사 노릇이 지겨워서 마왕군에 들어갔더니 하루하루가 행복해서 인생 절반 손해봤다::110078 || 판무림::용사 노릇이 지겨워서 마왕군에 들어갔더니 하루하루가 행복해서 인생 절반 손해봤다::110078,동일 정제키 지급정산이 다른 채널에는 있음. 해당 판매채널 지급정산을 만들지 판단
타채널_exact,타채널 exact 지급정산 보강 판단,4,원스토어(소설),코드네임사신,12,코드네임 사신,카카오페이지(소설)::코드네임 사신::160310 || Yes24(서점)::코드네임 사신::160310 || 모픽(mofic)::코드네임 사신::160310 || 미스터블루(소설)::코드네임 사신::160310 || 스낵북(알에스)::코드네임 사신::160310,동일 정제키 지급정산이 다른 채널에는 있음. 해당 판매채널 지급정산을 만들지 판단
타채널_exact,타채널 exact 지급정산 보강 판단,4,밀리의 서재,슈퍼스타누구도막을수없어,10,"슈퍼스타, 누구도 막을 수 없어!!!!!!","카카오페이지(소설)::슈퍼스타, 누구도 막을 수 없어!!!!!!::110469 || 윌라(오디오북)::슈퍼스타, 누구도 막을 수 없어!!!!!!::110469",동일 정제키 지급정산이 다른 채널에는 있음. 해당 판매채널 지급정산을 만들지 판단
타채널_exact,타채널 exact 지급정산 보강 판단,4,원스토어(소설),슈퍼스타누구도막을수없어,10,"슈퍼스타, 누구도 막을 수 없어!!!!!!","카카오페이지(소설)::슈퍼스타, 누구도 막을 수 없어!!!!!!::110469 || 윌라(오디오북)::슈퍼스타, 누구도 막을 수 없어!!!!!!::110469",동일 정제키 지급정산이 다른 채널에는 있음. 해당 판매채널 지급정산을 만들지 판단
타채널_exact,타채널 exact 지급정산 보강 판단,4,판무림,신체가강화됨,10,신체가 강화됨,Yes24(서점)::신체가 강화됨::107764 || 네이버_연재::신체가 강화됨::107764 || 윌라(전자책)::신체가 강화됨::107764 || 윌라(오디오북)::신체가 강화됨::107764 || 밀리의 서재::신체가 강화됨::107764,동일 정제키 지급정산이 다른 채널에는 있음. 해당 판매채널 지급정산을 만들지 판단
타채널_exact,타채널 exact 지급정산 보강 판단,4,노벨피아 (소설),마왕군전입을명받았습니다,9,마왕군 전입을 명 받았습니다,카카오페이지(소설)::마왕군 전입을 명 받았습니다::110466 || 윌라(오디오북)::마왕군 전입을 명 받았습니다::110466,동일 정제키 지급정산이 다른 채널에는 있음. 해당 판매채널 지급정산을 만들지 판단
타채널_exact,타채널 exact 지급정산 보강 판단,4,부커스,핵무기도만들어드릴까요,9,핵무기도 만들어 드릴까요? 1권 | 핵무기도 만들어 드릴까요? 17권 | 핵무기도 만들어 드릴까요? 3권 | 핵무기도 만들어 드릴까요? 6권 | 핵무기도 만들어 드릴까요? 2권 | 핵무기도 만들어 드릴까요? 5권,문피아::핵무기도 만들어 드릴까요?::110907 || 카카오페이지(선투자)::핵무기도 만들어 드릴까요?::110907,동일 정제키 지급정산이 다른 채널에는 있음. 해당 판매채널 지급정산을 만들지 판단
타채널_exact,타채널 exact 지급정산 보강 판단,4,판무림,골때리는엄마들,9,골 때리는 엄마들,리디북스(이벤트)::골 때리는 엄마들::109322 || 네이버_장르(광고수익)::골 때리는 엄마들::109322 || 알라딘(소설)(1068659313)::골 때리는 엄마들::109322 || 블라이스 셀렉트::골 때리는 엄마들::109322 || 리디북스(소설)::골 때리는 엄마들::109322,동일 정제키 지급정산이 다른 채널에는 있음. 해당 판매채널 지급정산을 만들지 판단
타채널_exact,타채널 exact 지급정산 보강 판단,4,교보문고(소설),아이돌매니저가변태사진사임,8,아이돌 매니저가 변태 사진사임 2권 | 아이돌 매니저가 변태 사진사임 3권 | 아이돌 매니저가 변태 사진사임 4권 | 아이돌 매니저가 변태 사진사임 5권 | 아이돌 매니저가 변태 사진사임 6권 | 아이돌 매니저가 변태 사진사임 7권,밀리의 서재::아이돌 매니저가 변태 사진사임::247090 || 한아름(P000003716)::아이돌 매니저가 변태 사진사임::247090 || 구글(소설)::아이돌 매니저가 변태 사진사임::247090 || 미스터블루(소설)::아이돌 매니저가 변태 사진사임::247090 || 네이버_장르::아이돌 매니저가 변태 사진사임::247090,동일 정제키 지급정산이 다른 채널에는 있음. 해당 판매채널 지급정산을 만들지 판단
타채널_exact,타채널 exact 지급정산 보강 판단,4,구글(소설),ts에로게임탈출기,8,TS 에로 게임 탈출기 1권,밀리의 서재::TS 에로 게임 탈출기::107778 || 스낵북(알에스)::TS 에로 게임 탈출기::107778 || 블라이스_일반결제::TS 에로 게임 탈출기::107778 || 북큐브(소설)::TS 에로 게임 탈출기::107778 || 미소설::TS 에로 게임 탈출기::107778,동일 정제키 지급정산이 다른 채널에는 있음. 해당 판매채널 지급정산을 만들지 판단
타채널_exact,타채널 exact 지급정산 보강 판단,4,부커스,sss급괴물사냥꾼,8,SSS급 괴물 사냥꾼 2권 | SSS급 괴물 사냥꾼 1권 | SSS급 괴물 사냥꾼 8권 | SSS급 괴물 사냥꾼 6권 | SSS급 괴물 사냥꾼 5권 | SSS급 괴물 사냥꾼 4권,카카오페이지(선투자)::SSS급 괴물 사냥꾼::110995 || 카카오페이지(창작지원금)::SSS급 괴물 사냥꾼::110995,동일 정제키 지급정산이 다른 채널에는 있음. 해당 판매채널 지급정산을 만들지 판단
타채널_exact,타채널 exact 지급정산 보강 판단,4,Yes24(서점),아내와나의네토라세,7,아내와 나의 네토라세 01권 | 아내와 나의 네토라세 02권 | 아내와 나의 네토라세 03권 | 아내와 나의 네토라세 04권 | 아내와 나의 네토라세 05권 (완결),스낵북(알에스)::아내와 나의 네토라세::107818 || 구글(소설)::아내와 나의 네토라세::107818 || 알라딘(소설)(1068659313)::아내와 나의 네토라세::107818 || 블라이스 셀렉트::아내와 나의 네토라세::107818 || 교보문고(소설)::아내와 나의 네토라세::107818,동일 정제키 지급정산이 다른 채널에는 있음. 해당 판매채널 지급정산을 만들지 판단
타채널_exact,타채널 exact 지급정산 보강 판단,4,밀리의 서재,골때리는엄마들,7,골 때리는 엄마들,리디북스(이벤트)::골 때리는 엄마들::109322 || 네이버_장르(광고수익)::골 때리는 엄마들::109322 || 알라딘(소설)(1068659313)::골 때리는 엄마들::109322 || 블라이스 셀렉트::골 때리는 엄마들::109322 || 리디북스(소설)::골 때리는 엄마들::109322,동일 정제키 지급정산이 다른 채널에는 있음. 해당 판매채널 지급정산을 만들지 판단
타채널_exact,타채널 exact 지급정산 보강 판단,4,에이블리(소설),sss급괴물사냥꾼,7,SSS급 괴물 사냥꾼,카카오페이지(선투자)::SSS급 괴물 사냥꾼::110995 || 카카오페이지(창작지원금)::SSS급 괴물 사냥꾼::110995,동일 정제키 지급정산이 다른 채널에는 있음. 해당 판매채널 지급정산을 만들지 판단
타채널_exact,타채널 exact 지급정산 보강 판단,4,윌라(전자책),골때리는엄마들,7,골 때리는 엄마들 1 | 골 때리는 엄마들 2 | 골 때리는 엄마들 3 | 골 때리는 엄마들 4 | 골 때리는 엄마들 5 | 골 때리는 엄마들 6,리디북스(이벤트)::골 때리는 엄마들::109322 || 네이버_장르(광고수익)::골 때리는 엄마들::109322 || 알라딘(소설)(1068659313)::골 때리는 엄마들::109322 || 블라이스 셀렉트::골 때리는 엄마들::109322 || 리디북스(소설)::골 때리는 엄마들::109322,동일 정제키 지급정산이 다른 채널에는 있음. 해당 판매채널 지급정산을 만들지 판단
타채널_exact,타채널 exact 지급정산 보강 판단,4,리디북스(소설),유산받아레벨업,6,유산 받아 레벨 업! 2화 | 유산 받아 레벨 업! 3화 | 유산 받아 레벨 업! 4화 | 유산 받아 레벨 업! 5화 | 유산 받아 레벨 업! 6화 | [e북]유산 받아 레벨 업! 1권,모픽(mofic)::유산 받아 레벨 업!::110097 || 토스(소설)::유산 받아 레벨 업!::110097 || 웹소설 하이북::유산 받아 레벨 업!::110097 || 미소설::유산 받아 레벨 업!::110097 || 무툰(소설 서비스)::유산 받아 레벨 업!::110097,동일 정제키 지급정산이 다른 채널에는 있음. 해당 판매채널 지급정산을 만들지 판단
타채널_exact,타채널 exact 지급정산 보강 판단,4,알라딘(소설)(1068659313),용사무적,6,용사무적 1 | 용사무적 2,모픽(mofic)::0_용사무적_만선_일반::110079 || 교보문고(소설)::0_용사무적_만선_일반::110079 || 무툰(소설 서비스)::0_용사무적_만선_일반::110079 || 미스터블루(소설)::0_용사무적_만선_일반::110079 || 리디북스(소설)::0_용사무적_만선_일반::110079,동일 정제키 지급정산이 다른 채널에는 있음. 해당 판매채널 지급정산을 만들지 판단
타채널_exact,타채널 exact 지급정산 보강 판단,4,원스토어(소설),핵무기도만들어드릴까요,6,핵무기도 만들어 드릴까요?,문피아::핵무기도 만들어 드릴까요?::110907 || 카카오페이지(선투자)::핵무기도 만들어 드릴까요?::110907,동일 정제키 지급정산이 다른 채널에는 있음. 해당 판매채널 지급정산을 만들지 판단
타채널_exact,타채널 exact 지급정산 보강 판단,4,윌라(전자책),sss급괴물사냥꾼,6,SSS급 괴물 사냥꾼 1 | SSS급 괴물 사냥꾼 2 | SSS급 괴물 사냥꾼 3 | SSS급 괴물 사냥꾼 4 | SSS급 괴물 사냥꾼 5 | SSS급 괴물 사냥꾼 8,카카오페이지(선투자)::SSS급 괴물 사냥꾼::110995 || 카카오페이지(창작지원금)::SSS급 괴물 사냥꾼::110995,동일 정제키 지급정산이 다른 채널에는 있음. 해당 판매채널 지급정산을 만들지 판단
타채널_exact,타채널 exact 지급정산 보강 판단,4,윌라(전자책),리턴오브로드,6,리턴 오브 로드 1 | 리턴 오브 로드 2 | 리턴 오브 로드 3 | 리턴 오브 로드 4 | 리턴 오브 로드 5 | 리턴 오브 로드 6,카카오페이지(창작지원금)::리턴 오브 로드::110746 || 카카오페이지(소설)::리턴 오브 로드::110746,동일 정제키 지급정산이 다른 채널에는 있음. 해당 판매채널 지급정산을 만들지 판단
타채널_exact,타채널 exact 지급정산 보강 판단,4,윌라(전자책),아이돌매니저가변태사진사임,6,아이돌 매니저가 변태 사진사임 2 | 아이돌 매니저가 변태 사진사임 3 | 아이돌 매니저가 변태 사진사임 4 | 아이돌 매니저가 변태 사진사임 5 | 아이돌 매니저가 변태 사진사임 6 | 아이돌 매니저가 변태 사진사임 8,밀리의 서재::아이돌 매니저가 변태 사진사임::247090 || 한아름(P000003716)::아이돌 매니저가 변태 사진사임::247090 || 구글(소설)::아이돌 매니저가 변태 사진사임::247090 || 미스터블루(소설)::아이돌 매니저가 변태 사진사임::247090 || 네이버_장르::아이돌 매니저가 변태 사진사임::247090,동일 정제키 지급정산이 다른 채널에는 있음. 해당 판매채널 지급정산을 만들지 판단
타채널_exact,타채널 exact 지급정산 보강 판단,4,윌라(전자책),역전세계의금태양,6,역전세계의 금태양 1 | 역전세계의 금태양 2 | 역전세계의 금태양 3 | 역전세계의 금태양 4 | 역전세계의 금태양 5 | 역전세계의 금태양 6,알라딘(소설)(1068659313)::역전세계의 금태양::107826 || Yes24(서점)::역전세계의 금태양::107826 || 구글(소설)::역전세계의 금태양::107826 || 미스터블루(소설)::역전세계의 금태양::107826 || 블라이스_일반결제::역전세계의 금태양::107826,동일 정제키 지급정산이 다른 채널에는 있음. 해당 판매채널 지급정산을 만들지 판단
타채널_exact,타채널 exact 지급정산 보강 판단,4,판무림,아버지가남긴usb,6,아버지가 남긴 USB,밀리의 서재::아버지가 남긴 USB::110020 || 알라딘(소설)(1068659313)::아버지가 남긴 USB::110020 || 구글(소설)::아버지가 남긴 USB::110020 || 윌라(전자책)::아버지가 남긴 USB::110020 || 미스터블루(소설)::아버지가 남긴 USB::110020,동일 정제키 지급정산이 다른 채널에는 있음. 해당 판매채널 지급정산을 만들지 판단
타채널_exact,타채널 exact 지급정산 보강 판단,4,구글(소설),sss급괴물사냥꾼,5,SSS급 괴물 사냥꾼 1권,카카오페이지(선투자)::SSS급 괴물 사냥꾼::110995 || 카카오페이지(창작지원금)::SSS급 괴물 사냥꾼::110995,동일 정제키 지급정산이 다른 채널에는 있음. 해당 판매채널 지급정산을 만들지 판단
타채널_exact,타채널 exact 지급정산 보강 판단,4,리디북스(소설),전직랭커는템빨로레벨업,5,전직 랭커는 템빨로 레벨 업! 1화 | 전직 랭커는 템빨로 레벨 업! 2화 | 전직 랭커는 템빨로 레벨 업! 3화 | 전직 랭커는 템빨로 레벨 업! 4화 | [e북]전직 랭커는 템빨로 레벨 업! 1권,모픽(mofic)::(카카오)전직 랭커는 템빨로 레벨 업!::317605 || 카카오페이지(선투자)::(카카오)전직 랭커는 템빨로 레벨 업!::317605 || 토스(소설)::(카카오)전직 랭커는 템빨로 레벨 업!::317605 || 리디북스(이벤트)::(카카오)전직 랭커는 템빨로 레벨 업!::317605 || 카카오페이지(창작지원금)::(카카오)전직 랭커는 템빨로 레벨 업!::317605,동일 정제키 지급정산이 다른 채널에는 있음. 해당 판매채널 지급정산을 만들지 판단
타채널_exact,타채널 exact 지급정산 보강 판단,4,윌라(전자책),아내와나의네토라세,5,아내와 나의 네토라세 1 | 아내와 나의 네토라세 2 | 아내와 나의 네토라세 3 | 아내와 나의 네토라세 4 | 아내와 나의 네토라세 5,스낵북(알에스)::아내와 나의 네토라세::107818 || 구글(소설)::아내와 나의 네토라세::107818 || 알라딘(소설)(1068659313)::아내와 나의 네토라세::107818 || 블라이스 셀렉트::아내와 나의 네토라세::107818 || 교보문고(소설)::아내와 나의 네토라세::107818,동일 정제키 지급정산이 다른 채널에는 있음. 해당 판매채널 지급정산을 만들지 판단
타채널_exact,타채널 exact 지급정산 보강 판단,4,판무림,소뢰아,5,소뢰아,웹소설 하이북::소뢰아::113923 || 웹소설 하이북::[연재] 소뢰아::109526 || 무툰(소설 서비스)::[연재] 소뢰아::109526 || 미스터블루(소설)::소뢰아::113923 || 한아름(P000003716)::소뢰아::113923,동일 정제키 지급정산이 다른 채널에는 있음. 해당 판매채널 지급정산을 만들지 판단
타채널_exact,타채널 exact 지급정산 보강 판단,4,Yes24(서점),귀축기담,4,귀축기담 01권 | 귀축기담 02권 | 귀축기담 03권 | 귀축기담 04권 (완결),밀리의 서재::귀축기담::107785 || 알라딘(소설)(1068659313)::귀축기담::107785 || 네이버_연재::귀축기담::107785 || 윌라(전자책)::귀축기담::107785 || 판무림::귀축기담::107785,동일 정제키 지급정산이 다른 채널에는 있음. 해당 판매채널 지급정산을 만들지 판단
타채널_exact,타채널 exact 지급정산 보강 판단,4,구글(소설),유산받아레벨업,4,유산 받아 레벨 업! 1권 | 유산 받아 레벨 업! 2권 | 유산 받아 레벨 업! 3권,모픽(mofic)::유산 받아 레벨 업!::110097 || 토스(소설)::유산 받아 레벨 업!::110097 || 웹소설 하이북::유산 받아 레벨 업!::110097 || 미소설::유산 받아 레벨 업!::110097 || 무툰(소설 서비스)::유산 받아 레벨 업!::110097,동일 정제키 지급정산이 다른 채널에는 있음. 해당 판매채널 지급정산을 만들지 판단
타채널_exact,타채널 exact 지급정산 보강 판단,4,윌라(전자책),내가키운용사가나한테집착한다,4,내가 키운 용사가 나한테 집착한다 1 | 내가 키운 용사가 나한테 집착한다 2 | 내가 키운 용사가 나한테 집착한다 3 | 내가 키운 용사가 나한테 집착한다 8,네이버_장르::내가 키운 용사가 나한테 집착한다::107791 || 북팔(소설)::내가 키운 용사가 나한테 집착한다::107791 || 네이버_연재::내가 키운 용사가 나한테 집착한다::107791 || 구글(소설)::내가 키운 용사가 나한테 집착한다::107791 || 리디북스(소설)::내가 키운 용사가 나한테 집착한다::107791,동일 정제키 지급정산이 다른 채널에는 있음. 해당 판매채널 지급정산을 만들지 판단
타채널_exact,타채널 exact 지급정산 보강 판단,4,카카오페이지(선투자),곤륜신기전,4,곤륜신기전,판무림::[카카오창작지원금]곤륜신기전::110999 || 한아름(P000003716)::[카카오창작지원금]곤륜신기전::110999 || 조아라(소설)::[카카오창작지원금]곤륜신기전::110999 || 교보문고::[카카오창작지원금]곤륜신기전::110999 || 웹소설 하이북::[카카오창작지원금]곤륜신기전::110999,동일 정제키 지급정산이 다른 채널에는 있음. 해당 판매채널 지급정산을 만들지 판단
타채널_exact,타채널 exact 지급정산 보강 판단,4,교보문고(소설),색마님안마하신다,3,색마님 안마하신다 | 색마님 안마하신다.2 | 색마님 안마하신다.3,구글(소설)::색마님 안마하신다::107809 || 밀리의 서재::색마님 안마하신다::107809 || 판무림::색마님 안마하신다::107809 || 스낵북(알에스)::색마님 안마하신다::107809 || 윌라(전자책)::색마님 안마하신다::107809,동일 정제키 지급정산이 다른 채널에는 있음. 해당 판매채널 지급정산을 만들지 판단
타채널_exact,타채널 exact 지급정산 보강 판단,4,구글(소설),핵무기도만들어드릴까요,3,핵무기도 만들어 드릴까요? 1권,문피아::핵무기도 만들어 드릴까요?::110907 || 카카오페이지(선투자)::핵무기도 만들어 드릴까요?::110907,동일 정제키 지급정산이 다른 채널에는 있음. 해당 판매채널 지급정산을 만들지 판단
타채널_exact,타채널 exact 지급정산 보강 판단,4,밀리의 서재,나홀로마법사,3,나 홀로 마법사,카카오페이지(선투자)::나 홀로 마법사::111915 || 알라딘(소설)(1068659313)::나 홀로 마법사::111915,동일 정제키 지급정산이 다른 채널에는 있음. 해당 판매채널 지급정산을 만들지 판단
타채널_exact,타채널 exact 지급정산 보강 판단,4,원스토어(소설),아포칼립스의유일한플레이어,3,아포칼립스의 유일한 플레이어,카카오페이지(소설)::아포칼립스의 유일한 플레이어::308483,동일 정제키 지급정산이 다른 채널에는 있음. 해당 판매채널 지급정산을 만들지 판단
타채널_exact,타채널 exact 지급정산 보강 판단,4,윌라(전자책),범죄자의일상생활,3,범죄자의 일상생활 1 | 범죄자의 일상생활 2 | 범죄자의 일상생활 5,알라딘(소설)(1068659313)::범죄자의 일상생활::109330 || 에피루스 이북클럽(B2C)::범죄자의 일상생활::109330 || 교보문고(톡소다)::범죄자의 일상생활::109330 || 리디북스(이벤트)::범죄자의 일상생활::109330 || 스낵북(알에스)::범죄자의 일상생활::109330,동일 정제키 지급정산이 다른 채널에는 있음. 해당 판매채널 지급정산을 만들지 판단
타채널_exact,타채널 exact 지급정산 보강 판단,4,카카오페이지(선투자),현자귀환,3,현자귀환 [단행본],Yes24(웹툰)::현자귀환::318392 || Yes24(시프트북스)::현자귀환::318392 || Yes24(서점)::현자귀환::318392 || OPMS::현자귀환::318392 || EDITIO::현자귀환::318392,동일 정제키 지급정산이 다른 채널에는 있음. 해당 판매채널 지급정산을 만들지 판단
타채널_exact,타채널 exact 지급정산 보강 판단,4,Yes24(서점),각인예속의사냥꾼,2,각인 예속의 사냥꾼 12권 | 각인 예속의 사냥꾼 11권,밀리의 서재::각인 예속의 사냥꾼::107780 || 알라딘(소설)(1068659313)::각인 예속의 사냥꾼::107780 || 리디북스(소설)::각인 예속의 사냥꾼::107780 || 스낵북(알에스)::각인 예속의 사냥꾼::107780 || 윌라(전자책)::각인 예속의 사냥꾼::107780,동일 정제키 지급정산이 다른 채널에는 있음. 해당 판매채널 지급정산을 만들지 판단
타채널_exact,타채널 exact 지급정산 보강 판단,4,구글(소설),국세청망나니,2,국세청 망나니 1권,카카오페이지(창작지원금)::[연재]국세청 망나니::109711 || 네이버_장르::국세청 망나니::322625 || 알라딘(소설)(1068659313)::국세청 망나니::322625 || 북팔(소설)::국세청 망나니::322625 || 한아름(P000003716)::[연재]국세청 망나니::109711,동일 정제키 지급정산이 다른 채널에는 있음. 해당 판매채널 지급정산을 만들지 판단
타채널_exact,타채널 exact 지급정산 보강 판단,4,구글(소설),나홀로마법사,2,나 홀로 마법사 1권,카카오페이지(선투자)::나 홀로 마법사::111915 || 알라딘(소설)(1068659313)::나 홀로 마법사::111915,동일 정제키 지급정산이 다른 채널에는 있음. 해당 판매채널 지급정산을 만들지 판단
타채널_exact,타채널 exact 지급정산 보강 판단,4,구글(소설),리턴오브로드,2,리턴 오브 로드 1권,카카오페이지(창작지원금)::리턴 오브 로드::110746 || 카카오페이지(소설)::리턴 오브 로드::110746,동일 정제키 지급정산이 다른 채널에는 있음. 해당 판매채널 지급정산을 만들지 판단
타채널_exact,타채널 exact 지급정산 보강 판단,4,구글(소설),용사무적,2,용사무적 1권,모픽(mofic)::0_용사무적_만선_일반::110079 || 교보문고(소설)::0_용사무적_만선_일반::110079 || 무툰(소설 서비스)::0_용사무적_만선_일반::110079 || 미스터블루(소설)::0_용사무적_만선_일반::110079 || 리디북스(소설)::0_용사무적_만선_일반::110079,동일 정제키 지급정산이 다른 채널에는 있음. 해당 판매채널 지급정산을 만들지 판단
타채널_exact,타채널 exact 지급정산 보강 판단,4,무툰(소설 서비스),코드네임사신,2,코드네임 사신 | 코드네임 사신 [단행본],카카오페이지(소설)::코드네임 사신::160310 || Yes24(서점)::코드네임 사신::160310 || 모픽(mofic)::코드네임 사신::160310 || 미스터블루(소설)::코드네임 사신::160310 || 스낵북(알에스)::코드네임 사신::160310,동일 정제키 지급정산이 다른 채널에는 있음. 해당 판매채널 지급정산을 만들지 판단
타채널_exact,타채널 exact 지급정산 보강 판단,4,무툰(소설 서비스),핵무기도만들어드릴까요,2,핵무기도 만들어 드릴까요? | 핵무기도 만들어 드릴까요? [단행본],문피아::핵무기도 만들어 드릴까요?::110907 || 카카오페이지(선투자)::핵무기도 만들어 드릴까요?::110907,동일 정제키 지급정산이 다른 채널에는 있음. 해당 판매채널 지급정산을 만들지 판단
타채널_exact,타채널 exact 지급정산 보강 판단,4,미스터블루(소설),골때리는엄마들,2,골 때리는 엄마들 | 골 때리는 엄마들 [단행본],리디북스(이벤트)::골 때리는 엄마들::109322 || 네이버_장르(광고수익)::골 때리는 엄마들::109322 || 알라딘(소설)(1068659313)::골 때리는 엄마들::109322 || 블라이스 셀렉트::골 때리는 엄마들::109322 || 리디북스(소설)::골 때리는 엄마들::109322,동일 정제키 지급정산이 다른 채널에는 있음. 해당 판매채널 지급정산을 만들지 판단
타채널_exact,타채널 exact 지급정산 보강 판단,4,미스터블루(소설),핵무기도만들어드릴까요,2,핵무기도 만들어 드릴까요? | 핵무기도 만들어 드릴까요? [단행본],문피아::핵무기도 만들어 드릴까요?::110907 || 카카오페이지(선투자)::핵무기도 만들어 드릴까요?::110907,동일 정제키 지급정산이 다른 채널에는 있음. 해당 판매채널 지급정산을 만들지 판단
타채널_exact,타채널 exact 지급정산 보강 판단,4,윌라(전자책),플라스틱먹고살면생활비원,2,플라스틱 먹고 살면 생활비 0원 1 | 플라스틱 먹고 살면 생활비 0원 3,밀리의 서재::플라스틱 먹고 살면 생활비 0원::107847 || 블라이스_일반결제::플라스틱 먹고 살면 생활비 0원::107847 || 미소설::플라스틱 먹고 살면 생활비 0원::107847 || 무툰(소설 서비스)::플라스틱 먹고 살면 생활비 0원::107847,동일 정제키 지급정산이 다른 채널에는 있음. 해당 판매채널 지급정산을 만들지 판단
타채널_exact,타채널 exact 지급정산 보강 판단,4,카카오페이지(선투자),유산받아레벨업,2,유산 받아 레벨 업!,모픽(mofic)::유산 받아 레벨 업!::110097 || 토스(소설)::유산 받아 레벨 업!::110097 || 웹소설 하이북::유산 받아 레벨 업!::110097 || 미소설::유산 받아 레벨 업!::110097 || 무툰(소설 서비스)::유산 받아 레벨 업!::110097,동일 정제키 지급정산이 다른 채널에는 있음. 해당 판매채널 지급정산을 만들지 판단
타채널_exact,타채널 exact 지급정산 보강 판단,4,카카오페이지(소설),나는작가다,2,나는 작가다![연재],조아라(소설)::0_나는 작가다_만선_일반::111922 || 스토린랩(원스토어)::0_나는 작가다_만선_일반::111922 || 윌라(전자책)::0_나는 작가다_만선_일반::111922 || 북큐브(소설)::0_나는 작가다_만선_일반::111922 || 무툰(소설 서비스)::0_나는 작가다_만선_일반::111922,동일 정제키 지급정산이 다른 채널에는 있음. 해당 판매채널 지급정산을 만들지 판단
타채널_exact,타채널 exact 지급정산 보강 판단,4,판무림,황성고검,2,황성고검,미스터블루(소설)::황성고검::116443 || 웹소설 하이북::황성고검::116443,동일 정제키 지급정산이 다른 채널에는 있음. 해당 판매채널 지급정산을 만들지 판단
타채널_exact,타채널 exact 지급정산 보강 판단,4,한아름(P000003716),전직랭커는템빨로레벨업,2,[연재]전직 랭커는 템빨로 레벨 업!,모픽(mofic)::(카카오)전직 랭커는 템빨로 레벨 업!::317605 || 카카오페이지(선투자)::(카카오)전직 랭커는 템빨로 레벨 업!::317605 || 토스(소설)::(카카오)전직 랭커는 템빨로 레벨 업!::317605 || 리디북스(이벤트)::(카카오)전직 랭커는 템빨로 레벨 업!::317605 || 카카오페이지(창작지원금)::(카카오)전직 랭커는 템빨로 레벨 업!::317605,동일 정제키 지급정산이 다른 채널에는 있음. 해당 판매채널 지급정산을 만들지 판단
타채널_exact,타채널 exact 지급정산 보강 판단,4,Yes24(서점),누나를길들이다,1,누나를 길들이다 01권,토스(소설)::누나를 길들이다::107792 || 네이버_장르::누나를 길들이다::107792 || 네이버_연재::누나를 길들이다::107792 || 구글(소설)::누나를 길들이다::107792 || 알라딘(소설)(1068659313)::누나를 길들이다::107792,동일 정제키 지급정산이 다른 채널에는 있음. 해당 판매채널 지급정산을 만들지 판단
타채널_exact,타채널 exact 지급정산 보강 판단,4,Yes24(서점),아버지가남긴usb,1,아버지가 남긴 USB 01권,밀리의 서재::아버지가 남긴 USB::110020 || 알라딘(소설)(1068659313)::아버지가 남긴 USB::110020 || 구글(소설)::아버지가 남긴 USB::110020 || 윌라(전자책)::아버지가 남긴 USB::110020 || 미스터블루(소설)::아버지가 남긴 USB::110020,동일 정제키 지급정산이 다른 채널에는 있음. 해당 판매채널 지급정산을 만들지 판단
타채널_exact,타채널 exact 지급정산 보강 판단,4,Yes24(서점),야색계,1,야색계 (野色計) (합본),네이버_장르::야색계(野色計)::246522,동일 정제키 지급정산이 다른 채널에는 있음. 해당 판매채널 지급정산을 만들지 판단
타채널_exact,타채널 exact 지급정산 보강 판단,4,Yes24(서점),어서와마왕은처음이지,1,"어서 와, 마왕은 처음이지? 01권","네이버_장르::어서 와, 마왕은 처음이지?::247290 || 토스(소설)::어서 와, 마왕은 처음이지?::247290 || 모픽(mofic)::어서 와, 마왕은 처음이지?::247290 || 판무림::어서 와, 마왕은 처음이지?::247290 || 카카오페이지(소설)::어서 와, 마왕은 처음이지?::247290",동일 정제키 지급정산이 다른 채널에는 있음. 해당 판매채널 지급정산을 만들지 판단
타채널_exact,타채널 exact 지급정산 보강 판단,4,Yes24(서점),코인게이트를열었다,1,코인 게이트를 열었다 06권,윌라(전자책)::코인게이트를열었다::247429 || 교보문고(소설)::코인게이트를열었다::247429 || 미소설::코인게이트를열었다::247429 || 미스터블루(소설)::코인게이트를열었다::247429 || 판무림::코인게이트를열었다::247429,동일 정제키 지급정산이 다른 채널에는 있음. 해당 판매채널 지급정산을 만들지 판단
타채널_exact,타채널 exact 지급정산 보강 판단,4,교보문고(소설),만렙요원재벌이되다,1,만렙요원 : 재벌이 되다,알라딘(소설)(1068659313)::만렙요원 : 재벌이 되다::107801 || 네이버_장르::만렙요원 : 재벌이 되다::107801 || 토스(소설)::만렙요원 : 재벌이 되다::107801 || 에피루스 이북클럽(B2C)::만렙요원 : 재벌이 되다::107801 || 네이버_장르(광고수익)::만렙요원 : 재벌이 되다::107801,동일 정제키 지급정산이 다른 채널에는 있음. 해당 판매채널 지급정산을 만들지 판단
타채널_exact,타채널 exact 지급정산 보강 판단,4,교보문고(소설),섹스확률이다보임,1,섹스 확률(%)이 다 보임,원스토어(소설)::섹스 확률이 다 보임::275943 || 리디북스(소설)::섹스 확률이 다 보임::275943 || 판무림::섹스 확률이 다 보임::275943 || 블라이스_일반결제::섹스 확률이 다 보임::275943 || 무툰(소설 서비스)::섹스 확률이 다 보임::275943,동일 정제키 지급정산이 다른 채널에는 있음. 해당 판매채널 지급정산을 만들지 판단
타채널_exact,타채널 exact 지급정산 보강 판단,4,교보문고(소설),음공천하,1,음공천하,에피루스 이북클럽(B2C)::0_음공천하_서호_일반::110854 || 모픽(mofic)::[카카오]음공천하 단행본::312022 || 리디북스(이벤트)::[카카오]음공천하 단행본::312022 || 카카오페이지(선투자)::[카카오]음공천하 단행본::312022 || 카카오페이지(창작지원금)::[카카오]음공천하 단행본::312022,동일 정제키 지급정산이 다른 채널에는 있음. 해당 판매채널 지급정산을 만들지 판단
타채널_exact,타채널 exact 지급정산 보강 판단,4,교보문고(소설),친구엄마와친구먹기,1,친구 엄마와 친구 먹기.2,밀리의 서재::친구 엄마와 친구 먹기::107838 || 판무림::친구 엄마와 친구 먹기::107838 || 구글(소설)::친구 엄마와 친구 먹기::107838 || 블라이스_일반결제::친구 엄마와 친구 먹기::107838 || 알라딘(소설)(1068659313)::친구 엄마와 친구 먹기::107838,동일 정제키 지급정산이 다른 채널에는 있음. 해당 판매채널 지급정산을 만들지 판단
타채널_exact,타채널 exact 지급정산 보강 판단,4,교보문고(소설),패배용사약골용사의에로대모험,1,패배 용사 - 약골 용사의 에로 대모험! -.2,밀리의 서재::패배 용사 - 약골 용사의 에로 대모험!::107845 || 블라이스_일반결제::패배 용사 - 약골 용사의 에로 대모험!::107845 || 구글(소설)::패배 용사 - 약골 용사의 에로 대모험!::107845 || 알라딘(소설)(1068659313)::패배 용사 - 약골 용사의 에로 대모험!::107845 || 한아름(P000003716)::패배 용사 - 약골 용사의 에로 대모험!::107845,동일 정제키 지급정산이 다른 채널에는 있음. 해당 판매채널 지급정산을 만들지 판단
타채널_exact,타채널 exact 지급정산 보강 판단,4,교보문고(소설),핵무기도만들어드릴까요,1,핵무기도 만들어 드릴까요?. 외전,문피아::핵무기도 만들어 드릴까요?::110907 || 카카오페이지(선투자)::핵무기도 만들어 드릴까요?::110907,동일 정제키 지급정산이 다른 채널에는 있음. 해당 판매채널 지급정산을 만들지 판단
타채널_exact,타채널 exact 지급정산 보강 판단,4,구글(소설),각인예속의사냥꾼,1,각인 예속의 사냥꾼 1권,밀리의 서재::각인 예속의 사냥꾼::107780 || 알라딘(소설)(1068659313)::각인 예속의 사냥꾼::107780 || 리디북스(소설)::각인 예속의 사냥꾼::107780 || 스낵북(알에스)::각인 예속의 사냥꾼::107780 || 윌라(전자책)::각인 예속의 사냥꾼::107780,동일 정제키 지급정산이 다른 채널에는 있음. 해당 판매채널 지급정산을 만들지 판단
타채널_exact,타채널 exact 지급정산 보강 판단,4,구글(소설),나태한연기천재,1,나태한 연기 천재 1권,카카오페이지(창작지원금)::[연재] 나태한 연기 천재::109416 || 알라딘(소설)(1068659313)::[연재] 나태한 연기 천재::109416 || 모픽(mofic)::[연재] 나태한 연기 천재::109416 || 에피루스 이북클럽(B2C)::[연재] 나태한 연기 천재::109416 || 교보문고(소설)::[연재] 나태한 연기 천재::109416,동일 정제키 지급정산이 다른 채널에는 있음. 해당 판매채널 지급정산을 만들지 판단
타채널_exact,타채널 exact 지급정산 보강 판단,4,구글(소설),내딸은천재화백,1,내 딸은 천재화백 1권,Yes24(서점)::[연재] 내 딸은 천재화백::109423 || 네이버_장르::[연재] 내 딸은 천재화백::109423 || 노벨피아 (소설)::내 딸은 천재화백::313273 || 리디북스(이벤트)::내 딸은 천재화백::313273 || 블라이스_일반결제::내 딸은 천재화백::313273,동일 정제키 지급정산이 다른 채널에는 있음. 해당 판매채널 지급정산을 만들지 판단
타채널_exact,타채널 exact 지급정산 보강 판단,4,구글(소설),디멘션워리어,1,디멘션 워리어 1,네이버_장르::디멘션 워리어::112676,동일 정제키 지급정산이 다른 채널에는 있음. 해당 판매채널 지급정산을 만들지 판단
타채널_exact,타채널 exact 지급정산 보강 판단,4,구글(소설),마법배운재벌집늦둥이,1,마법 배운 재벌집 늦둥이 1권,카카오페이지(선투자)::마법 배운 재벌집 늦둥이::112857 || 노벨피아 (소설)::마법 배운 재벌집 늦둥이::112857 || 모픽(mofic)::마법 배운 재벌집 늦둥이::112857 || 에이블리(소설)::마법 배운 재벌집 늦둥이::112857 || 미스터블루(소설)::마법 배운 재벌집 늦둥이::112857,동일 정제키 지급정산이 다른 채널에는 있음. 해당 판매채널 지급정산을 만들지 판단
타채널_exact,타채널 exact 지급정산 보강 판단,4,구글(소설),미식축구가너무쉬움,1,미식축구가 너무 쉬움 1부 1권,판무림::미식축구가 너무 쉬움 1부::312931 || 교보문고(소설)::미식축구가 너무 쉬움 1부::312931 || 에피루스 이북클럽(B2C)::미식축구가 너무 쉬움::323306 || Yes24(서점)::미식축구가 너무 쉬움 1부::312931 || 알라딘(소설)(1068659313)::미식축구가 너무 쉬움 1부::312931,동일 정제키 지급정산이 다른 채널에는 있음. 해당 판매채널 지급정산을 만들지 판단
타채널_exact,타채널 exact 지급정산 보강 판단,4,구글(소설),여대생길들이기,1,여대생 길들이기 1권,알라딘(소설)(1068659313)::여대생 길들이기::110052 || Yes24(서점)::여대생 길들이기::110052 || 문피아::여대생 길들이기::110052 || 블라이스_일반결제::여대생 길들이기::110052 || 미스터블루(소설)::여대생 길들이기::110052,동일 정제키 지급정산이 다른 채널에는 있음. 해당 판매채널 지급정산을 만들지 판단
타채널_exact,타채널 exact 지급정산 보강 판단,4,구글(소설),여자들이집착하는축구선수가되었다,1,여자들이 집착하는 축구 선수가 되었다 1권,에피루스 이북클럽(B2C)::여자들이 집착하는 축구 선수가 되었다::320890 || 카카오페이지(창작지원금)::여자들이 집착하는 축구 선수가 되었다::320890 || 모픽(mofic)::여자들이 집착하는 축구 선수가 되었다::320890 || 스낵북(알에스)::여자들이 집착하는 축구 선수가 되었다::320890 || 북팔(소설)::여자들이 집착하는 축구 선수가 되었다::320890,동일 정제키 지급정산이 다른 채널에는 있음. 해당 판매채널 지급정산을 만들지 판단
타채널_exact,타채널 exact 지급정산 보강 판단,4,구글(소설),음공천하,1,음공천하 1권,에피루스 이북클럽(B2C)::0_음공천하_서호_일반::110854 || 모픽(mofic)::[카카오]음공천하 단행본::312022 || 리디북스(이벤트)::[카카오]음공천하 단행본::312022 || 카카오페이지(선투자)::[카카오]음공천하 단행본::312022 || 카카오페이지(창작지원금)::[카카오]음공천하 단행본::312022,동일 정제키 지급정산이 다른 채널에는 있음. 해당 판매채널 지급정산을 만들지 판단
타채널_exact,타채널 exact 지급정산 보강 판단,4,구글(소설),절망하고복종하라,1,절망하고 복종하라 1권,알라딘(소설)(1068659313)::절망하고 복종하라::107832 || 밀리의 서재::절망하고 복종하라::107832 || 윌라(전자책)::절망하고 복종하라::107832 || 스낵북(알에스)::절망하고 복종하라::107832 || 판무림::절망하고 복종하라::107832,동일 정제키 지급정산이 다른 채널에는 있음. 해당 판매채널 지급정산을 만들지 판단
타채널_exact,타채널 exact 지급정산 보강 판단,4,구글(소설),플라스틱먹고살면생활비원,1,플라스틱 먹고 살면 생활비 0원 1권,밀리의 서재::플라스틱 먹고 살면 생활비 0원::107847 || 블라이스_일반결제::플라스틱 먹고 살면 생활비 0원::107847 || 미소설::플라스틱 먹고 살면 생활비 0원::107847 || 무툰(소설 서비스)::플라스틱 먹고 살면 생활비 0원::107847,동일 정제키 지급정산이 다른 채널에는 있음. 해당 판매채널 지급정산을 만들지 판단
타채널_exact,타채널 exact 지급정산 보강 판단,4,구글(소설),헌드레드헤븐,1,헌드레드 헤븐 1권,조아라(소설)::헌드레드 헤븐::116284 || 북큐브(소설)::헌드레드 헤븐::116284 || 밀리의 서재::헌드레드 헤븐::116284 || 알라딘(소설)(1068659313)::헌드레드 헤븐::116284 || 스낵북(알에스)::헌드레드 헤븐::116284,동일 정제키 지급정산이 다른 채널에는 있음. 해당 판매채널 지급정산을 만들지 판단
타채널_exact,타채널 exact 지급정산 보강 판단,4,구글(소설),회귀해서천재pd,1,회귀해서 천재 PD 1권,에피루스 이북클럽(B2C)::(카카오)회귀해서 천재 PD::247094 || 판무림::(카카오)회귀해서 천재 PD::247094 || Yes24(서점)::(카카오)회귀해서 천재 PD::247094 || 무툰(소설 서비스)::(카카오)회귀해서 천재 PD::247094 || 블라이스_일반결제::(카카오)회귀해서 천재 PD::247094,동일 정제키 지급정산이 다른 채널에는 있음. 해당 판매채널 지급정산을 만들지 판단
타채널_exact,타채널 exact 지급정산 보강 판단,4,네이버_연재,epl프리미어리그,1,EPL-프리미어 리그,Yes24(웹툰)::EPL-프리미어 리그::111145 || Yes24(시프트북스)::EPL-프리미어 리그::111145 || Yes24(서점)::EPL-프리미어 리그::111145 || OPMS::EPL-프리미어 리그::111145 || EDITIO::EPL-프리미어 리그::111145,동일 정제키 지급정산이 다른 채널에는 있음. 해당 판매채널 지급정산을 만들지 판단
타채널_exact,타채널 exact 지급정산 보강 판단,4,네이버_연재,sss급천재,1,SSS급 천재,조아라(소설)::SSS급 천재::111189 || 교보문고(톡소다)::SSS급 천재::111189 || 리디북스(이벤트)::SSS급 천재::111189 || 에피루스 이북클럽(B2C)::SSS급 천재::111189 || 인터파크::SSS급 천재::111189,동일 정제키 지급정산이 다른 채널에는 있음. 해당 판매채널 지급정산을 만들지 판단
타채널_exact,타채널 exact 지급정산 보강 판단,4,네이버_연재,골때리는엄마들,1,골 때리는 엄마들,리디북스(이벤트)::골 때리는 엄마들::109322 || 네이버_장르(광고수익)::골 때리는 엄마들::109322 || 알라딘(소설)(1068659313)::골 때리는 엄마들::109322 || 블라이스 셀렉트::골 때리는 엄마들::109322 || 리디북스(소설)::골 때리는 엄마들::109322,동일 정제키 지급정산이 다른 채널에는 있음. 해당 판매채널 지급정산을 만들지 판단
타채널_exact,타채널 exact 지급정산 보강 판단,4,네이버_연재,나홀로마법사,1,나 홀로 마법사,카카오페이지(선투자)::나 홀로 마법사::111915 || 알라딘(소설)(1068659313)::나 홀로 마법사::111915,동일 정제키 지급정산이 다른 채널에는 있음. 해당 판매채널 지급정산을 만들지 판단
타채널_exact,타채널 exact 지급정산 보강 판단,4,네이버_연재,내가알던게임이아니다,1,내가 알던 게임이 아니다,미스터블루(소설)::내가 알던 게임이 아니다::109325 || 리디북스(이벤트)::내가 알던 게임이 아니다::109325 || 북큐브(소설)::내가 알던 게임이 아니다::109325 || 스낵북(알에스)::내가 알던 게임이 아니다::109325 || 판무림::내가 알던 게임이 아니다::109325,동일 정제키 지급정산이 다른 채널에는 있음. 해당 판매채널 지급정산을 만들지 판단
타채널_exact,타채널 exact 지급정산 보강 판단,4,네이버_연재,네임드,1,네임드,Yes24(웹툰)::네임드::327780 || Yes24(시프트북스)::네임드::327780 || Yes24(서점)::네임드::327780 || OPMS::네임드::327780 || EDITIO::네임드::327780,동일 정제키 지급정산이 다른 채널에는 있음. 해당 판매채널 지급정산을 만들지 판단
타채널_exact,타채널 exact 지급정산 보강 판단,4,네이버_연재,논마라나타,1,논 마라나타(non marana tha)[BL],로망띠끄::논 마라나타(non marana tha)::112210 || 봄툰KR(1068149784)::논 마라나타(non marana tha) [봄툰e북]::326364 || 에이블리(소설)::논 마라나타(non marana tha)::112210 || 에이블리(소설)::논 마라나타(non marana tha) 세트::112211 || 올툰(소설)::논 마라나타(non marana tha)::112210,동일 정제키 지급정산이 다른 채널에는 있음. 해당 판매채널 지급정산을 만들지 판단
타채널_exact,타채널 exact 지급정산 보강 판단,4,네이버_연재,마왕겁,1,마왕겁,Yes24(웹툰)::마왕겁::327783 || Yes24(시프트북스)::마왕겁::327783 || Yes24(서점)::마왕겁::327783 || OPMS::마왕겁::327783 || EDITIO::마왕겁::327783,동일 정제키 지급정산이 다른 채널에는 있음. 해당 판매채널 지급정산을 만들지 판단
타채널_exact,타채널 exact 지급정산 보강 판단,4,네이버_연재,마왕군전입을명받았습니다,1,마왕군 전입을 명 받았습니다,카카오페이지(소설)::마왕군 전입을 명 받았습니다::110466 || 윌라(오디오북)::마왕군 전입을 명 받았습니다::110466,동일 정제키 지급정산이 다른 채널에는 있음. 해당 판매채널 지급정산을 만들지 판단
타채널_exact,타채널 exact 지급정산 보강 판단,4,네이버_연재,마왕이나노머신을숨김,1,마왕이 나노머신을 숨김 [독점],모픽(mofic)::[카카오]마왕이 나노머신을 숨김 단행본::317038 || 미스터블루(소설)::[카카오]마왕이 나노머신을 숨김 단행본::317038 || 카카오페이지(선투자)::[카카오]마왕이 나노머신을 숨김 단행본::317038 || 리디북스(이벤트)::[카카오]마왕이 나노머신을 숨김 단행본::317038 || 카카오페이지(창작지원금)::[카카오]마왕이 나노머신을 숨김 단행본::317038,동일 정제키 지급정산이 다른 채널에는 있음. 해당 판매채널 지급정산을 만들지 판단
타채널_exact,타채널 exact 지급정산 보강 판단,4,네이버_연재,무림누나능욕게임,1,무림누나 능욕게임,Yes24(웹툰)::무림누나 능욕게임::327814 || Yes24(시프트북스)::무림누나 능욕게임::327814 || Yes24(서점)::무림누나 능욕게임::327814 || OPMS::무림누나 능욕게임::327814 || EDITIO::무림누나 능욕게임::327814,동일 정제키 지급정산이 다른 채널에는 있음. 해당 판매채널 지급정산을 만들지 판단
타채널_exact,타채널 exact 지급정산 보강 판단,4,네이버_연재,보스몹이너무강함,1,보스 몹이 너무 강함,Yes24(웹툰)::보스 몹이 너무 강함::327782 || Yes24(시프트북스)::보스 몹이 너무 강함::327782 || Yes24(서점)::보스 몹이 너무 강함::327782 || OPMS::보스 몹이 너무 강함::327782 || EDITIO::보스 몹이 너무 강함::327782,동일 정제키 지급정산이 다른 채널에는 있음. 해당 판매채널 지급정산을 만들지 판단
타채널_exact,타채널 exact 지급정산 보강 판단,4,네이버_연재,삼국지이신창성,1,삼국지 이신 창성,Yes24(웹툰)::삼국지 이신창성::327784 || Yes24(시프트북스)::삼국지 이신창성::327784 || Yes24(서점)::삼국지 이신창성::327784 || OPMS::삼국지 이신창성::327784 || EDITIO::삼국지 이신창성::327784,동일 정제키 지급정산이 다른 채널에는 있음. 해당 판매채널 지급정산을 만들지 판단
타채널_exact,타채널 exact 지급정산 보강 판단,4,네이버_연재,슈퍼스타누구도막을수없어,1,"슈퍼스타, 누구도 막을 수 없어!!!!!!","카카오페이지(소설)::슈퍼스타, 누구도 막을 수 없어!!!!!!::110469 || 윌라(오디오북)::슈퍼스타, 누구도 막을 수 없어!!!!!!::110469",동일 정제키 지급정산이 다른 채널에는 있음. 해당 판매채널 지급정산을 만들지 판단
타채널_exact,타채널 exact 지급정산 보강 판단,4,네이버_연재,아빠의게임,1,아빠의 게임,카카오페이지(소설)::아빠의 게임::110470 || 윌라(오디오북)::아빠의 게임::110470,동일 정제키 지급정산이 다른 채널에는 있음. 해당 판매채널 지급정산을 만들지 판단
타채널_exact,타채널 exact 지급정산 보강 판단,4,네이버_연재,아포칼립스의유일한플레이어,1,아포칼립스의 유일한 플레이어,카카오페이지(소설)::아포칼립스의 유일한 플레이어::308483,동일 정제키 지급정산이 다른 채널에는 있음. 해당 판매채널 지급정산을 만들지 판단
타채널_exact,타채널 exact 지급정산 보강 판단,4,네이버_연재,어서와마왕은처음이지,1,"어서 와, 마왕은 처음이지? [독점]","네이버_장르::어서 와, 마왕은 처음이지?::247290 || 토스(소설)::어서 와, 마왕은 처음이지?::247290 || 모픽(mofic)::어서 와, 마왕은 처음이지?::247290 || 판무림::어서 와, 마왕은 처음이지?::247290 || 카카오페이지(소설)::어서 와, 마왕은 처음이지?::247290",동일 정제키 지급정산이 다른 채널에는 있음. 해당 판매채널 지급정산을 만들지 판단
타채널_exact,타채널 exact 지급정산 보강 판단,4,네이버_연재,용사는조용히살고싶다,1,용사는 조용히 살고 싶다 [독점],북큐브(소설)::용사는 조용히 살고 싶다::247291 || 리디북스(이벤트)::용사는 조용히 살고 싶다::247291 || 교보문고(톡소다)::용사는 조용히 살고 싶다::247291 || 북팔(소설)::용사는 조용히 살고 싶다::247291 || 모픽(mofic)::용사는 조용히 살고 싶다::247291,동일 정제키 지급정산이 다른 채널에는 있음. 해당 판매채널 지급정산을 만들지 판단
타채널_exact,타채널 exact 지급정산 보강 판단,4,네이버_연재,웰컴투메모리,1,웰컴 투 메모리,카카오페이지(선투자)::웰컴 투 메모리::114870 || 모픽(mofic)::웰컴 투 메모리::114870 || 리디북스(이벤트)::웰컴 투 메모리::114870 || 웹소설 하이북::웰컴 투 메모리::114870 || 교보문고(소설)::웰컴 투 메모리::114870,동일 정제키 지급정산이 다른 채널에는 있음. 해당 판매채널 지급정산을 만들지 판단
타채널_exact,타채널 exact 지급정산 보강 판단,4,네이버_연재,이세계영주생활,1,이세계 영주 생활,Yes24(웹툰)::이세계 영주 생활::327957 || Yes24(시프트북스)::이세계 영주 생활::327957 || Yes24(서점)::이세계 영주 생활::327957 || OPMS::이세계 영주 생활::327957 || EDITIO::이세계 영주 생활::327957,동일 정제키 지급정산이 다른 채널에는 있음. 해당 판매채널 지급정산을 만들지 판단
타채널_exact,타채널 exact 지급정산 보강 판단,4,네이버_연재,이악당은이제제겁니다,1,이 악당은 이제 제 겁니다 [독점],Yes24(시프트북스)::이 악당은 이제 제 겁니다[단행본]::303946 || Yes24(서점)::이 악당은 이제 제 겁니다[단행본]::303946 || OPMS::이 악당은 이제 제 겁니다[단행본]::303946 || EDITIO::이 악당은 이제 제 겁니다[단행본]::303946 || 한아름(P000003716)::이 악당은 이제 제 겁니다[단행본]::303946,동일 정제키 지급정산이 다른 채널에는 있음. 해당 판매채널 지급정산을 만들지 판단
타채널_exact,타채널 exact 지급정산 보강 판단,4,네이버_연재,인더프라이빗룸,1,인 더 프라이빗 룸 [BL],로망띠끄::인 더 프라이빗 룸(In The Private Room) 외전1::115084 || 로망띠끄::인 더 프라이빗 룸(In The Private Room) 외전2::115085 || 원스토어(소설)::인 더 프라이빗 룸(In The Private Room) 외전2::115085 || 원스토어(소설)::인 더 프라이빗 룸(In The Private Room) 외전1::115084 || Yes24(서점)::인 더 프라이빗 룸(In The Private Room) 외전2::115085,동일 정제키 지급정산이 다른 채널에는 있음. 해당 판매채널 지급정산을 만들지 판단
타채널_exact,타채널 exact 지급정산 보강 판단,4,네이버_연재,전직랭커는템빨로레벨업,1,전직 랭커는 템빨로 레벨 업!,모픽(mofic)::(카카오)전직 랭커는 템빨로 레벨 업!::317605 || 카카오페이지(선투자)::(카카오)전직 랭커는 템빨로 레벨 업!::317605 || 토스(소설)::(카카오)전직 랭커는 템빨로 레벨 업!::317605 || 리디북스(이벤트)::(카카오)전직 랭커는 템빨로 레벨 업!::317605 || 카카오페이지(창작지원금)::(카카오)전직 랭커는 템빨로 레벨 업!::317605,동일 정제키 지급정산이 다른 채널에는 있음. 해당 판매채널 지급정산을 만들지 판단
타채널_exact,타채널 exact 지급정산 보강 판단,4,네이버_연재,코드네임사신,1,코드네임 사신,카카오페이지(소설)::코드네임 사신::160310 || Yes24(서점)::코드네임 사신::160310 || 모픽(mofic)::코드네임 사신::160310 || 미스터블루(소설)::코드네임 사신::160310 || 스낵북(알에스)::코드네임 사신::160310,동일 정제키 지급정산이 다른 채널에는 있음. 해당 판매채널 지급정산을 만들지 판단
타채널_exact,타채널 exact 지급정산 보강 판단,4,네이버_연재,하이퍼서퍼벤젠스,1,하이퍼 서퍼 벤젠스,Yes24(웹툰)::하이퍼 서퍼 벤젠스::327958 || Yes24(시프트북스)::하이퍼 서퍼 벤젠스::327958 || Yes24(서점)::하이퍼 서퍼 벤젠스::327958 || OPMS::하이퍼 서퍼 벤젠스::327958 || EDITIO::하이퍼 서퍼 벤젠스::327958,동일 정제키 지급정산이 다른 채널에는 있음. 해당 판매채널 지급정산을 만들지 판단
타채널_exact,타채널 exact 지급정산 보강 판단,4,네이버_연재,학원폭력물의회귀특전자,1,학원 폭력물의 회귀 특전자,Yes24(웹툰)::학원 폭력물의 회귀 특전자::327785 || Yes24(시프트북스)::학원 폭력물의 회귀 특전자::327785 || Yes24(서점)::학원 폭력물의 회귀 특전자::327785 || OPMS::학원 폭력물의 회귀 특전자::327785 || EDITIO::학원 폭력물의 회귀 특전자::327785,동일 정제키 지급정산이 다른 채널에는 있음. 해당 판매채널 지급정산을 만들지 판단
타채널_exact,타채널 exact 지급정산 보강 판단,4,네이버_연재,핵무기도만들어드릴까요,1,핵무기도 만들어 드릴까요?,문피아::핵무기도 만들어 드릴까요?::110907 || 카카오페이지(선투자)::핵무기도 만들어 드릴까요?::110907,동일 정제키 지급정산이 다른 채널에는 있음. 해당 판매채널 지급정산을 만들지 판단
타채널_exact,타채널 exact 지급정산 보강 판단,4,네이버_연재,회사에서자위하면생기는일,1,회사에서 자위하면 생기는 일,Yes24(웹툰)::회사에서 자위하면 생기는 일::313611 || Yes24(시프트북스)::회사에서 자위하면 생기는 일::313611 || Yes24(서점)::회사에서 자위하면 생기는 일::313611 || OPMS::회사에서 자위하면 생기는 일::313611 || EDITIO::회사에서 자위하면 생기는 일::313611,동일 정제키 지급정산이 다른 채널에는 있음. 해당 판매채널 지급정산을 만들지 판단
타채널_exact,타채널 exact 지급정산 보강 판단,4,네이버_장르,골때리는엄마들,1,골 때리는 엄마들 [단행본],리디북스(이벤트)::골 때리는 엄마들::109322 || 네이버_장르(광고수익)::골 때리는 엄마들::109322 || 알라딘(소설)(1068659313)::골 때리는 엄마들::109322 || 블라이스 셀렉트::골 때리는 엄마들::109322 || 리디북스(소설)::골 때리는 엄마들::109322,동일 정제키 지급정산이 다른 채널에는 있음. 해당 판매채널 지급정산을 만들지 판단
타채널_exact,타채널 exact 지급정산 보강 판단,4,네이버_장르,마법배운재벌집늦둥이,1,마법 배운 재벌집 늦둥이 [단행본],카카오페이지(선투자)::마법 배운 재벌집 늦둥이::112857 || 노벨피아 (소설)::마법 배운 재벌집 늦둥이::112857 || 모픽(mofic)::마법 배운 재벌집 늦둥이::112857 || 에이블리(소설)::마법 배운 재벌집 늦둥이::112857 || 미스터블루(소설)::마법 배운 재벌집 늦둥이::112857,동일 정제키 지급정산이 다른 채널에는 있음. 해당 판매채널 지급정산을 만들지 판단
타채널_exact,타채널 exact 지급정산 보강 판단,4,네이버_장르,마왕이나노머신을숨김,1,마왕이 나노머신을 숨김 [단행본],모픽(mofic)::[카카오]마왕이 나노머신을 숨김 단행본::317038 || 미스터블루(소설)::[카카오]마왕이 나노머신을 숨김 단행본::317038 || 카카오페이지(선투자)::[카카오]마왕이 나노머신을 숨김 단행본::317038 || 리디북스(이벤트)::[카카오]마왕이 나노머신을 숨김 단행본::317038 || 카카오페이지(창작지원금)::[카카오]마왕이 나노머신을 숨김 단행본::317038,동일 정제키 지급정산이 다른 채널에는 있음. 해당 판매채널 지급정산을 만들지 판단
타채널_exact,타채널 exact 지급정산 보강 판단,4,네이버_장르,말년에이계라니,1,말년에 이계라니,Yes24(웹툰)::말년에 이계라니::110760 || Yes24(시프트북스)::말년에 이계라니::110760 || Yes24(서점)::말년에 이계라니::110760 || OPMS::말년에 이계라니::110760 || EDITIO::말년에 이계라니::110760,동일 정제키 지급정산이 다른 채널에는 있음. 해당 판매채널 지급정산을 만들지 판단
타채널_exact,타채널 exact 지급정산 보강 판단,4,네이버_장르,몸으로우는소쩍새,1,몸으로 우는 소쩍새 [단행본],리디북스(소설)::몸으로 우는 소쩍새::327106,동일 정제키 지급정산이 다른 채널에는 있음. 해당 판매채널 지급정산을 만들지 판단
타채널_exact,타채널 exact 지급정산 보강 판단,4,네이버_장르,미생법사,1,미생법사 [단행본],Yes24(웹툰)::미생법사::318052 || Yes24(시프트북스)::미생법사::318052 || Yes24(서점)::미생법사::318052 || OPMS::미생법사::318052 || EDITIO::미생법사::318052,동일 정제키 지급정산이 다른 채널에는 있음. 해당 판매채널 지급정산을 만들지 판단
타채널_exact,타채널 exact 지급정산 보강 판단,4,네이버_장르,보스몹이너무강함,1,보스 몹이 너무 강함 [단행본],Yes24(웹툰)::보스 몹이 너무 강함::327782 || Yes24(시프트북스)::보스 몹이 너무 강함::327782 || Yes24(서점)::보스 몹이 너무 강함::327782 || OPMS::보스 몹이 너무 강함::327782 || EDITIO::보스 몹이 너무 강함::327782,동일 정제키 지급정산이 다른 채널에는 있음. 해당 판매채널 지급정산을 만들지 판단
타채널_exact,타채널 exact 지급정산 보강 판단,4,네이버_장르,슈퍼스타누구도막을수없어,1,"슈퍼스타, 누구도 막을 수 없어!!!!!! [단행본]","카카오페이지(소설)::슈퍼스타, 누구도 막을 수 없어!!!!!!::110469 || 윌라(오디오북)::슈퍼스타, 누구도 막을 수 없어!!!!!!::110469",동일 정제키 지급정산이 다른 채널에는 있음. 해당 판매채널 지급정산을 만들지 판단
타채널_exact,타채널 exact 지급정산 보강 판단,4,네이버_장르,아포칼립스의유일한플레이어,1,아포칼립스의 유일한 플레이어 [단행본],카카오페이지(소설)::아포칼립스의 유일한 플레이어::308483,동일 정제키 지급정산이 다른 채널에는 있음. 해당 판매채널 지급정산을 만들지 판단
타채널_exact,타채널 exact 지급정산 보강 판단,4,네이버_장르,어웨이큰분노의학살자,1,어웨이큰 - 분노의 학살자 [단행본],Yes24(웹툰)::어웨이큰 - 분노의 학살자::295610 || Yes24(시프트북스)::어웨이큰 - 분노의 학살자::295610 || Yes24(서점)::어웨이큰 - 분노의 학살자::295610 || OPMS::어웨이큰 - 분노의 학살자::295610 || EDITIO::어웨이큰 - 분노의 학살자::295610,동일 정제키 지급정산이 다른 채널에는 있음. 해당 판매채널 지급정산을 만들지 판단
타채널_exact,타채널 exact 지급정산 보강 판단,4,네이버_장르,인더프라이빗룸,1,인 더 프라이빗 룸 [BL][단행본],로망띠끄::인 더 프라이빗 룸(In The Private Room) 외전1::115084 || 로망띠끄::인 더 프라이빗 룸(In The Private Room) 외전2::115085 || 원스토어(소설)::인 더 프라이빗 룸(In The Private Room) 외전2::115085 || 원스토어(소설)::인 더 프라이빗 룸(In The Private Room) 외전1::115084 || Yes24(서점)::인 더 프라이빗 룸(In The Private Room) 외전2::115085,동일 정제키 지급정산이 다른 채널에는 있음. 해당 판매채널 지급정산을 만들지 판단
타채널_exact,타채널 exact 지급정산 보강 판단,4,네이버_장르,재벌가차남은먼치킨,1,재벌가 차남은 먼치킨 [단행본],카카오페이지(소설)::재벌가 차남은 먼치킨::108157 || 네이버_연재::재벌가 차남은 먼치킨::108157 || Yes24(웹툰)::재벌가 차남은 먼치킨::108157 || Yes24(시프트북스)::재벌가 차남은 먼치킨::108157 || Yes24(서점)::재벌가 차남은 먼치킨::108157,동일 정제키 지급정산이 다른 채널에는 있음. 해당 판매채널 지급정산을 만들지 판단
타채널_exact,타채널 exact 지급정산 보강 판단,4,네이버_장르,전생에천마였던드래곤,1,전생에 천마였던 드래곤 [단행본],노벨피아 (소설)::전생에 천마였던 드래곤::295600 || 블라이스_일반결제::전생에 천마였던 드래곤::295600 || 에피루스 이북클럽(B2C)::전생에 천마였던 드래곤::295600 || 미스터블루(소설)::전생에 천마였던 드래곤::295600 || 네이버_장르(광고수익)::전생에 천마였던 드래곤::295600,동일 정제키 지급정산이 다른 채널에는 있음. 해당 판매채널 지급정산을 만들지 판단
타채널_exact,타채널 exact 지급정산 보강 판단,4,네이버_장르,전직랭커는템빨로레벨업,1,전직 랭커는 템빨로 레벨 업! [단행본],모픽(mofic)::(카카오)전직 랭커는 템빨로 레벨 업!::317605 || 카카오페이지(선투자)::(카카오)전직 랭커는 템빨로 레벨 업!::317605 || 토스(소설)::(카카오)전직 랭커는 템빨로 레벨 업!::317605 || 리디북스(이벤트)::(카카오)전직 랭커는 템빨로 레벨 업!::317605 || 카카오페이지(창작지원금)::(카카오)전직 랭커는 템빨로 레벨 업!::317605,동일 정제키 지급정산이 다른 채널에는 있음. 해당 판매채널 지급정산을 만들지 판단
타채널_exact,타채널 exact 지급정산 보강 판단,4,네이버_장르,핵무기도만들어드릴까요,1,핵무기도 만들어 드릴까요? [단행본],문피아::핵무기도 만들어 드릴까요?::110907 || 카카오페이지(선투자)::핵무기도 만들어 드릴까요?::110907,동일 정제키 지급정산이 다른 채널에는 있음. 해당 판매채널 지급정산을 만들지 판단
타채널_exact,타채널 exact 지급정산 보강 판단,4,노벨피아 (소설),어서와마왕은처음이지,1,"어서 와, 마왕은 처음이지?","네이버_장르::어서 와, 마왕은 처음이지?::247290 || 토스(소설)::어서 와, 마왕은 처음이지?::247290 || 모픽(mofic)::어서 와, 마왕은 처음이지?::247290 || 판무림::어서 와, 마왕은 처음이지?::247290 || 카카오페이지(소설)::어서 와, 마왕은 처음이지?::247290",동일 정제키 지급정산이 다른 채널에는 있음. 해당 판매채널 지급정산을 만들지 판단
타채널_exact,타채널 exact 지급정산 보강 판단,4,로망띠끄,이름을세번부를때까지,1,이름을 세 번 부를 때까지,조아라(소설)::[연재] 이름을 세 번 부를 때까지::109581 || 에이블리(소설)::[연재] 이름을 세 번 부를 때까지::109581 || 원스토어(소설)::[연재] 이름을 세 번 부를 때까지::109581 || 블라이스_일반결제::[연재] 이름을 세 번 부를 때까지::109581 || 북팔(소설)::[연재] 이름을 세 번 부를 때까지::109581,동일 정제키 지급정산이 다른 채널에는 있음. 해당 판매채널 지급정산을 만들지 판단
타채널_exact,타채널 exact 지급정산 보강 판단,4,리디북스(소설),마왕이나노머신을숨김,1,[e북]마왕이 나노머신을 숨김 1권,모픽(mofic)::[카카오]마왕이 나노머신을 숨김 단행본::317038 || 미스터블루(소설)::[카카오]마왕이 나노머신을 숨김 단행본::317038 || 카카오페이지(선투자)::[카카오]마왕이 나노머신을 숨김 단행본::317038 || 리디북스(이벤트)::[카카오]마왕이 나노머신을 숨김 단행본::317038 || 카카오페이지(창작지원금)::[카카오]마왕이 나노머신을 숨김 단행본::317038,동일 정제키 지급정산이 다른 채널에는 있음. 해당 판매채널 지급정산을 만들지 판단
타채널_exact,타채널 exact 지급정산 보강 판단,4,리디북스(소설),슈퍼스타누구도막을수없어,1,"[e북]슈퍼스타, 누구도 막을 수 없어!!! 1권","카카오페이지(소설)::슈퍼스타, 누구도 막을 수 없어!!!!!!::110469 || 윌라(오디오북)::슈퍼스타, 누구도 막을 수 없어!!!!!!::110469",동일 정제키 지급정산이 다른 채널에는 있음. 해당 판매채널 지급정산을 만들지 판단
타채널_exact,타채널 exact 지급정산 보강 판단,4,리디북스(소설),용사는조용히살고싶다,1,[e북]용사는 조용히 살고 싶다 1권,북큐브(소설)::용사는 조용히 살고 싶다::247291 || 리디북스(이벤트)::용사는 조용히 살고 싶다::247291 || 교보문고(톡소다)::용사는 조용히 살고 싶다::247291 || 북팔(소설)::용사는 조용히 살고 싶다::247291 || 모픽(mofic)::용사는 조용히 살고 싶다::247291,동일 정제키 지급정산이 다른 채널에는 있음. 해당 판매채널 지급정산을 만들지 판단
타채널_exact,타채널 exact 지급정산 보강 판단,4,리디북스(소설),이름을세번부를때까지,1,[e북]이름을 세 번 부를 때까지,조아라(소설)::[연재] 이름을 세 번 부를 때까지::109581 || 에이블리(소설)::[연재] 이름을 세 번 부를 때까지::109581 || 원스토어(소설)::[연재] 이름을 세 번 부를 때까지::109581 || 블라이스_일반결제::[연재] 이름을 세 번 부를 때까지::109581 || 북팔(소설)::[연재] 이름을 세 번 부를 때까지::109581,동일 정제키 지급정산이 다른 채널에는 있음. 해당 판매채널 지급정산을 만들지 판단
타채널_exact,타채널 exact 지급정산 보강 판단,4,리디북스(소설),전생에천마였던드래곤,1,[e북]전생에 천마였던 드래곤 1권,노벨피아 (소설)::전생에 천마였던 드래곤::295600 || 블라이스_일반결제::전생에 천마였던 드래곤::295600 || 에피루스 이북클럽(B2C)::전생에 천마였던 드래곤::295600 || 미스터블루(소설)::전생에 천마였던 드래곤::295600 || 네이버_장르(광고수익)::전생에 천마였던 드래곤::295600,동일 정제키 지급정산이 다른 채널에는 있음. 해당 판매채널 지급정산을 만들지 판단
타채널_exact,타채널 exact 지급정산 보강 판단,4,모픽(mofic),sss급괴물사냥꾼,1,SSS급 괴물 사냥꾼,카카오페이지(선투자)::SSS급 괴물 사냥꾼::110995 || 카카오페이지(창작지원금)::SSS급 괴물 사냥꾼::110995,동일 정제키 지급정산이 다른 채널에는 있음. 해당 판매채널 지급정산을 만들지 판단
타채널_exact,타채널 exact 지급정산 보강 판단,4,모픽(mofic),나홀로마법사,1,나 홀로 마법사,카카오페이지(선투자)::나 홀로 마법사::111915 || 알라딘(소설)(1068659313)::나 홀로 마법사::111915,동일 정제키 지급정산이 다른 채널에는 있음. 해당 판매채널 지급정산을 만들지 판단
타채널_exact,타채널 exact 지급정산 보강 판단,4,모픽(mofic),리턴오브로드,1,리턴 오브 로드,카카오페이지(창작지원금)::리턴 오브 로드::110746 || 카카오페이지(소설)::리턴 오브 로드::110746,동일 정제키 지급정산이 다른 채널에는 있음. 해당 판매채널 지급정산을 만들지 판단
타채널_exact,타채널 exact 지급정산 보강 판단,4,모픽(mofic),마왕군전입을명받았습니다,1,마왕군 전입을 명 받았습니다,카카오페이지(소설)::마왕군 전입을 명 받았습니다::110466 || 윌라(오디오북)::마왕군 전입을 명 받았습니다::110466,동일 정제키 지급정산이 다른 채널에는 있음. 해당 판매채널 지급정산을 만들지 판단
타채널_exact,타채널 exact 지급정산 보강 판단,4,모픽(mofic),마왕으로산다,1,마왕으로 산다,카카오페이지(소설)::마왕으로 산다::109842 || 네이버_장르::마왕으로 산다::109842 || Yes24(서점)::마왕으로 산다::109842 || 구글(소설)::마왕으로 산다::109842 || 네이버_연재(광고수익)::마왕으로 산다::109842,동일 정제키 지급정산이 다른 채널에는 있음. 해당 판매채널 지급정산을 만들지 판단
타채널_exact,타채널 exact 지급정산 보강 판단,4,모픽(mofic),만렙요원재벌이되다,1,만렙요원 : 재벌이 되다,알라딘(소설)(1068659313)::만렙요원 : 재벌이 되다::107801 || 네이버_장르::만렙요원 : 재벌이 되다::107801 || 토스(소설)::만렙요원 : 재벌이 되다::107801 || 에피루스 이북클럽(B2C)::만렙요원 : 재벌이 되다::107801 || 네이버_장르(광고수익)::만렙요원 : 재벌이 되다::107801,동일 정제키 지급정산이 다른 채널에는 있음. 해당 판매채널 지급정산을 만들지 판단
타채널_exact,타채널 exact 지급정산 보강 판단,4,모픽(mofic),슈퍼스타누구도막을수없어,1,"슈퍼스타, 누구도 막을 수 없어!!!!!!","카카오페이지(소설)::슈퍼스타, 누구도 막을 수 없어!!!!!!::110469 || 윌라(오디오북)::슈퍼스타, 누구도 막을 수 없어!!!!!!::110469",동일 정제키 지급정산이 다른 채널에는 있음. 해당 판매채널 지급정산을 만들지 판단
타채널_exact,타채널 exact 지급정산 보강 판단,4,모픽(mofic),아빠의게임,1,아빠의 게임,카카오페이지(소설)::아빠의 게임::110470 || 윌라(오디오북)::아빠의 게임::110470,동일 정제키 지급정산이 다른 채널에는 있음. 해당 판매채널 지급정산을 만들지 판단
타채널_exact,타채널 exact 지급정산 보강 판단,4,모픽(mofic),아포칼립스의유일한플레이어,1,아포칼립스의 유일한 플레이어,카카오페이지(소설)::아포칼립스의 유일한 플레이어::308483,동일 정제키 지급정산이 다른 채널에는 있음. 해당 판매채널 지급정산을 만들지 판단
타채널_exact,타채널 exact 지급정산 보강 판단,4,모픽(mofic),연기를너무잘함,1,연기를 너무 잘함,유페이퍼::연기를 너무 잘함::107827 || 토스(소설)::연기를 너무 잘함::107827 || 판무림::연기를 너무 잘함::107827 || 네이버_연재(광고수익)::연기를 너무 잘함::107827 || 미스터블루(소설)::연기를 너무 잘함::107827,동일 정제키 지급정산이 다른 채널에는 있음. 해당 판매채널 지급정산을 만들지 판단
타채널_exact,타채널 exact 지급정산 보강 판단,4,모픽(mofic),인간자체가강함,1,인간 자체가 강함,카카오페이지(소설)::인간 자체가 강함::110471 || 윌라(오디오북)::인간 자체가 강함::110471,동일 정제키 지급정산이 다른 채널에는 있음. 해당 판매채널 지급정산을 만들지 판단
타채널_exact,타채널 exact 지급정산 보강 판단,4,모픽(mofic),전생에천마였던드래곤,1,전생에 천마였던 드래곤,노벨피아 (소설)::전생에 천마였던 드래곤::295600 || 블라이스_일반결제::전생에 천마였던 드래곤::295600 || 에피루스 이북클럽(B2C)::전생에 천마였던 드래곤::295600 || 미스터블루(소설)::전생에 천마였던 드래곤::295600 || 네이버_장르(광고수익)::전생에 천마였던 드래곤::295600,동일 정제키 지급정산이 다른 채널에는 있음. 해당 판매채널 지급정산을 만들지 판단
타채널_exact,타채널 exact 지급정산 보강 판단,4,모픽(mofic),핵무기도만들어드릴까요,1,핵무기도 만들어 드릴까요?,문피아::핵무기도 만들어 드릴까요?::110907 || 카카오페이지(선투자)::핵무기도 만들어 드릴까요?::110907,동일 정제키 지급정산이 다른 채널에는 있음. 해당 판매채널 지급정산을 만들지 판단
타채널_exact,타채널 exact 지급정산 보강 판단,4,무툰(소설 서비스),검무흔,1,검무흔(개정판. 무삭제본),스토린랩(원스토어)::[연재] 검무흔(개정판. 무삭제본)::109362 || 미스터블루(소설)::[연재] 검무흔(개정판. 무삭제본)::109362 || 구글(소설)::[연재] 검무흔(개정판. 무삭제본)::109362 || 웹소설 하이북::[연재] 검무흔(개정판. 무삭제본)::109362 || 미소설::[연재] 검무흔(개정판. 무삭제본)::109362,동일 정제키 지급정산이 다른 채널에는 있음. 해당 판매채널 지급정산을 만들지 판단
타채널_exact,타채널 exact 지급정산 보강 판단,4,무툰(소설 서비스),검정대륙행,1,검정대륙행,북큐브(소설)::검정대륙행::111358 || 카카오페이지(소설)::검정대륙행::111358 || 원스토어(소설)::검정대륙행::111358 || 웹소설 하이북::검정대륙행::111358 || 미스터블루(소설)::검정대륙행::111358,동일 정제키 지급정산이 다른 채널에는 있음. 해당 판매채널 지급정산을 만들지 판단
타채널_exact,타채널 exact 지급정산 보강 판단,4,무툰(소설 서비스),내가알던게임이아니다,1,내가 알던 게임이 아니다,미스터블루(소설)::내가 알던 게임이 아니다::109325 || 리디북스(이벤트)::내가 알던 게임이 아니다::109325 || 북큐브(소설)::내가 알던 게임이 아니다::109325 || 스낵북(알에스)::내가 알던 게임이 아니다::109325 || 판무림::내가 알던 게임이 아니다::109325,동일 정제키 지급정산이 다른 채널에는 있음. 해당 판매채널 지급정산을 만들지 판단
타채널_exact,타채널 exact 지급정산 보강 판단,4,무툰(소설 서비스),십왕책,1,십왕책(개정판),구글(소설)::[연재]십왕책(개정판)::110013 || 웹소설 하이북::[연재]십왕책(개정판)::110013 || 미소설::[연재]십왕책(개정판)::110013,동일 정제키 지급정산이 다른 채널에는 있음. 해당 판매채널 지급정산을 만들지 판단
타채널_exact,타채널 exact 지급정산 보강 판단,4,무툰(소설 서비스),음공천하,1,음공천하,에피루스 이북클럽(B2C)::0_음공천하_서호_일반::110854 || 모픽(mofic)::[카카오]음공천하 단행본::312022 || 리디북스(이벤트)::[카카오]음공천하 단행본::312022 || 카카오페이지(선투자)::[카카오]음공천하 단행본::312022 || 카카오페이지(창작지원금)::[카카오]음공천하 단행본::312022,동일 정제키 지급정산이 다른 채널에는 있음. 해당 판매채널 지급정산을 만들지 판단
타채널_exact,타채널 exact 지급정산 보강 판단,4,무툰(소설 서비스),재벌집망나니대독자,1,재벌집 망나니 7대 독자,카카오페이지(창작지원금)::재벌집 망나니 7대 독자::322006 || 리디북스(소설)::재벌집 망나니 7대 독자::322006 || 문피아::재벌집 망나니 7대 독자::322006 || 북큐브(소설)::재벌집 망나니 7대 독자::322006 || 카카오페이지(소설)::재벌집 망나니 7대 독자::322006,동일 정제키 지급정산이 다른 채널에는 있음. 해당 판매채널 지급정산을 만들지 판단
타채널_exact,타채널 exact 지급정산 보강 판단,4,무툰(소설 서비스),절망하고복종하라,1,절망하고 복종하라,알라딘(소설)(1068659313)::절망하고 복종하라::107832 || 밀리의 서재::절망하고 복종하라::107832 || 윌라(전자책)::절망하고 복종하라::107832 || 스낵북(알에스)::절망하고 복종하라::107832 || 판무림::절망하고 복종하라::107832,동일 정제키 지급정산이 다른 채널에는 있음. 해당 판매채널 지급정산을 만들지 판단
타채널_exact,타채널 exact 지급정산 보강 판단,4,무툰(소설 서비스),코인게이트를열었다,1,코인 게이트를 열었다,윌라(전자책)::코인게이트를열었다::247429 || 교보문고(소설)::코인게이트를열었다::247429 || 미소설::코인게이트를열었다::247429 || 미스터블루(소설)::코인게이트를열었다::247429 || 판무림::코인게이트를열었다::247429,동일 정제키 지급정산이 다른 채널에는 있음. 해당 판매채널 지급정산을 만들지 판단
타채널_exact,타채널 exact 지급정산 보강 판단,4,문피아,던전에서성자性者가하는일,1,던전에서 성자性者가 하는 일,조아라(소설)::던전에서 성자性者가 하는 일::112529 || 무툰(소설 서비스)::던전에서 성자性者가 하는 일::112529 || 밀리의 서재::던전에서 성자性者가 하는 일::112529 || 웹소설 하이북::던전에서 성자性者가 하는 일::112529 || 네이버_연재::던전에서 성자性者가 하는 일::112529,동일 정제키 지급정산이 다른 채널에는 있음. 해당 판매채널 지급정산을 만들지 판단
타채널_exact,타채널 exact 지급정산 보강 판단,4,문피아,마왕군전입을명받았습니다,1,마왕군 전입을 명 받았습니다 [D],카카오페이지(소설)::마왕군 전입을 명 받았습니다::110466 || 윌라(오디오북)::마왕군 전입을 명 받았습니다::110466,동일 정제키 지급정산이 다른 채널에는 있음. 해당 판매채널 지급정산을 만들지 판단
타채널_exact,타채널 exact 지급정산 보강 판단,4,문피아,코드네임사신,1,코드네임 사신,카카오페이지(소설)::코드네임 사신::160310 || Yes24(서점)::코드네임 사신::160310 || 모픽(mofic)::코드네임 사신::160310 || 미스터블루(소설)::코드네임 사신::160310 || 스낵북(알에스)::코드네임 사신::160310,동일 정제키 지급정산이 다른 채널에는 있음. 해당 판매채널 지급정산을 만들지 판단
타채널_exact,타채널 exact 지급정산 보강 판단,4,미소설,마왕으로산다,1,마왕으로 산다,카카오페이지(소설)::마왕으로 산다::109842 || 네이버_장르::마왕으로 산다::109842 || Yes24(서점)::마왕으로 산다::109842 || 구글(소설)::마왕으로 산다::109842 || 네이버_연재(광고수익)::마왕으로 산다::109842,동일 정제키 지급정산이 다른 채널에는 있음. 해당 판매채널 지급정산을 만들지 판단
타채널_exact,타채널 exact 지급정산 보강 판단,4,미소설,중력술사아스께끼맨,1,중력술사 아스께끼맨,밀리의 서재::중력술사 아스께끼맨::247247 || 미스터블루(소설)::중력술사 아스께끼맨::247247 || 스낵북(알에스)::중력술사 아스께끼맨::247247 || 웹소설 하이북::중력술사 아스께끼맨::247247 || 원스토어(소설)::중력술사 아스께끼맨::247247,동일 정제키 지급정산이 다른 채널에는 있음. 해당 판매채널 지급정산을 만들지 판단
타채널_exact,타채널 exact 지급정산 보강 판단,4,미소설,코드네임사신,1,코드네임 사신,카카오페이지(소설)::코드네임 사신::160310 || Yes24(서점)::코드네임 사신::160310 || 모픽(mofic)::코드네임 사신::160310 || 미스터블루(소설)::코드네임 사신::160310 || 스낵북(알에스)::코드네임 사신::160310,동일 정제키 지급정산이 다른 채널에는 있음. 해당 판매채널 지급정산을 만들지 판단
타채널_exact,타채널 exact 지급정산 보강 판단,4,미소설,핵무기도만들어드릴까요,1,핵무기도 만들어 드릴까요?,문피아::핵무기도 만들어 드릴까요?::110907 || 카카오페이지(선투자)::핵무기도 만들어 드릴까요?::110907,동일 정제키 지급정산이 다른 채널에는 있음. 해당 판매채널 지급정산을 만들지 판단
타채널_exact,타채널 exact 지급정산 보강 판단,4,미스터블루(소설),ntr당한암컷용사는존예왕비가되었다,1,NTR당한 암컷용사는 존예왕비가 되었다,블라이스_일반결제::NTR당한 암컷용사는 존예왕비가 되었다::322574 || 한아름(P000003716)::NTR당한 암컷용사는 존예왕비가 되었다::322574 || 네이버_연재::NTR당한 암컷용사는 존예왕비가 되었다::322574 || 미소설::NTR당한 암컷용사는 존예왕비가 되었다::322574 || 교보문고(소설)::NTR당한 암컷용사는 존예왕비가 되었다::322574,동일 정제키 지급정산이 다른 채널에는 있음. 해당 판매채널 지급정산을 만들지 판단
타채널_exact,타채널 exact 지급정산 보강 판단,4,미스터블루(소설),나이츠,1,나이츠 (Nights) [단행본],북큐브(소설)::나이츠 (nights)::325231,동일 정제키 지급정산이 다른 채널에는 있음. 해당 판매채널 지급정산을 만들지 판단
타채널_exact,타채널 exact 지급정산 보강 판단,4,미스터블루(소설),몽유강호,1,몽유강호 [단행본],웹소설 하이북::몽유강호::113047 || 무툰(소설 서비스)::몽유강호::113047 || 한아름(P000003716)::몽유강호::113047 || 판무림::몽유강호::113047 || 네이버_장르::몽유강호::113047,동일 정제키 지급정산이 다른 채널에는 있음. 해당 판매채널 지급정산을 만들지 판단
타채널_exact,타채널 exact 지급정산 보강 판단,4,미스터블루(소설),벽력무진,1,벽력무진(霹靂無盡) [단행본],구글(소설)::벽력무진(霹靂無盡)::322616 || 리디북스(소설)::벽력무진(霹靂無盡)::113370 || 한아름(P000003716)::벽력무진(霹靂無盡)::113370 || 웹소설 하이북::벽력무진(霹靂無盡)::113370 || 판무림::벽력무진(霹靂無盡)::113370,동일 정제키 지급정산이 다른 채널에는 있음. 해당 판매채널 지급정산을 만들지 판단
타채널_exact,타채널 exact 지급정산 보강 판단,4,미스터블루(소설),소,1,소 [단행본],네이버_장르::소(笑)::113906 || 카카오페이지(소설)::소(笑)::113906 || 무툰(소설 서비스)::소(笑)::113906 || 웹소설 하이북::소(笑)::113906 || 판무림::소(笑)::113906,동일 정제키 지급정산이 다른 채널에는 있음. 해당 판매채널 지급정산을 만들지 판단
타채널_exact,타채널 exact 지급정산 보강 판단,4,미스터블루(소설),신,1,신 [단행본],한아름(P000003716)::신(神)::114119 || 원스토어(소설)::신[神] (무삭제판)::114122 || 웹소설 하이북::[연재] 신[神] (무삭제판)::109534 || 무툰(소설 서비스)::[연재] 신[神] (무삭제판)::109534 || 교보문고(소설)::신[神] (무삭제판)::114122,동일 정제키 지급정산이 다른 채널에는 있음. 해당 판매채널 지급정산을 만들지 판단
타채널_exact,타채널 exact 지급정산 보강 판단,4,미스터블루(소설),아포칼립스의유일한플레이어,1,아포칼립스의 유일한 플레이어 [단행본],카카오페이지(소설)::아포칼립스의 유일한 플레이어::308483,동일 정제키 지급정산이 다른 채널에는 있음. 해당 판매채널 지급정산을 만들지 판단
타채널_exact,타채널 exact 지급정산 보강 판단,4,미스터블루(소설),야야,1,야야 [단행본],한아름(P000003716)::야야(野爺)::323096,동일 정제키 지급정산이 다른 채널에는 있음. 해당 판매채널 지급정산을 만들지 판단
타채널_exact,타채널 exact 지급정산 보강 판단,4,미스터블루(소설),업어키운사매들,1,업어 키운 사매들,에피루스 이북클럽(B2C)::업어 키운 사매들::322005 || 카카오페이지(창작지원금)::업어 키운 사매들::322005 || 리디북스(소설)::업어 키운 사매들::322005 || 원스토어(소설)::업어 키운 사매들::322005 || 무툰(소설 서비스)::업어 키운 사매들::322005,동일 정제키 지급정산이 다른 채널에는 있음. 해당 판매채널 지급정산을 만들지 판단
타채널_exact,타채널 exact 지급정산 보강 판단,4,미스터블루(소설),열정시대,1,열정시대 [단행본],코미코_일반결제::열정시대::114626 || 북큐브(소설)::열정시대::114626 || 인터파크::열정시대::114626 || 웹소설 하이북::열정시대::114626 || 판무림::열정시대::114626,동일 정제키 지급정산이 다른 채널에는 있음. 해당 판매채널 지급정산을 만들지 판단
타채널_exact,타채널 exact 지급정산 보강 판단,4,미스터블루(소설),요마겁,1,요마겁 [단행본],한아름(P000003716)::요마겁::114756 || 네이버_장르::요마겁::114756 || 웹소설 하이북::요마겁::114756 || 무툰(소설 서비스)::요마겁::114756 || 웹소설 하이북::[연재] 요마겁 무삭제본::109569,동일 정제키 지급정산이 다른 채널에는 있음. 해당 판매채널 지급정산을 만들지 판단
타채널_exact,타채널 exact 지급정산 보강 판단,4,미스터블루(소설),음공천하,1,음공천하,에피루스 이북클럽(B2C)::0_음공천하_서호_일반::110854 || 모픽(mofic)::[카카오]음공천하 단행본::312022 || 리디북스(이벤트)::[카카오]음공천하 단행본::312022 || 카카오페이지(선투자)::[카카오]음공천하 단행본::312022 || 카카오페이지(창작지원금)::[카카오]음공천하 단행본::312022,동일 정제키 지급정산이 다른 채널에는 있음. 해당 판매채널 지급정산을 만들지 판단
타채널_exact,타채널 exact 지급정산 보강 판단,4,미스터블루(소설),재벌집망나니대독자,1,재벌집 망나니 7대독자,카카오페이지(창작지원금)::재벌집 망나니 7대 독자::322006 || 리디북스(소설)::재벌집 망나니 7대 독자::322006 || 문피아::재벌집 망나니 7대 독자::322006 || 북큐브(소설)::재벌집 망나니 7대 독자::322006 || 카카오페이지(소설)::재벌집 망나니 7대 독자::322006,동일 정제키 지급정산이 다른 채널에는 있음. 해당 판매채널 지급정산을 만들지 판단
타채널_exact,타채널 exact 지급정산 보강 판단,4,미스터블루(소설),패배용사약골용사의에로대모험,1,패배 용사 - 약골 용사의 에로 대모험!,밀리의 서재::패배 용사 - 약골 용사의 에로 대모험!::107845 || 블라이스_일반결제::패배 용사 - 약골 용사의 에로 대모험!::107845 || 구글(소설)::패배 용사 - 약골 용사의 에로 대모험!::107845 || 알라딘(소설)(1068659313)::패배 용사 - 약골 용사의 에로 대모험!::107845 || 한아름(P000003716)::패배 용사 - 약골 용사의 에로 대모험!::107845,동일 정제키 지급정산이 다른 채널에는 있음. 해당 판매채널 지급정산을 만들지 판단
타채널_exact,타채널 exact 지급정산 보강 판단,4,미스터블루(소설),하렘으로세계정복,1,하렘으로 세계정복,밀리의 서재::하렘으로 세계정복::107848 || 블라이스 셀렉트::하렘으로 세계정복::107848 || 윌라(전자책)::하렘으로 세계정복::107848 || 스낵북(알에스)::하렘으로 세계정복::107848 || 한아름(P000003716)::하렘으로 세계정복::107848,동일 정제키 지급정산이 다른 채널에는 있음. 해당 판매채널 지급정산을 만들지 판단
타채널_exact,타채널 exact 지급정산 보강 판단,4,미스터블루(소설),홀로서기,1,홀로서기 [단행본],로망띠끄::홀로서기(개정판)::116362,동일 정제키 지급정산이 다른 채널에는 있음. 해당 판매채널 지급정산을 만들지 판단
타채널_exact,타채널 exact 지급정산 보강 판단,4,미스터블루(소설),화왕세기,1,화왕세기 [단행본],한아름(P000003716)::화왕세기::116392 || 판무림::화왕세기::116391 || 판무림::화왕세기::116392 || 무툰(소설 서비스)::화왕세기[무삭제판]::116393 || 리디북스(소설)::화왕세기::116391,동일 정제키 지급정산이 다른 채널에는 있음. 해당 판매채널 지급정산을 만들지 판단
타채널_exact,타채널 exact 지급정산 보강 판단,4,부커스,용사무적,1,용사무적 5권,모픽(mofic)::0_용사무적_만선_일반::110079 || 교보문고(소설)::0_용사무적_만선_일반::110079 || 무툰(소설 서비스)::0_용사무적_만선_일반::110079 || 미스터블루(소설)::0_용사무적_만선_일반::110079 || 리디북스(소설)::0_용사무적_만선_일반::110079,동일 정제키 지급정산이 다른 채널에는 있음. 해당 판매채널 지급정산을 만들지 판단
타채널_exact,타채널 exact 지급정산 보강 판단,4,북큐브(소설),골때리는엄마들,1,골 때리는 엄마들,리디북스(이벤트)::골 때리는 엄마들::109322 || 네이버_장르(광고수익)::골 때리는 엄마들::109322 || 알라딘(소설)(1068659313)::골 때리는 엄마들::109322 || 블라이스 셀렉트::골 때리는 엄마들::109322 || 리디북스(소설)::골 때리는 엄마들::109322,동일 정제키 지급정산이 다른 채널에는 있음. 해당 판매채널 지급정산을 만들지 판단
타채널_exact,타채널 exact 지급정산 보강 판단,4,블라이스_일반결제,각인예속의사냥꾼,1,각인 예속의 사냥꾼,밀리의 서재::각인 예속의 사냥꾼::107780 || 알라딘(소설)(1068659313)::각인 예속의 사냥꾼::107780 || 리디북스(소설)::각인 예속의 사냥꾼::107780 || 스낵북(알에스)::각인 예속의 사냥꾼::107780 || 윌라(전자책)::각인 예속의 사냥꾼::107780,동일 정제키 지급정산이 다른 채널에는 있음. 해당 판매채널 지급정산을 만들지 판단
타채널_exact,타채널 exact 지급정산 보강 판단,4,스낵북(알에스),코인게이트를열었다,1,코인 게이트를 열었다,윌라(전자책)::코인게이트를열었다::247429 || 교보문고(소설)::코인게이트를열었다::247429 || 미소설::코인게이트를열었다::247429 || 미스터블루(소설)::코인게이트를열었다::247429 || 판무림::코인게이트를열었다::247429,동일 정제키 지급정산이 다른 채널에는 있음. 해당 판매채널 지급정산을 만들지 판단
타채널_exact,타채널 exact 지급정산 보강 판단,4,알라딘(소설)(1068659313),마법배운재벌집늦둥이,1,마법 배운 재벌집 늦둥이 01,카카오페이지(선투자)::마법 배운 재벌집 늦둥이::112857 || 노벨피아 (소설)::마법 배운 재벌집 늦둥이::112857 || 모픽(mofic)::마법 배운 재벌집 늦둥이::112857 || 에이블리(소설)::마법 배운 재벌집 늦둥이::112857 || 미스터블루(소설)::마법 배운 재벌집 늦둥이::112857,동일 정제키 지급정산이 다른 채널에는 있음. 해당 판매채널 지급정산을 만들지 판단
타채널_exact,타채널 exact 지급정산 보강 판단,4,알라딘(소설)(1068659313),섹스로지배한다,1,섹스로 지배한다 1,밀리의 서재::섹스로 지배한다::107814 || 구글(소설)::섹스로 지배한다::107814 || 윌라(전자책)::섹스로 지배한다::107814 || 미스터블루(소설)::섹스로 지배한다::107814 || 한아름(P000003716)::섹스로 지배한다::107814,동일 정제키 지급정산이 다른 채널에는 있음. 해당 판매채널 지급정산을 만들지 판단
타채널_exact,타채널 exact 지급정산 보강 판단,4,알라딘(소설)(1068659313),여후배의최면남선배,1,"여후배의 최면, 남선배 1","구글(소설)::여후배의 최면, 남선배::114556 || Yes24(서점)::여후배의 최면, 남선배::114556 || 밀리의 서재::여후배의 최면, 남선배::114556 || 블라이스 셀렉트::여후배의 최면, 남선배::114556 || 윌라(전자책)::여후배의 최면, 남선배::114556",동일 정제키 지급정산이 다른 채널에는 있음. 해당 판매채널 지급정산을 만들지 판단
타채널_exact,타채널 exact 지급정산 보강 판단,4,알라딘(소설)(1068659313),코드네임사신,1,[세트] 코드네임 사신 (총17권/완결),카카오페이지(소설)::코드네임 사신::160310 || Yes24(서점)::코드네임 사신::160310 || 모픽(mofic)::코드네임 사신::160310 || 미스터블루(소설)::코드네임 사신::160310 || 스낵북(알에스)::코드네임 사신::160310,동일 정제키 지급정산이 다른 채널에는 있음. 해당 판매채널 지급정산을 만들지 판단
타채널_exact,타채널 exact 지급정산 보강 판단,4,에피루스 이북클럽(B2C),신마열전,1,신마열전 1,무툰(소설 서비스)::신마열전::114138 || 미스터블루(소설)::신마열전::114138 || 네이버_장르::신마열전::114138 || 한아름(P000003716)::신마열전::114138 || 웹소설 하이북::신마열전::114138,동일 정제키 지급정산이 다른 채널에는 있음. 해당 판매채널 지급정산을 만들지 판단
타채널_exact,타채널 exact 지급정산 보강 판단,4,에피루스 이북클럽(B2C),인더프라이빗룸,1,인 더 프라이빗 룸(In The Private Room) 6(완결),로망띠끄::인 더 프라이빗 룸(In The Private Room) 외전1::115084 || 로망띠끄::인 더 프라이빗 룸(In The Private Room) 외전2::115085 || 원스토어(소설)::인 더 프라이빗 룸(In The Private Room) 외전2::115085 || 원스토어(소설)::인 더 프라이빗 룸(In The Private Room) 외전1::115084 || Yes24(서점)::인 더 프라이빗 룸(In The Private Room) 외전2::115085,동일 정제키 지급정산이 다른 채널에는 있음. 해당 판매채널 지급정산을 만들지 판단
타채널_exact,타채널 exact 지급정산 보강 판단,4,올툰(소설),북해빙궁의망조를막아보겠습니다,1,[소설]북해빙궁의 망조를 막아보겠습니다,올툰::북해빙궁의 망조를 막아보겠습니다::295490 || 알라딘(소설)(1068659313)::북해빙궁의 망조를 막아보겠습니다::295490 || 카카오페이지(소설)::북해빙궁의 망조를 막아보겠습니다::295490 || 조아라(소설)::북해빙궁의 망조를 막아보겠습니다::295490 || 네이버_장르::북해빙궁의 망조를 막아보겠습니다::295490,동일 정제키 지급정산이 다른 채널에는 있음. 해당 판매채널 지급정산을 만들지 판단
타채널_exact,타채널 exact 지급정산 보강 판단,4,웹소설 하이북,sss급괴물사냥꾼,1,SSS급 괴물 사냥꾼,카카오페이지(선투자)::SSS급 괴물 사냥꾼::110995 || 카카오페이지(창작지원금)::SSS급 괴물 사냥꾼::110995,동일 정제키 지급정산이 다른 채널에는 있음. 해당 판매채널 지급정산을 만들지 판단
타채널_exact,타채널 exact 지급정산 보강 판단,4,웹소설 하이북,골때리는엄마들,1,골 때리는 엄마들,리디북스(이벤트)::골 때리는 엄마들::109322 || 네이버_장르(광고수익)::골 때리는 엄마들::109322 || 알라딘(소설)(1068659313)::골 때리는 엄마들::109322 || 블라이스 셀렉트::골 때리는 엄마들::109322 || 리디북스(소설)::골 때리는 엄마들::109322,동일 정제키 지급정산이 다른 채널에는 있음. 해당 판매채널 지급정산을 만들지 판단
타채널_exact,타채널 exact 지급정산 보강 판단,4,웹소설 하이북,범죄자의일상생활,1,범죄자의 일상생활,알라딘(소설)(1068659313)::범죄자의 일상생활::109330 || 에피루스 이북클럽(B2C)::범죄자의 일상생활::109330 || 교보문고(톡소다)::범죄자의 일상생활::109330 || 리디북스(이벤트)::범죄자의 일상생활::109330 || 스낵북(알에스)::범죄자의 일상생활::109330,동일 정제키 지급정산이 다른 채널에는 있음. 해당 판매채널 지급정산을 만들지 판단
타채널_exact,타채널 exact 지급정산 보강 판단,4,웹소설 하이북,코드네임사신,1,코드네임 사신,카카오페이지(소설)::코드네임 사신::160310 || Yes24(서점)::코드네임 사신::160310 || 모픽(mofic)::코드네임 사신::160310 || 미스터블루(소설)::코드네임 사신::160310 || 스낵북(알에스)::코드네임 사신::160310,동일 정제키 지급정산이 다른 채널에는 있음. 해당 판매채널 지급정산을 만들지 판단
타채널_exact,타채널 exact 지급정산 보강 판단,4,웹소설 하이북,코인게이트를열었다,1,코인 게이트를 열었다,윌라(전자책)::코인게이트를열었다::247429 || 교보문고(소설)::코인게이트를열었다::247429 || 미소설::코인게이트를열었다::247429 || 미스터블루(소설)::코인게이트를열었다::247429 || 판무림::코인게이트를열었다::247429,동일 정제키 지급정산이 다른 채널에는 있음. 해당 판매채널 지급정산을 만들지 판단
타채널_exact,타채널 exact 지급정산 보강 판단,4,웹소설 하이북,호협천추,1,호협천추 [단행본],한아름(P000003716)::[연재]호협천추::110307 || 네이버_연재::호협천추::116350 || 카카오페이지(소설)::호협천추::116350 || 리디북스(소설)::[연재]호협천추::110307 || 한아름(P000003716)::호협천추::116350,동일 정제키 지급정산이 다른 채널에는 있음. 해당 판매채널 지급정산을 만들지 판단
타채널_exact,타채널 exact 지급정산 보강 판단,4,윌라(전자책),외도전설마법소녀조교기,1,외도 전설 마법소녀 조교기 3,밀리의 서재::외도 전설 -마법소녀 조교기-::107829 || 블라이스_일반결제::외도 전설 -마법소녀 조교기-::107829 || 미스터블루(소설)::외도 전설 -마법소녀 조교기-::107829 || 구글(소설)::외도 전설 -마법소녀 조교기-::107829 || 알라딘(소설)(1068659313)::외도 전설 -마법소녀 조교기-::107829,동일 정제키 지급정산이 다른 채널에는 있음. 해당 판매채널 지급정산을 만들지 판단
타채널_exact,타채널 exact 지급정산 보강 판단,4,윌라(전자책),중력술사아스께끼맨,1,중력술사 아스께끼맨 1,밀리의 서재::중력술사 아스께끼맨::247247 || 미스터블루(소설)::중력술사 아스께끼맨::247247 || 스낵북(알에스)::중력술사 아스께끼맨::247247 || 웹소설 하이북::중력술사 아스께끼맨::247247 || 원스토어(소설)::중력술사 아스께끼맨::247247,동일 정제키 지급정산이 다른 채널에는 있음. 해당 판매채널 지급정산을 만들지 판단
타채널_exact,타채널 exact 지급정산 보강 판단,4,윌라(전자책),패배용사약골용사의에로대모험,1,패배 용사  약골 용사의 에로 대모험! 2,밀리의 서재::패배 용사 - 약골 용사의 에로 대모험!::107845 || 블라이스_일반결제::패배 용사 - 약골 용사의 에로 대모험!::107845 || 구글(소설)::패배 용사 - 약골 용사의 에로 대모험!::107845 || 알라딘(소설)(1068659313)::패배 용사 - 약골 용사의 에로 대모험!::107845 || 한아름(P000003716)::패배 용사 - 약골 용사의 에로 대모험!::107845,동일 정제키 지급정산이 다른 채널에는 있음. 해당 판매채널 지급정산을 만들지 판단
타채널_exact,타채널 exact 지급정산 보강 판단,4,조아라(소설),신체가강화됨,1,신체가 강화됨 (단행본),Yes24(서점)::신체가 강화됨::107764 || 네이버_연재::신체가 강화됨::107764 || 윌라(전자책)::신체가 강화됨::107764 || 윌라(오디오북)::신체가 강화됨::107764 || 밀리의 서재::신체가 강화됨::107764,동일 정제키 지급정산이 다른 채널에는 있음. 해당 판매채널 지급정산을 만들지 판단
타채널_exact,타채널 exact 지급정산 보강 판단,4,조아라(소설),아빠의게임,1,아빠의 게임,카카오페이지(소설)::아빠의 게임::110470 || 윌라(오디오북)::아빠의 게임::110470,동일 정제키 지급정산이 다른 채널에는 있음. 해당 판매채널 지급정산을 만들지 판단
타채널_exact,타채널 exact 지급정산 보강 판단,4,조아라(소설),아이돌매니저가변태사진사임,1,아이돌 매니저가 변태 사진사임 (단행본),밀리의 서재::아이돌 매니저가 변태 사진사임::247090 || 한아름(P000003716)::아이돌 매니저가 변태 사진사임::247090 || 구글(소설)::아이돌 매니저가 변태 사진사임::247090 || 미스터블루(소설)::아이돌 매니저가 변태 사진사임::247090 || 네이버_장르::아이돌 매니저가 변태 사진사임::247090,동일 정제키 지급정산이 다른 채널에는 있음. 해당 판매채널 지급정산을 만들지 판단
타채널_exact,타채널 exact 지급정산 보강 판단,4,조아라(소설),아포칼립스의유일한플레이어,1,아포칼립스의 유일한 플레이어 (단행본),카카오페이지(소설)::아포칼립스의 유일한 플레이어::308483,동일 정제키 지급정산이 다른 채널에는 있음. 해당 판매채널 지급정산을 만들지 판단
타채널_exact,타채널 exact 지급정산 보강 판단,4,조아라(소설),핵무기도만들어드릴까요,1,핵무기도 만들어 드릴까요?,문피아::핵무기도 만들어 드릴까요?::110907 || 카카오페이지(선투자)::핵무기도 만들어 드릴까요?::110907,동일 정제키 지급정산이 다른 채널에는 있음. 해당 판매채널 지급정산을 만들지 판단
타채널_exact,타채널 exact 지급정산 보강 판단,4,카카오페이지(소설),교수님과하룻밤을보낼거야,1,교수님과 하룻밤을 보낼 거야[단독선공개],리디북스(소설)::교수님과 하룻밤을 보낼 거야::323852,동일 정제키 지급정산이 다른 채널에는 있음. 해당 판매채널 지급정산을 만들지 판단
타채널_exact,타채널 exact 지급정산 보강 판단,4,큐툰(소설 서비스),인더프라이빗룸,1,인 더 프라이빗 룸(In The Private Room),로망띠끄::인 더 프라이빗 룸(In The Private Room) 외전1::115084 || 로망띠끄::인 더 프라이빗 룸(In The Private Room) 외전2::115085 || 원스토어(소설)::인 더 프라이빗 룸(In The Private Room) 외전2::115085 || 원스토어(소설)::인 더 프라이빗 룸(In The Private Room) 외전1::115084 || Yes24(서점)::인 더 프라이빗 룸(In The Private Room) 외전2::115085,동일 정제키 지급정산이 다른 채널에는 있음. 해당 판매채널 지급정산을 만들지 판단
타채널_exact,타채널 exact 지급정산 보강 판단,4,판무림,섹스로지배한다,1,섹스로 지배한다,밀리의 서재::섹스로 지배한다::107814 || 구글(소설)::섹스로 지배한다::107814 || 윌라(전자책)::섹스로 지배한다::107814 || 미스터블루(소설)::섹스로 지배한다::107814 || 한아름(P000003716)::섹스로 지배한다::107814,동일 정제키 지급정산이 다른 채널에는 있음. 해당 판매채널 지급정산을 만들지 판단
타채널_exact,타채널 exact 지급정산 보강 판단,4,판무림,수를읽는남자세상을바꾸는컨설턴트,1,수를 읽는 남자 : 세상을 바꾸는 컨설턴트,문피아::수를 읽는 남자 : 세상을 바꾸는 컨설턴트::107817 || 네이버_장르::수를 읽는 남자 : 세상을 바꾸는 컨설턴트::107817 || 스낵북(알에스)::수를 읽는 남자 : 세상을 바꾸는 컨설턴트::107817 || 블라이스_일반결제::수를 읽는 남자 : 세상을 바꾸는 컨설턴트::107817 || 카카오페이지(창작지원금)::수를 읽는 남자 : 세상을 바꾸는 컨설턴트::107817,동일 정제키 지급정산이 다른 채널에는 있음. 해당 판매채널 지급정산을 만들지 판단
타채널_exact,타채널 exact 지급정산 보강 판단,4,한아름(P000003716),검무흔,1,검무흔(개정판. 무삭제본),스토린랩(원스토어)::[연재] 검무흔(개정판. 무삭제본)::109362 || 미스터블루(소설)::[연재] 검무흔(개정판. 무삭제본)::109362 || 구글(소설)::[연재] 검무흔(개정판. 무삭제본)::109362 || 웹소설 하이북::[연재] 검무흔(개정판. 무삭제본)::109362 || 미소설::[연재] 검무흔(개정판. 무삭제본)::109362,동일 정제키 지급정산이 다른 채널에는 있음. 해당 판매채널 지급정산을 만들지 판단
타채널_exact,타채널 exact 지급정산 보강 판단,4,한아름(P000003716),골때리는엄마들,1,골 때리는 엄마들,리디북스(이벤트)::골 때리는 엄마들::109322 || 네이버_장르(광고수익)::골 때리는 엄마들::109322 || 알라딘(소설)(1068659313)::골 때리는 엄마들::109322 || 블라이스 셀렉트::골 때리는 엄마들::109322 || 리디북스(소설)::골 때리는 엄마들::109322,동일 정제키 지급정산이 다른 채널에는 있음. 해당 판매채널 지급정산을 만들지 판단
타채널_exact,타채널 exact 지급정산 보강 판단,4,한아름(P000003716),홀로서기,1,홀로서기,로망띠끄::홀로서기(개정판)::116362,동일 정제키 지급정산이 다른 채널에는 있음. 해당 판매채널 지급정산을 만들지 판단
타채널_exact,타채널 exact 지급정산 보강 판단,4,한아름(P000003716),황성고검,1,황성고검,미스터블루(소설)::황성고검::116443 || 웹소설 하이북::황성고검::116443,동일 정제키 지급정산이 다른 채널에는 있음. 해당 판매채널 지급정산을 만들지 판단
S2_전체없음,S2 신규/진짜없음 판단,5,리디북스(소설),독식하는재벌세,778,[e북]독식하는 재벌 3세 2권 | [e북]독식하는 재벌 3세 3권 | [e북]독식하는 재벌 3세 4권 | [e북]독식하는 재벌 3세 5권 | [e북]독식하는 재벌 3세 6권 | [e북]독식하는 재벌 3세 7권,,"S2 지급정산 lookup 전체에서 같은 정제키 없음. 실제로 신규 지급정산 생성 대상인지, 또는 no-action/정산 제외인지 판단"
S2_전체없음,S2 신규/진짜없음 판단,5,원스토어(소설),독식하는재벌세,687,독식하는 재벌 3세,,"S2 지급정산 lookup 전체에서 같은 정제키 없음. 실제로 신규 지급정산 생성 대상인지, 또는 no-action/정산 제외인지 판단"
S2_전체없음,S2 신규/진짜없음 판단,5,리디북스(소설),아이돌공략법으로데뷔합니다,324,아이돌 공략법으로 데뷔합니다 130화 | 아이돌 공략법으로 데뷔합니다 131화 | 아이돌 공략법으로 데뷔합니다 101화 | 아이돌 공략법으로 데뷔합니다 102화 | 아이돌 공략법으로 데뷔합니다 103화 | 아이돌 공략법으로 데뷔합니다 104화,,"S2 지급정산 lookup 전체에서 같은 정제키 없음. 실제로 신규 지급정산 생성 대상인지, 또는 no-action/정산 제외인지 판단"
S2_전체없음,S2 신규/진짜없음 판단,5,원스토어(소설),ex급만능사제가되었다,313,EX급 만능사제가 되었다,,"S2 지급정산 lookup 전체에서 같은 정제키 없음. 실제로 신규 지급정산 생성 대상인지, 또는 no-action/정산 제외인지 판단"
S2_전체없음,S2 신규/진짜없음 판단,5,리디북스(소설),ex급만능사제가되었다,187,EX급 만능사제가 되었다 27화 | EX급 만능사제가 되었다 28화 | EX급 만능사제가 되었다 29화 | EX급 만능사제가 되었다 30화 | EX급 만능사제가 되었다 31화 | EX급 만능사제가 되었다 32화,,"S2 지급정산 lookup 전체에서 같은 정제키 없음. 실제로 신규 지급정산 생성 대상인지, 또는 no-action/정산 제외인지 판단"
S2_전체없음,S2 신규/진짜없음 판단,5,리디북스(소설),sm클럽암캐가된여자들,180,[e북]SM클럽 -암캐가 된 여자들- 2권 | [e북]SM클럽 -암캐가 된 여자들- 3권 | [e북]SM클럽 -암캐가 된 여자들- 4권 | [e북]SM클럽 -암캐가 된 여자들- 5권 | SM클럽 -암캐가 된 여자들- 268화 | SM클럽 -암캐가 된 여자들- 266화,,"S2 지급정산 lookup 전체에서 같은 정제키 없음. 실제로 신규 지급정산 생성 대상인지, 또는 no-action/정산 제외인지 판단"
S2_전체없음,S2 신규/진짜없음 판단,5,원스토어(소설),다따먹점혈법,176,다따먹점혈법,,"S2 지급정산 lookup 전체에서 같은 정제키 없음. 실제로 신규 지급정산 생성 대상인지, 또는 no-action/정산 제외인지 판단"
S2_전체없음,S2 신규/진짜없음 판단,5,리디북스(소설),사립루레인학원시리즈,151,사립 루레인 학원 시리즈 152화 | 사립 루레인 학원 시리즈 153화 | 사립 루레인 학원 시리즈 154화 | 사립 루레인 학원 시리즈 155화 | 사립 루레인 학원 시리즈 156화 | 사립 루레인 학원 시리즈 157화,,"S2 지급정산 lookup 전체에서 같은 정제키 없음. 실제로 신규 지급정산 생성 대상인지, 또는 no-action/정산 제외인지 판단"
S2_전체없음,S2 신규/진짜없음 판단,5,Yes24(서점),악작현대au,106,[BL] 악작 현대AU 특별외전 | [BL] 악작 현대AU (외전),,"S2 지급정산 lookup 전체에서 같은 정제키 없음. 실제로 신규 지급정산 생성 대상인지, 또는 no-action/정산 제외인지 판단"
S2_전체없음,S2 신규/진짜없음 판단,5,판무림,다따먹점혈법,77,다따먹점혈법,,"S2 지급정산 lookup 전체에서 같은 정제키 없음. 실제로 신규 지급정산 생성 대상인지, 또는 no-action/정산 제외인지 판단"
S2_전체없음,S2 신규/진짜없음 판단,5,북큐브(소설),독식하는재벌세,49,독식하는 재벌 3세 10 | 독식하는 재벌 3세 11 | 독식하는 재벌 3세 12 | 독식하는 재벌 3세 13 | 독식하는 재벌 3세 14 | 독식하는 재벌 3세 15,,"S2 지급정산 lookup 전체에서 같은 정제키 없음. 실제로 신규 지급정산 생성 대상인지, 또는 no-action/정산 제외인지 판단"
S2_전체없음,S2 신규/진짜없음 판단,5,한아름(P000003716),다따먹점혈법,48,[연재] 다따먹점혈법,,"S2 지급정산 lookup 전체에서 같은 정제키 없음. 실제로 신규 지급정산 생성 대상인지, 또는 no-action/정산 제외인지 판단"
S2_전체없음,S2 신규/진짜없음 판단,5,리디북스(소설),보수적이라며팬티는왜벗어,36,보수적이라며 팬티는 왜 벗어? 17화 | 보수적이라며 팬티는 왜 벗어? 18화 | 보수적이라며 팬티는 왜 벗어? 19화 | 보수적이라며 팬티는 왜 벗어? 20화 | 보수적이라며 팬티는 왜 벗어? 21화 | 보수적이라며 팬티는 왜 벗어? 22화,,"S2 지급정산 lookup 전체에서 같은 정제키 없음. 실제로 신규 지급정산 생성 대상인지, 또는 no-action/정산 제외인지 판단"
S2_전체없음,S2 신규/진짜없음 판단,5,교보문고(소설),금검지,13,금검지 12 | 금검지 1 | 금검지 2 | 금검지 3 | 금검지 4 | 금검지 5,,"S2 지급정산 lookup 전체에서 같은 정제키 없음. 실제로 신규 지급정산 생성 대상인지, 또는 no-action/정산 제외인지 판단"
S2_전체없음,S2 신규/진짜없음 판단,5,원스토어(소설),시간의마에스트로,10,시간의 마에스트로,,"S2 지급정산 lookup 전체에서 같은 정제키 없음. 실제로 신규 지급정산 생성 대상인지, 또는 no-action/정산 제외인지 판단"
S2_전체없음,S2 신규/진짜없음 판단,5,교보문고(소설),소설황당무계,9,소설 황당무계 1 | 소설 황당무계 2 | 소설 황당무계 3 | 소설 황당무계 4 | 소설 황당무계 5 | 소설 황당무계 6,,"S2 지급정산 lookup 전체에서 같은 정제키 없음. 실제로 신규 지급정산 생성 대상인지, 또는 no-action/정산 제외인지 판단"
S2_전체없음,S2 신규/진짜없음 판단,5,원스토어(소설),sm클럽암캐가된여자들,9,SM클럽 -암캐가 된 여자들-,,"S2 지급정산 lookup 전체에서 같은 정제키 없음. 실제로 신규 지급정산 생성 대상인지, 또는 no-action/정산 제외인지 판단"
S2_전체없음,S2 신규/진짜없음 판단,5,밀리의 서재,사이코패스살인마는살고싶다,8,사이코패스 살인마는 살고 싶다,,"S2 지급정산 lookup 전체에서 같은 정제키 없음. 실제로 신규 지급정산 생성 대상인지, 또는 no-action/정산 제외인지 판단"
S2_전체없음,S2 신규/진짜없음 판단,5,카카오페이지(선투자),연봉조신입사원,8,연봉 1조 신입사원,,"S2 지급정산 lookup 전체에서 같은 정제키 없음. 실제로 신규 지급정산 생성 대상인지, 또는 no-action/정산 제외인지 판단"
S2_전체없음,S2 신규/진짜없음 판단,5,교보문고(소설),소림대협,7,소림대협 1 | 소림대협 2 | 소림대협 3 | 소림대협 4 | 소림대협 5 | 소림대협 6,,"S2 지급정산 lookup 전체에서 같은 정제키 없음. 실제로 신규 지급정산 생성 대상인지, 또는 no-action/정산 제외인지 판단"
S2_전체없음,S2 신규/진짜없음 판단,5,구글(소설),망한세상에서나혼자각성,7,망한 세상에서 나 혼자 각성 1권 | 망한 세상에서 나 혼자 각성 2권 | 망한 세상에서 나 혼자 각성 3권 | 망한 세상에서 나 혼자 각성 4권 | 망한 세상에서 나 혼자 각성 5권 | 망한 세상에서 나 혼자 각성 6권,,"S2 지급정산 lookup 전체에서 같은 정제키 없음. 실제로 신규 지급정산 생성 대상인지, 또는 no-action/정산 제외인지 판단"
S2_전체없음,S2 신규/진짜없음 판단,5,한아름(P000003716),무유지,7,무유지,,"S2 지급정산 lookup 전체에서 같은 정제키 없음. 실제로 신규 지급정산 생성 대상인지, 또는 no-action/정산 제외인지 판단"
S2_전체없음,S2 신규/진짜없음 판단,5,교보문고(소설),악작현대au,6,악작. 현대AU 외전 | 악작. 현대AU 특별외전,,"S2 지급정산 lookup 전체에서 같은 정제키 없음. 실제로 신규 지급정산 생성 대상인지, 또는 no-action/정산 제외인지 판단"
S2_전체없음,S2 신규/진짜없음 판단,5,구글(소설),보수적이라며팬티는왜벗어,6,보수적이라며 팬티는 왜 벗어? 1권,,"S2 지급정산 lookup 전체에서 같은 정제키 없음. 실제로 신규 지급정산 생성 대상인지, 또는 no-action/정산 제외인지 판단"
S2_전체없음,S2 신규/진짜없음 판단,5,밀리의 서재,망한세상에서나혼자각성,6,망한 세상에서 나 혼자 각성,,"S2 지급정산 lookup 전체에서 같은 정제키 없음. 실제로 신규 지급정산 생성 대상인지, 또는 no-action/정산 제외인지 판단"
S2_전체없음,S2 신규/진짜없음 판단,5,원스토어(소설),독검,6,독검,,"S2 지급정산 lookup 전체에서 같은 정제키 없음. 실제로 신규 지급정산 생성 대상인지, 또는 no-action/정산 제외인지 판단"
S2_전체없음,S2 신규/진짜없음 판단,5,카카오페이지(소설),함부로동정하지말것,6,함부로 동정하지 말 것 [19세 완전판] | 함부로 동정하지 말 것,,"S2 지급정산 lookup 전체에서 같은 정제키 없음. 실제로 신규 지급정산 생성 대상인지, 또는 no-action/정산 제외인지 판단"
S2_전체없음,S2 신규/진짜없음 판단,5,교보문고(소설),용쟁혈투,5,용쟁혈투 1 | 용쟁혈투 2 | 용쟁혈투 3 | 용쟁혈투 4 | 용쟁혈투 5,,"S2 지급정산 lookup 전체에서 같은 정제키 없음. 실제로 신규 지급정산 생성 대상인지, 또는 no-action/정산 제외인지 판단"
S2_전체없음,S2 신규/진짜없음 판단,5,리디북스(소설),스피크오브더데블,5,[e북]스피크 오브 더 데블(Speak Of The Devil) 5권 (완결) | [e북]스피크 오브 더 데블(Speak Of The Devil) 4권 | [e북]스피크 오브 더 데블(Speak Of The Devil) 1권 | [e북]스피크 오브 더 데블(Speak Of The Devil) 2권 | [e북]스피크 오브 더 데블(Speak Of The Devil) 3권,,"S2 지급정산 lookup 전체에서 같은 정제키 없음. 실제로 신규 지급정산 생성 대상인지, 또는 no-action/정산 제외인지 판단"
S2_전체없음,S2 신규/진짜없음 판단,5,교보문고(소설),중원지,4,중원지 1 | 중원지 2 | 중원지 3 | 중원지 4,,"S2 지급정산 lookup 전체에서 같은 정제키 없음. 실제로 신규 지급정산 생성 대상인지, 또는 no-action/정산 제외인지 판단"
S2_전체없음,S2 신규/진짜없음 판단,5,리디북스(소설),망한세상에서나혼자각성,4,망한 세상에서 나 혼자 각성 1화 | 망한 세상에서 나 혼자 각성 2화 | 망한 세상에서 나 혼자 각성 3화 | 망한 세상에서 나 혼자 각성 4화,,"S2 지급정산 lookup 전체에서 같은 정제키 없음. 실제로 신규 지급정산 생성 대상인지, 또는 no-action/정산 제외인지 판단"
S2_전체없음,S2 신규/진짜없음 판단,5,윌라(전자책),보수적이라며팬티는왜벗어,4,보수적이라며 팬티는 왜 벗어? 1 | 보수적이라며 팬티는 왜 벗어? 2 | 보수적이라며 팬티는 왜 벗어? 3 | 보수적이라며 팬티는 왜 벗어? 4,,"S2 지급정산 lookup 전체에서 같은 정제키 없음. 실제로 신규 지급정산 생성 대상인지, 또는 no-action/정산 제외인지 판단"
S2_전체없음,S2 신규/진짜없음 판단,5,카카오페이지(선투자),월드스타가될운명입니다,4,월드스타가 될 운명입니다,,"S2 지급정산 lookup 전체에서 같은 정제키 없음. 실제로 신규 지급정산 생성 대상인지, 또는 no-action/정산 제외인지 판단"
S2_전체없음,S2 신규/진짜없음 판단,5,카카오페이지(소설),아이돌공략법으로데뷔합니다,4,아이돌 공략법으로 데뷔합니다,,"S2 지급정산 lookup 전체에서 같은 정제키 없음. 실제로 신규 지급정산 생성 대상인지, 또는 no-action/정산 제외인지 판단"
S2_전체없음,S2 신규/진짜없음 판단,5,판무림,검웅영제,4,검웅영제(무삭제 개정판),,"S2 지급정산 lookup 전체에서 같은 정제키 없음. 실제로 신규 지급정산 생성 대상인지, 또는 no-action/정산 제외인지 판단"
S2_전체없음,S2 신규/진짜없음 판단,5,판무림,천의역근참수기,4,천의역근참수기,,"S2 지급정산 lookup 전체에서 같은 정제키 없음. 실제로 신규 지급정산 생성 대상인지, 또는 no-action/정산 제외인지 판단"
S2_전체없음,S2 신규/진짜없음 판단,5,한아름(P000003716),검,4,검(劍),,"S2 지급정산 lookup 전체에서 같은 정제키 없음. 실제로 신규 지급정산 생성 대상인지, 또는 no-action/정산 제외인지 판단"
S2_전체없음,S2 신규/진짜없음 판단,5,한아름(P000003716),금검지,4,금검지,,"S2 지급정산 lookup 전체에서 같은 정제키 없음. 실제로 신규 지급정산 생성 대상인지, 또는 no-action/정산 제외인지 판단"
S2_전체없음,S2 신규/진짜없음 판단,5,구글(소설),검,3,검(劍) 1권,,"S2 지급정산 lookup 전체에서 같은 정제키 없음. 실제로 신규 지급정산 생성 대상인지, 또는 no-action/정산 제외인지 판단"
S2_전체없음,S2 신규/진짜없음 판단,5,구글(소설),독식하는재벌세,3,[10%할인] 독식하는 재벌 3세 2권 | 독식하는 재벌 3세 1권,,"S2 지급정산 lookup 전체에서 같은 정제키 없음. 실제로 신규 지급정산 생성 대상인지, 또는 no-action/정산 제외인지 판단"
S2_전체없음,S2 신규/진짜없음 판단,5,카카오페이지(선투자),rpg시티,3,RPG시티[완결],,"S2 지급정산 lookup 전체에서 같은 정제키 없음. 실제로 신규 지급정산 생성 대상인지, 또는 no-action/정산 제외인지 판단"
S2_전체없음,S2 신규/진짜없음 판단,5,카카오페이지(소설),사립루레인학원시리즈,3,사립루레인학원 시리즈,,"S2 지급정산 lookup 전체에서 같은 정제키 없음. 실제로 신규 지급정산 생성 대상인지, 또는 no-action/정산 제외인지 판단"
S2_전체없음,S2 신규/진짜없음 판단,5,판무림,독식하는재벌세,3,독식하는 재벌 3세,,"S2 지급정산 lookup 전체에서 같은 정제키 없음. 실제로 신규 지급정산 생성 대상인지, 또는 no-action/정산 제외인지 판단"
S2_전체없음,S2 신규/진짜없음 판단,5,판무림,팔왕예조,3,팔왕예조,,"S2 지급정산 lookup 전체에서 같은 정제키 없음. 실제로 신규 지급정산 생성 대상인지, 또는 no-action/정산 제외인지 판단"
S2_전체없음,S2 신규/진짜없음 판단,5,구글(소설),교시연애영역,2,[BL] 9교시 연애영역 1권,,"S2 지급정산 lookup 전체에서 같은 정제키 없음. 실제로 신규 지급정산 생성 대상인지, 또는 no-action/정산 제외인지 판단"
S2_전체없음,S2 신규/진짜없음 판단,5,구글(소설),내가키운용사가나에게집착한다,2,내가 키운 용사가 나에게 집착한다 1권,,"S2 지급정산 lookup 전체에서 같은 정제키 없음. 실제로 신규 지급정산 생성 대상인지, 또는 no-action/정산 제외인지 판단"
S2_전체없음,S2 신규/진짜없음 판단,5,구글(소설),집사와수상한계약을,2,[19금] 집사와 수상한 계약을 1권,,"S2 지급정산 lookup 전체에서 같은 정제키 없음. 실제로 신규 지급정산 생성 대상인지, 또는 no-action/정산 제외인지 판단"
S2_전체없음,S2 신규/진짜없음 판단,5,구글(소설),혈무연,2,[10%할인] 혈무연 1 | [10%할인] 혈무연 3 (완결),,"S2 지급정산 lookup 전체에서 같은 정제키 없음. 실제로 신규 지급정산 생성 대상인지, 또는 no-action/정산 제외인지 판단"
S2_전체없음,S2 신규/진짜없음 판단,5,무툰(소설 서비스),독식하는재벌세,2,독식하는 재벌 3세 | 독식하는 재벌 3세 [단행본],,"S2 지급정산 lookup 전체에서 같은 정제키 없음. 실제로 신규 지급정산 생성 대상인지, 또는 no-action/정산 제외인지 판단"
S2_전체없음,S2 신규/진짜없음 판단,5,미스터블루(소설),독식하는재벌세,2,독식하는 재벌 3세 | 독식하는 재벌 3세 [단행본],,"S2 지급정산 lookup 전체에서 같은 정제키 없음. 실제로 신규 지급정산 생성 대상인지, 또는 no-action/정산 제외인지 판단"
S2_전체없음,S2 신규/진짜없음 판단,5,알라딘(소설)(1068659313),메소드로맨스웹툰출간기념수인메소드비스트로맨스,2,[BL] 메소드 로맨스 (개정판) 웹툰 출간 기념 수인 외전: 메소드 비스트 로맨스,,"S2 지급정산 lookup 전체에서 같은 정제키 없음. 실제로 신규 지급정산 생성 대상인지, 또는 no-action/정산 제외인지 판단"
S2_전체없음,S2 신규/진짜없음 판단,5,에피루스 이북클럽(B2C),망한세상에서나혼자각성,2,망한 세상에서 나 혼자 각성 2 | 망한 세상에서 나 혼자 각성 3,,"S2 지급정산 lookup 전체에서 같은 정제키 없음. 실제로 신규 지급정산 생성 대상인지, 또는 no-action/정산 제외인지 판단"
S2_전체없음,S2 신규/진짜없음 판단,5,웹소설 하이북,검웅영제,2,검웅영제(무삭제 개정판) | 검웅영제(무삭제 개정판) [단행본],,"S2 지급정산 lookup 전체에서 같은 정제키 없음. 실제로 신규 지급정산 생성 대상인지, 또는 no-action/정산 제외인지 판단"
S2_전체없음,S2 신규/진짜없음 판단,5,판무림,보수적이라며팬티는왜벗어,2,보수적이라며 팬티는 왜 벗어?,,"S2 지급정산 lookup 전체에서 같은 정제키 없음. 실제로 신규 지급정산 생성 대상인지, 또는 no-action/정산 제외인지 판단"
S2_전체없음,S2 신규/진짜없음 판단,5,한아름(P000003716),색녀,2,색녀,,"S2 지급정산 lookup 전체에서 같은 정제키 없음. 실제로 신규 지급정산 생성 대상인지, 또는 no-action/정산 제외인지 판단"
S2_전체없음,S2 신규/진짜없음 판단,5,한아름(P000003716),태양천자,2,태양천자,,"S2 지급정산 lookup 전체에서 같은 정제키 없음. 실제로 신규 지급정산 생성 대상인지, 또는 no-action/정산 제외인지 판단"
S2_전체없음,S2 신규/진짜없음 판단,5,Yes24(서점),메소드로맨스메소드비스트로맨스,1,[BL] 메소드 로맨스 (웹툰 출간 기념 수인 외전) : 메소드 비스트 로맨스,,"S2 지급정산 lookup 전체에서 같은 정제키 없음. 실제로 신규 지급정산 생성 대상인지, 또는 no-action/정산 제외인지 판단"
S2_전체없음,S2 신규/진짜없음 판단,5,교보문고(소설),메소드로맨스메소드비스트로맨스,1,메소드 로맨스(개정판). 외전 : 메소드 비스트 로맨스,,"S2 지급정산 lookup 전체에서 같은 정제키 없음. 실제로 신규 지급정산 생성 대상인지, 또는 no-action/정산 제외인지 판단"
S2_전체없음,S2 신규/진짜없음 판단,5,교보문고(소설),무유지,1,무유지 8,,"S2 지급정산 lookup 전체에서 같은 정제키 없음. 실제로 신규 지급정산 생성 대상인지, 또는 no-action/정산 제외인지 판단"
S2_전체없음,S2 신규/진짜없음 판단,5,교보문고(소설),협골단심,1,협골단심 1,,"S2 지급정산 lookup 전체에서 같은 정제키 없음. 실제로 신규 지급정산 생성 대상인지, 또는 no-action/정산 제외인지 판단"
S2_전체없음,S2 신규/진짜없음 판단,5,구글(소설),너의빛깔너의향기,1,[BL] 너의 빛깔 너의 향기 1권,,"S2 지급정산 lookup 전체에서 같은 정제키 없음. 실제로 신규 지급정산 생성 대상인지, 또는 no-action/정산 제외인지 판단"
S2_전체없음,S2 신규/진짜없음 판단,5,구글(소설),"년의실종,재회그리고",1,[19금] 4년의 실종， 재회 그리고 1권,,"S2 지급정산 lookup 전체에서 같은 정제키 없음. 실제로 신규 지급정산 생성 대상인지, 또는 no-action/정산 제외인지 판단"
S2_전체없음,S2 신규/진짜없음 판단,5,구글(소설),달달물이라며,1,[BL] 달달물이라며 1권,,"S2 지급정산 lookup 전체에서 같은 정제키 없음. 실제로 신규 지급정산 생성 대상인지, 또는 no-action/정산 제외인지 판단"
S2_전체없음,S2 신규/진짜없음 판단,5,구글(소설),붉은심장에올라탄중사,1,[19금] 붉은 심장에 올라탄 중사 1권,,"S2 지급정산 lookup 전체에서 같은 정제키 없음. 실제로 신규 지급정산 생성 대상인지, 또는 no-action/정산 제외인지 판단"
S2_전체없음,S2 신규/진짜없음 판단,5,구글(소설),세명의병신과나,1,[19금] 세 명의 병신과 나 1권,,"S2 지급정산 lookup 전체에서 같은 정제키 없음. 실제로 신규 지급정산 생성 대상인지, 또는 no-action/정산 제외인지 판단"
S2_전체없음,S2 신규/진짜없음 판단,5,구글(소설),오래전에,1,[BL] 오래전에 1권,,"S2 지급정산 lookup 전체에서 같은 정제키 없음. 실제로 신규 지급정산 생성 대상인지, 또는 no-action/정산 제외인지 판단"
S2_전체없음,S2 신규/진짜없음 판단,5,구글(소설),하룻밤의유희,1,[BL] 하룻밤의 유희 1권,,"S2 지급정산 lookup 전체에서 같은 정제키 없음. 실제로 신규 지급정산 생성 대상인지, 또는 no-action/정산 제외인지 판단"
S2_전체없음,S2 신규/진짜없음 판단,5,네이버_연재,ex급만능사제가되었다,1,EX급 만능사제가 되었다,,"S2 지급정산 lookup 전체에서 같은 정제키 없음. 실제로 신규 지급정산 생성 대상인지, 또는 no-action/정산 제외인지 판단"
S2_전체없음,S2 신규/진짜없음 판단,5,네이버_연재,sm클럽암캐가된여자들,1,SM클럽 -암캐가 된 여자들-,,"S2 지급정산 lookup 전체에서 같은 정제키 없음. 실제로 신규 지급정산 생성 대상인지, 또는 no-action/정산 제외인지 판단"
S2_전체없음,S2 신규/진짜없음 판단,5,네이버_연재,고인물무림에가다,1,"고인물, 무림에 가다 [독점]",,"S2 지급정산 lookup 전체에서 같은 정제키 없음. 실제로 신규 지급정산 생성 대상인지, 또는 no-action/정산 제외인지 판단"
S2_전체없음,S2 신규/진짜없음 판단,5,네이버_연재,다따먹점혈법,1,다따먹점혈법,,"S2 지급정산 lookup 전체에서 같은 정제키 없음. 실제로 신규 지급정산 생성 대상인지, 또는 no-action/정산 제외인지 판단"
S2_전체없음,S2 신규/진짜없음 판단,5,네이버_연재,독식하는재벌세,1,독식하는 재벌 3세,,"S2 지급정산 lookup 전체에서 같은 정제키 없음. 실제로 신규 지급정산 생성 대상인지, 또는 no-action/정산 제외인지 판단"
S2_전체없음,S2 신규/진짜없음 판단,5,네이버_연재,망한세상에서나혼자각성,1,망한 세상에서 나 혼자 각성,,"S2 지급정산 lookup 전체에서 같은 정제키 없음. 실제로 신규 지급정산 생성 대상인지, 또는 no-action/정산 제외인지 판단"
S2_전체없음,S2 신규/진짜없음 판단,5,네이버_연재,아이돌공략법으로데뷔합니다,1,아이돌 공략법으로 데뷔합니다 [독점],,"S2 지급정산 lookup 전체에서 같은 정제키 없음. 실제로 신규 지급정산 생성 대상인지, 또는 no-action/정산 제외인지 판단"
S2_전체없음,S2 신규/진짜없음 판단,5,네이버_장르,만강홍,1,만강홍 [단행본],,"S2 지급정산 lookup 전체에서 같은 정제키 없음. 실제로 신규 지급정산 생성 대상인지, 또는 no-action/정산 제외인지 판단"
S2_전체없음,S2 신규/진짜없음 판단,5,네이버_장르,망한세상에서나혼자각성,1,망한 세상에서 나 혼자 각성 [단행본],,"S2 지급정산 lookup 전체에서 같은 정제키 없음. 실제로 신규 지급정산 생성 대상인지, 또는 no-action/정산 제외인지 판단"
S2_전체없음,S2 신규/진짜없음 판단,5,네이버_장르,베스트단편추리소설걸작선,1,베스트 단편추리소설 걸작선,,"S2 지급정산 lookup 전체에서 같은 정제키 없음. 실제로 신규 지급정산 생성 대상인지, 또는 no-action/정산 제외인지 판단"
S2_전체없음,S2 신규/진짜없음 판단,5,네이버_장르,십교종사,1,십교종사 [단행본],,"S2 지급정산 lookup 전체에서 같은 정제키 없음. 실제로 신규 지급정산 생성 대상인지, 또는 no-action/정산 제외인지 판단"
S2_전체없음,S2 신규/진짜없음 판단,5,네이버_장르,조선명탐정정약용암행,1,조선명탐정 정약용-암행(暗行) [단행본],,"S2 지급정산 lookup 전체에서 같은 정제키 없음. 실제로 신규 지급정산 생성 대상인지, 또는 no-action/정산 제외인지 판단"
S2_전체없음,S2 신규/진짜없음 판단,5,네이버_장르,혈무연,1,혈무연 [단행본],,"S2 지급정산 lookup 전체에서 같은 정제키 없음. 실제로 신규 지급정산 생성 대상인지, 또는 no-action/정산 제외인지 판단"
S2_전체없음,S2 신규/진짜없음 판단,5,네이버_장르,혜정교살인사건,1,혜정교 살인사건 [단행본],,"S2 지급정산 lookup 전체에서 같은 정제키 없음. 실제로 신규 지급정산 생성 대상인지, 또는 no-action/정산 제외인지 판단"
S2_전체없음,S2 신규/진짜없음 판단,5,리디북스(소설),검,1,[e북]검(劍) 1,,"S2 지급정산 lookup 전체에서 같은 정제키 없음. 실제로 신규 지급정산 생성 대상인지, 또는 no-action/정산 제외인지 판단"
S2_전체없음,S2 신규/진짜없음 판단,5,리디북스(소설),고구마,1,고구마,,"S2 지급정산 lookup 전체에서 같은 정제키 없음. 실제로 신규 지급정산 생성 대상인지, 또는 no-action/정산 제외인지 판단"
S2_전체없음,S2 신규/진짜없음 판단,5,리디북스(소설),나비를잡는아버지,1,나비를 잡는 아버지,,"S2 지급정산 lookup 전체에서 같은 정제키 없음. 실제로 신규 지급정산 생성 대상인지, 또는 no-action/정산 제외인지 판단"
S2_전체없음,S2 신규/진짜없음 판단,5,리디북스(소설),망겜의고인물로살아남기프롤로그,1,망겜의 고인물로 살아남기 프롤로그,,"S2 지급정산 lookup 전체에서 같은 정제키 없음. 실제로 신규 지급정산 생성 대상인지, 또는 no-action/정산 제외인지 판단"
S2_전체없음,S2 신규/진짜없음 판단,5,리디북스(소설),메소드로맨스웹툰출간기념수인메소드비스트로맨스,1,[e북]개정판 | 메소드 로맨스 웹툰 출간 기념 수인 외전 : 메소드 비스트 로맨스,,"S2 지급정산 lookup 전체에서 같은 정제키 없음. 실제로 신규 지급정산 생성 대상인지, 또는 no-action/정산 제외인지 판단"
S2_전체없음,S2 신규/진짜없음 판단,5,리디북스(소설),보이즈돈크라이,1,[e북]보이즈 돈 크라이 (Boys don't cry) 1권,,"S2 지급정산 lookup 전체에서 같은 정제키 없음. 실제로 신규 지급정산 생성 대상인지, 또는 no-action/정산 제외인지 판단"
S2_전체없음,S2 신규/진짜없음 판단,5,리디북스(소설),유령의노래,1,[e북]유령의 노래,,"S2 지급정산 lookup 전체에서 같은 정제키 없음. 실제로 신규 지급정산 생성 대상인지, 또는 no-action/정산 제외인지 판단"
S2_전체없음,S2 신규/진짜없음 판단,5,모픽(mofic),망한세상에서나혼자각성,1,망한 세상에서 나 혼자 각성,,"S2 지급정산 lookup 전체에서 같은 정제키 없음. 실제로 신규 지급정산 생성 대상인지, 또는 no-action/정산 제외인지 판단"
S2_전체없음,S2 신규/진짜없음 판단,5,모픽(mofic),사이코패스살인마는살고싶다,1,사이코패스 살인마는 살고 싶다,,"S2 지급정산 lookup 전체에서 같은 정제키 없음. 실제로 신규 지급정산 생성 대상인지, 또는 no-action/정산 제외인지 판단"
S2_전체없음,S2 신규/진짜없음 판단,5,모픽(mofic),줍고보니괴담백서,1,줍고보니 괴담 백서,,"S2 지급정산 lookup 전체에서 같은 정제키 없음. 실제로 신규 지급정산 생성 대상인지, 또는 no-action/정산 제외인지 판단"
S2_전체없음,S2 신규/진짜없음 판단,5,무툰(소설 서비스),검,1,검(劍),,"S2 지급정산 lookup 전체에서 같은 정제키 없음. 실제로 신규 지급정산 생성 대상인지, 또는 no-action/정산 제외인지 판단"
S2_전체없음,S2 신규/진짜없음 판단,5,무툰(소설 서비스),검웅영제,1,검웅영제(무삭제 개정판),,"S2 지급정산 lookup 전체에서 같은 정제키 없음. 실제로 신규 지급정산 생성 대상인지, 또는 no-action/정산 제외인지 판단"
S2_전체없음,S2 신규/진짜없음 판단,5,무툰(소설 서비스),구룡겁,1,구룡겁,,"S2 지급정산 lookup 전체에서 같은 정제키 없음. 실제로 신규 지급정산 생성 대상인지, 또는 no-action/정산 제외인지 판단"
S2_전체없음,S2 신규/진짜없음 판단,5,무툰(소설 서비스),다따먹점혈법,1,다따먹점혈법,,"S2 지급정산 lookup 전체에서 같은 정제키 없음. 실제로 신규 지급정산 생성 대상인지, 또는 no-action/정산 제외인지 판단"
S2_전체없음,S2 신규/진짜없음 판단,5,무툰(소설 서비스),보수적이라며팬티는왜벗어,1,보수적이라며 팬티는 왜 벗어,,"S2 지급정산 lookup 전체에서 같은 정제키 없음. 실제로 신규 지급정산 생성 대상인지, 또는 no-action/정산 제외인지 판단"
S2_전체없음,S2 신규/진짜없음 판단,5,무툰(소설 서비스),삼랑소,1,삼랑소,,"S2 지급정산 lookup 전체에서 같은 정제키 없음. 실제로 신규 지급정산 생성 대상인지, 또는 no-action/정산 제외인지 판단"
S2_전체없음,S2 신규/진짜없음 판단,5,무툰(소설 서비스),천마겁,1,천마겁(무삭제본),,"S2 지급정산 lookup 전체에서 같은 정제키 없음. 실제로 신규 지급정산 생성 대상인지, 또는 no-action/정산 제외인지 판단"
S2_전체없음,S2 신규/진짜없음 판단,5,무툰(소설 서비스),천의역근참수기,1,천의역근참수기,,"S2 지급정산 lookup 전체에서 같은 정제키 없음. 실제로 신규 지급정산 생성 대상인지, 또는 no-action/정산 제외인지 판단"
S2_전체없음,S2 신규/진짜없음 판단,5,무툰(소설 서비스),칠기무제,1,칠기무제(무삭제 개정판),,"S2 지급정산 lookup 전체에서 같은 정제키 없음. 실제로 신규 지급정산 생성 대상인지, 또는 no-action/정산 제외인지 판단"
S2_전체없음,S2 신규/진짜없음 판단,5,무툰(소설 서비스),칠색무,1,칠색무,,"S2 지급정산 lookup 전체에서 같은 정제키 없음. 실제로 신규 지급정산 생성 대상인지, 또는 no-action/정산 제외인지 판단"
S2_전체없음,S2 신규/진짜없음 판단,5,무툰(소설 서비스),혈무연,1,혈무연,,"S2 지급정산 lookup 전체에서 같은 정제키 없음. 실제로 신규 지급정산 생성 대상인지, 또는 no-action/정산 제외인지 판단"
S2_전체없음,S2 신규/진짜없음 판단,5,문피아,ex급만능사제가되었다,1,EX급 만능사제가 되었다,,"S2 지급정산 lookup 전체에서 같은 정제키 없음. 실제로 신규 지급정산 생성 대상인지, 또는 no-action/정산 제외인지 판단"
S2_전체없음,S2 신규/진짜없음 판단,5,문피아,다따먹점혈법,1,다따먹점혈법,,"S2 지급정산 lookup 전체에서 같은 정제키 없음. 실제로 신규 지급정산 생성 대상인지, 또는 no-action/정산 제외인지 판단"
S2_전체없음,S2 신규/진짜없음 판단,5,문피아,독식하는재벌세,1,독식하는 재벌 3세 [D],,"S2 지급정산 lookup 전체에서 같은 정제키 없음. 실제로 신규 지급정산 생성 대상인지, 또는 no-action/정산 제외인지 판단"
S2_전체없음,S2 신규/진짜없음 판단,5,미소설,검웅영제,1,검웅영제 (무삭제 개정판),,"S2 지급정산 lookup 전체에서 같은 정제키 없음. 실제로 신규 지급정산 생성 대상인지, 또는 no-action/정산 제외인지 판단"
S2_전체없음,S2 신규/진짜없음 판단,5,미소설,다따먹점혈법,1,다따먹점혈법,,"S2 지급정산 lookup 전체에서 같은 정제키 없음. 실제로 신규 지급정산 생성 대상인지, 또는 no-action/정산 제외인지 판단"
S2_전체없음,S2 신규/진짜없음 판단,5,미소설,독식하는재벌세,1,독식하는 재벌 3세,,"S2 지급정산 lookup 전체에서 같은 정제키 없음. 실제로 신규 지급정산 생성 대상인지, 또는 no-action/정산 제외인지 판단"
S2_전체없음,S2 신규/진짜없음 판단,5,미소설,보수적이라며팬티는왜벗어,1,보수적이라며 팬티는 왜 벗어?,,"S2 지급정산 lookup 전체에서 같은 정제키 없음. 실제로 신규 지급정산 생성 대상인지, 또는 no-action/정산 제외인지 판단"
S2_전체없음,S2 신규/진짜없음 판단,5,미소설,칠기무제,1,칠기무제 (무삭제 개정판),,"S2 지급정산 lookup 전체에서 같은 정제키 없음. 실제로 신규 지급정산 생성 대상인지, 또는 no-action/정산 제외인지 판단"
S2_전체없음,S2 신규/진짜없음 판단,5,미스터블루(소설),ex급만능사제가되었다,1,EX급 만능사제가 되었다,,"S2 지급정산 lookup 전체에서 같은 정제키 없음. 실제로 신규 지급정산 생성 대상인지, 또는 no-action/정산 제외인지 판단"
S2_전체없음,S2 신규/진짜없음 판단,5,미스터블루(소설),lust,1,LUST [단행본],,"S2 지급정산 lookup 전체에서 같은 정제키 없음. 실제로 신규 지급정산 생성 대상인지, 또는 no-action/정산 제외인지 판단"
S2_전체없음,S2 신규/진짜없음 판단,5,미스터블루(소설),sm클럽암캐가된여자들,1,SM클럽 -암캐가 된 여자들-,,"S2 지급정산 lookup 전체에서 같은 정제키 없음. 실제로 신규 지급정산 생성 대상인지, 또는 no-action/정산 제외인지 판단"
S2_전체없음,S2 신규/진짜없음 판단,5,미스터블루(소설),검,1,검 [단행본],,"S2 지급정산 lookup 전체에서 같은 정제키 없음. 실제로 신규 지급정산 생성 대상인지, 또는 no-action/정산 제외인지 판단"
S2_전체없음,S2 신규/진짜없음 판단,5,미스터블루(소설),검은달의전설,1,검은 달의 전설 [단행본],,"S2 지급정산 lookup 전체에서 같은 정제키 없음. 실제로 신규 지급정산 생성 대상인지, 또는 no-action/정산 제외인지 판단"
S2_전체없음,S2 신규/진짜없음 판단,5,미스터블루(소설),검혼무,1,검혼무 [단행본],,"S2 지급정산 lookup 전체에서 같은 정제키 없음. 실제로 신규 지급정산 생성 대상인지, 또는 no-action/정산 제외인지 판단"
S2_전체없음,S2 신규/진짜없음 판단,5,미스터블루(소설),고검기,1,고검기 [단행본],,"S2 지급정산 lookup 전체에서 같은 정제키 없음. 실제로 신규 지급정산 생성 대상인지, 또는 no-action/정산 제외인지 판단"
S2_전체없음,S2 신규/진짜없음 판단,5,미스터블루(소설),고검사우객,1,고검사우객 [단행본],,"S2 지급정산 lookup 전체에서 같은 정제키 없음. 실제로 신규 지급정산 생성 대상인지, 또는 no-action/정산 제외인지 판단"
S2_전체없음,S2 신규/진짜없음 판단,5,미스터블루(소설),관능소설구멍,1,관능소설-구멍 (무삭제판) [단행본],,"S2 지급정산 lookup 전체에서 같은 정제키 없음. 실제로 신규 지급정산 생성 대상인지, 또는 no-action/정산 제외인지 판단"
S2_전체없음,S2 신규/진짜없음 판단,5,미스터블루(소설),광혈사혼무,1,광혈사혼무 [단행본],,"S2 지급정산 lookup 전체에서 같은 정제키 없음. 실제로 신규 지급정산 생성 대상인지, 또는 no-action/정산 제외인지 판단"
S2_전체없음,S2 신규/진짜없음 판단,5,미스터블루(소설),군,1,군 [단행본],,"S2 지급정산 lookup 전체에서 같은 정제키 없음. 실제로 신규 지급정산 생성 대상인지, 또는 no-action/정산 제외인지 판단"
S2_전체없음,S2 신규/진짜없음 판단,5,미스터블루(소설),그여자의숲,1,그 여자의 숲 [단행본],,"S2 지급정산 lookup 전체에서 같은 정제키 없음. 실제로 신규 지급정산 생성 대상인지, 또는 no-action/정산 제외인지 판단"
S2_전체없음,S2 신규/진짜없음 판단,5,미스터블루(소설),금검지,1,금검지 [단행본],,"S2 지급정산 lookup 전체에서 같은 정제키 없음. 실제로 신규 지급정산 생성 대상인지, 또는 no-action/정산 제외인지 판단"
S2_전체없음,S2 신규/진짜없음 판단,5,미스터블루(소설),금황,1,금황 [단행본],,"S2 지급정산 lookup 전체에서 같은 정제키 없음. 실제로 신규 지급정산 생성 대상인지, 또는 no-action/정산 제외인지 판단"
S2_전체없음,S2 신규/진짜없음 판단,5,미스터블루(소설),나쁜며느리,1,나쁜 며느리 [단행본],,"S2 지급정산 lookup 전체에서 같은 정제키 없음. 실제로 신규 지급정산 생성 대상인지, 또는 no-action/정산 제외인지 판단"
S2_전체없음,S2 신규/진짜없음 판단,5,미스터블루(소설),낙하산과클레오파트라,1,낙하산과 클레오파트라 [단행본],,"S2 지급정산 lookup 전체에서 같은 정제키 없음. 실제로 신규 지급정산 생성 대상인지, 또는 no-action/정산 제외인지 판단"
S2_전체없음,S2 신규/진짜없음 판단,5,미스터블루(소설),냉홍검,1,냉홍검 [단행본],,"S2 지급정산 lookup 전체에서 같은 정제키 없음. 실제로 신규 지급정산 생성 대상인지, 또는 no-action/정산 제외인지 판단"
S2_전체없음,S2 신규/진짜없음 판단,5,미스터블루(소설),뇌신혈,1,뇌신혈 [단행본],,"S2 지급정산 lookup 전체에서 같은 정제키 없음. 실제로 신규 지급정산 생성 대상인지, 또는 no-action/정산 제외인지 판단"
S2_전체없음,S2 신규/진짜없음 판단,5,미스터블루(소설),뇌전왕,1,뇌전왕 [단행본],,"S2 지급정산 lookup 전체에서 같은 정제키 없음. 실제로 신규 지급정산 생성 대상인지, 또는 no-action/정산 제외인지 판단"
S2_전체없음,S2 신규/진짜없음 판단,5,미스터블루(소설),다따먹점혈법,1,다따먹점혈법,,"S2 지급정산 lookup 전체에서 같은 정제키 없음. 실제로 신규 지급정산 생성 대상인지, 또는 no-action/정산 제외인지 판단"
S2_전체없음,S2 신규/진짜없음 판단,5,미스터블루(소설),달이가득차오를때,1,달이 가득 차오를 때 [단행본],,"S2 지급정산 lookup 전체에서 같은 정제키 없음. 실제로 신규 지급정산 생성 대상인지, 또는 no-action/정산 제외인지 판단"
S2_전체없음,S2 신규/진짜없음 판단,5,미스터블루(소설),대도란,1,대도란 [단행본],,"S2 지급정산 lookup 전체에서 같은 정제키 없음. 실제로 신규 지급정산 생성 대상인지, 또는 no-action/정산 제외인지 판단"
S2_전체없음,S2 신규/진짜없음 판단,5,미스터블루(소설),대상천하,1,대상천하 [단행본],,"S2 지급정산 lookup 전체에서 같은 정제키 없음. 실제로 신규 지급정산 생성 대상인지, 또는 no-action/정산 제외인지 판단"
S2_전체없음,S2 신규/진짜없음 판단,5,미스터블루(소설),더씨,1,더 씨 [단행본],,"S2 지급정산 lookup 전체에서 같은 정제키 없음. 실제로 신규 지급정산 생성 대상인지, 또는 no-action/정산 제외인지 판단"
S2_전체없음,S2 신규/진짜없음 판단,5,미스터블루(소설),더히어로즈,1,더 히어로즈 [단행본],,"S2 지급정산 lookup 전체에서 같은 정제키 없음. 실제로 신규 지급정산 생성 대상인지, 또는 no-action/정산 제외인지 판단"
S2_전체없음,S2 신규/진짜없음 판단,5,미스터블루(소설),도광사,1,도광사 [단행본],,"S2 지급정산 lookup 전체에서 같은 정제키 없음. 실제로 신규 지급정산 생성 대상인지, 또는 no-action/정산 제외인지 판단"
S2_전체없음,S2 신규/진짜없음 판단,5,미스터블루(소설),독검,1,독검 [단행본],,"S2 지급정산 lookup 전체에서 같은 정제키 없음. 실제로 신규 지급정산 생성 대상인지, 또는 no-action/정산 제외인지 판단"
S2_전체없음,S2 신규/진짜없음 판단,5,미스터블루(소설),마황,1,마황 [단행본],,"S2 지급정산 lookup 전체에서 같은 정제키 없음. 실제로 신규 지급정산 생성 대상인지, 또는 no-action/정산 제외인지 판단"
S2_전체없음,S2 신규/진짜없음 판단,5,미스터블루(소설),만약에,1,만약에 [단행본],,"S2 지급정산 lookup 전체에서 같은 정제키 없음. 실제로 신규 지급정산 생성 대상인지, 또는 no-action/정산 제외인지 판단"
S2_전체없음,S2 신규/진짜없음 판단,5,미스터블루(소설),무림귀공자,1,무림귀공자 [단행본],,"S2 지급정산 lookup 전체에서 같은 정제키 없음. 실제로 신규 지급정산 생성 대상인지, 또는 no-action/정산 제외인지 판단"
S2_전체없음,S2 신규/진짜없음 판단,5,미스터블루(소설),무림성,1,무림성 [단행본],,"S2 지급정산 lookup 전체에서 같은 정제키 없음. 실제로 신규 지급정산 생성 대상인지, 또는 no-action/정산 제외인지 판단"
S2_전체없음,S2 신규/진짜없음 판단,5,미스터블루(소설),무상검,1,무상검 [단행본],,"S2 지급정산 lookup 전체에서 같은 정제키 없음. 실제로 신규 지급정산 생성 대상인지, 또는 no-action/정산 제외인지 판단"
S2_전체없음,S2 신규/진짜없음 판단,5,미스터블루(소설),무심결,1,무심결 [단행본],,"S2 지급정산 lookup 전체에서 같은 정제키 없음. 실제로 신규 지급정산 생성 대상인지, 또는 no-action/정산 제외인지 판단"
S2_전체없음,S2 신규/진짜없음 판단,5,미스터블루(소설),무유지,1,무유지 [단행본],,"S2 지급정산 lookup 전체에서 같은 정제키 없음. 실제로 신규 지급정산 생성 대상인지, 또는 no-action/정산 제외인지 판단"
S2_전체없음,S2 신규/진짜없음 판단,5,미스터블루(소설),밀풍대문,1,밀풍대문 [단행본],,"S2 지급정산 lookup 전체에서 같은 정제키 없음. 실제로 신규 지급정산 생성 대상인지, 또는 no-action/정산 제외인지 판단"
S2_전체없음,S2 신규/진짜없음 판단,5,미스터블루(소설),바람난아내,1,바람난 아내 [단행본],,"S2 지급정산 lookup 전체에서 같은 정제키 없음. 실제로 신규 지급정산 생성 대상인지, 또는 no-action/정산 제외인지 판단"
S2_전체없음,S2 신규/진짜없음 판단,5,미스터블루(소설),백팔금수권,1,백팔금수권 [단행본],,"S2 지급정산 lookup 전체에서 같은 정제키 없음. 실제로 신규 지급정산 생성 대상인지, 또는 no-action/정산 제외인지 판단"
S2_전체없음,S2 신규/진짜없음 판단,5,미스터블루(소설),보수적이라며팬티는왜벗어,1,보수적이라며 팬티는 왜 벗어?,,"S2 지급정산 lookup 전체에서 같은 정제키 없음. 실제로 신규 지급정산 생성 대상인지, 또는 no-action/정산 제외인지 판단"
S2_전체없음,S2 신규/진짜없음 판단,5,미스터블루(소설),비정혈루,1,비정혈루 [단행본],,"S2 지급정산 lookup 전체에서 같은 정제키 없음. 실제로 신규 지급정산 생성 대상인지, 또는 no-action/정산 제외인지 판단"
S2_전체없음,S2 신규/진짜없음 판단,5,미스터블루(소설),사풍반사생,1,사풍반사생 [단행본],,"S2 지급정산 lookup 전체에서 같은 정제키 없음. 실제로 신규 지급정산 생성 대상인지, 또는 no-action/정산 제외인지 판단"
S2_전체없음,S2 신규/진짜없음 판단,5,미스터블루(소설),소야,1,소야 [단행본],,"S2 지급정산 lookup 전체에서 같은 정제키 없음. 실제로 신규 지급정산 생성 대상인지, 또는 no-action/정산 제외인지 판단"
S2_전체없음,S2 신규/진짜없음 판단,5,미스터블루(소설),신초류향,1,신 초류향 [단행본],,"S2 지급정산 lookup 전체에서 같은 정제키 없음. 실제로 신규 지급정산 생성 대상인지, 또는 no-action/정산 제외인지 판단"
S2_전체없음,S2 신규/진짜없음 판단,5,미스터블루(소설),신협,1,신협 [단행본],,"S2 지급정산 lookup 전체에서 같은 정제키 없음. 실제로 신규 지급정산 생성 대상인지, 또는 no-action/정산 제외인지 판단"
S2_전체없음,S2 신규/진짜없음 판단,5,미스터블루(소설),십교종사,1,십교종사 [단행본],,"S2 지급정산 lookup 전체에서 같은 정제키 없음. 실제로 신규 지급정산 생성 대상인지, 또는 no-action/정산 제외인지 판단"
S2_전체없음,S2 신규/진짜없음 판단,5,미스터블루(소설),열풍,1,열풍[무삭제판] [단행본],,"S2 지급정산 lookup 전체에서 같은 정제키 없음. 실제로 신규 지급정산 생성 대상인지, 또는 no-action/정산 제외인지 판단"
S2_전체없음,S2 신규/진짜없음 판단,5,미스터블루(소설),옷깃인연,1,옷깃인연 [단행본],,"S2 지급정산 lookup 전체에서 같은 정제키 없음. 실제로 신규 지급정산 생성 대상인지, 또는 no-action/정산 제외인지 판단"
S2_전체없음,S2 신규/진짜없음 판단,5,미스터블루(소설),용병왕패러렐월드,1,용병왕 패러렐월드 [단행본],,"S2 지급정산 lookup 전체에서 같은 정제키 없음. 실제로 신규 지급정산 생성 대상인지, 또는 no-action/정산 제외인지 판단"
S2_전체없음,S2 신규/진짜없음 판단,5,미스터블루(소설),운명을거부하는여자,1,운명을 거부하는 여자 [단행본],,"S2 지급정산 lookup 전체에서 같은 정제키 없음. 실제로 신규 지급정산 생성 대상인지, 또는 no-action/정산 제외인지 판단"
S2_전체없음,S2 신규/진짜없음 판단,5,미스터블루(소설),유견추월심망연,1,유견추월심망연 [단행본],,"S2 지급정산 lookup 전체에서 같은 정제키 없음. 실제로 신규 지급정산 생성 대상인지, 또는 no-action/정산 제외인지 판단"
S2_전체없음,S2 신규/진짜없음 판단,5,미스터블루(소설),절대마조,1,절대마조 [단행본],,"S2 지급정산 lookup 전체에서 같은 정제키 없음. 실제로 신규 지급정산 생성 대상인지, 또는 no-action/정산 제외인지 판단"
S2_전체없음,S2 신규/진짜없음 판단,5,미스터블루(소설),절대쌍웅,1,절대쌍웅 [단행본],,"S2 지급정산 lookup 전체에서 같은 정제키 없음. 실제로 신규 지급정산 생성 대상인지, 또는 no-action/정산 제외인지 판단"
S2_전체없음,S2 신규/진짜없음 판단,5,미스터블루(소설),제세성존,1,제세성존 [단행본],,"S2 지급정산 lookup 전체에서 같은 정제키 없음. 실제로 신규 지급정산 생성 대상인지, 또는 no-action/정산 제외인지 판단"
S2_전체없음,S2 신규/진짜없음 판단,5,미스터블루(소설),중력술사아스께기맨,1,중력술사 아스께기맨,,"S2 지급정산 lookup 전체에서 같은 정제키 없음. 실제로 신규 지급정산 생성 대상인지, 또는 no-action/정산 제외인지 판단"
S2_전체없음,S2 신규/진짜없음 판단,5,미스터블루(소설),중원지,1,중원지 [단행본],,"S2 지급정산 lookup 전체에서 같은 정제키 없음. 실제로 신규 지급정산 생성 대상인지, 또는 no-action/정산 제외인지 판단"
S2_전체없음,S2 신규/진짜없음 판단,5,미스터블루(소설),천마옥,1,천마옥 [단행본],,"S2 지급정산 lookup 전체에서 같은 정제키 없음. 실제로 신규 지급정산 생성 대상인지, 또는 no-action/정산 제외인지 판단"
S2_전체없음,S2 신규/진짜없음 판단,5,미스터블루(소설),천산뇌신,1,천산뇌신 [단행본],,"S2 지급정산 lookup 전체에서 같은 정제키 없음. 실제로 신규 지급정산 생성 대상인지, 또는 no-action/정산 제외인지 판단"
S2_전체없음,S2 신규/진짜없음 판단,5,미스터블루(소설),천원만리추,1,천원만리추 [단행본],,"S2 지급정산 lookup 전체에서 같은 정제키 없음. 실제로 신규 지급정산 생성 대상인지, 또는 no-action/정산 제외인지 판단"
S2_전체없음,S2 신규/진짜없음 판단,5,미스터블루(소설),천의역근참수기,1,천의역근참수기 [단행본],,"S2 지급정산 lookup 전체에서 같은 정제키 없음. 실제로 신규 지급정산 생성 대상인지, 또는 no-action/정산 제외인지 판단"
S2_전체없음,S2 신규/진짜없음 판단,5,미스터블루(소설),치우검,1,치우검 [단행본],,"S2 지급정산 lookup 전체에서 같은 정제키 없음. 실제로 신규 지급정산 생성 대상인지, 또는 no-action/정산 제외인지 판단"
S2_전체없음,S2 신규/진짜없음 판단,5,미스터블루(소설),칠색무,1,칠색무 [단행본],,"S2 지급정산 lookup 전체에서 같은 정제키 없음. 실제로 신규 지급정산 생성 대상인지, 또는 no-action/정산 제외인지 판단"
S2_전체없음,S2 신규/진짜없음 판단,5,미스터블루(소설),쾌도낭자,1,쾌도낭자 [단행본],,"S2 지급정산 lookup 전체에서 같은 정제키 없음. 실제로 신규 지급정산 생성 대상인지, 또는 no-action/정산 제외인지 판단"
S2_전체없음,S2 신규/진짜없음 판단,5,미스터블루(소설),타루폰카라얀,1,타루폰카라얀 [단행본],,"S2 지급정산 lookup 전체에서 같은 정제키 없음. 실제로 신규 지급정산 생성 대상인지, 또는 no-action/정산 제외인지 판단"
S2_전체없음,S2 신규/진짜없음 판단,5,미스터블루(소설),태양천자,1,태양천자 [단행본],,"S2 지급정산 lookup 전체에서 같은 정제키 없음. 실제로 신규 지급정산 생성 대상인지, 또는 no-action/정산 제외인지 판단"
S2_전체없음,S2 신규/진짜없음 판단,5,미스터블루(소설),팔황예조,1,팔황예조 [단행본],,"S2 지급정산 lookup 전체에서 같은 정제키 없음. 실제로 신규 지급정산 생성 대상인지, 또는 no-action/정산 제외인지 판단"
S2_전체없음,S2 신규/진짜없음 판단,5,미스터블루(소설),혈무연,1,혈무연 [단행본],,"S2 지급정산 lookup 전체에서 같은 정제키 없음. 실제로 신규 지급정산 생성 대상인지, 또는 no-action/정산 제외인지 판단"
S2_전체없음,S2 신규/진짜없음 판단,5,미스터블루(소설),혈안은구,1,혈안은구 [단행본],,"S2 지급정산 lookup 전체에서 같은 정제키 없음. 실제로 신규 지급정산 생성 대상인지, 또는 no-action/정산 제외인지 판단"
S2_전체없음,S2 신규/진짜없음 판단,5,북큐브(소설),다따먹점혈법,1,다따먹점혈법,,"S2 지급정산 lookup 전체에서 같은 정제키 없음. 실제로 신규 지급정산 생성 대상인지, 또는 no-action/정산 제외인지 판단"
S2_전체없음,S2 신규/진짜없음 판단,5,북큐브(소설),플레이싱어느대공각하의장난감,1,플레이싱 (Plaything) : 어느 대공 각하의 장난감 1,,"S2 지급정산 lookup 전체에서 같은 정제키 없음. 실제로 신규 지급정산 생성 대상인지, 또는 no-action/정산 제외인지 판단"
S2_전체없음,S2 신규/진짜없음 판단,5,북팔(소설),메소드로맨스증보판,1,메소드 로맨스 외전증보판,,"S2 지급정산 lookup 전체에서 같은 정제키 없음. 실제로 신규 지급정산 생성 대상인지, 또는 no-action/정산 제외인지 판단"
S2_전체없음,S2 신규/진짜없음 판단,5,블라이스_일반결제,sm클럽암캐가된여자들,1,SM클럽 -암캐가 된 여자들-,,"S2 지급정산 lookup 전체에서 같은 정제키 없음. 실제로 신규 지급정산 생성 대상인지, 또는 no-action/정산 제외인지 판단"
S2_전체없음,S2 신규/진짜없음 판단,5,블라이스_일반결제,다따먹점혈법,1,다따먹점혈법,,"S2 지급정산 lookup 전체에서 같은 정제키 없음. 실제로 신규 지급정산 생성 대상인지, 또는 no-action/정산 제외인지 판단"
S2_전체없음,S2 신규/진짜없음 판단,5,올툰(소설),메소드로맨스증보판,1,[BL소설]메소드 로맨스 외전증보판,,"S2 지급정산 lookup 전체에서 같은 정제키 없음. 실제로 신규 지급정산 생성 대상인지, 또는 no-action/정산 제외인지 판단"
S2_전체없음,S2 신규/진짜없음 판단,5,원스토어(소설),누나와김병장,1,누나와 김병장,,"S2 지급정산 lookup 전체에서 같은 정제키 없음. 실제로 신규 지급정산 생성 대상인지, 또는 no-action/정산 제외인지 판단"
S2_전체없음,S2 신규/진짜없음 판단,5,원스토어(소설),모녀의외도,1,모녀의 외도,,"S2 지급정산 lookup 전체에서 같은 정제키 없음. 실제로 신규 지급정산 생성 대상인지, 또는 no-action/정산 제외인지 판단"
S2_전체없음,S2 신규/진짜없음 판단,5,원스토어(소설),무유지,1,무유지,,"S2 지급정산 lookup 전체에서 같은 정제키 없음. 실제로 신규 지급정산 생성 대상인지, 또는 no-action/정산 제외인지 판단"
S2_전체없음,S2 신규/진짜없음 판단,5,원스토어(소설),묻지마관광윤간사건,1,묻지마관광 윤간사건,,"S2 지급정산 lookup 전체에서 같은 정제키 없음. 실제로 신규 지급정산 생성 대상인지, 또는 no-action/정산 제외인지 판단"
S2_전체없음,S2 신규/진짜없음 판단,5,원스토어(소설),사모님과마사지알바생,1,사모님과 마사지 알바생,,"S2 지급정산 lookup 전체에서 같은 정제키 없음. 실제로 신규 지급정산 생성 대상인지, 또는 no-action/정산 제외인지 판단"
S2_전체없음,S2 신규/진짜없음 판단,5,원스토어(소설),실화엄마친구랑,1,<실화> 엄마친구랑,,"S2 지급정산 lookup 전체에서 같은 정제키 없음. 실제로 신규 지급정산 생성 대상인지, 또는 no-action/정산 제외인지 판단"
S2_전체없음,S2 신규/진짜없음 판단,5,원스토어(소설),아내의간통현장,1,아내의 간통현장,,"S2 지급정산 lookup 전체에서 같은 정제키 없음. 실제로 신규 지급정산 생성 대상인지, 또는 no-action/정산 제외인지 판단"
S2_전체없음,S2 신규/진짜없음 판단,5,원스토어(소설),아이돌공략법으로데뷔합니다,1,아이돌 공략법으로 데뷔합니다,,"S2 지급정산 lookup 전체에서 같은 정제키 없음. 실제로 신규 지급정산 생성 대상인지, 또는 no-action/정산 제외인지 판단"
S2_전체없음,S2 신규/진짜없음 판단,5,웹소설 하이북,광혈사혼무,1,광혈사혼무 [단행본],,"S2 지급정산 lookup 전체에서 같은 정제키 없음. 실제로 신규 지급정산 생성 대상인지, 또는 no-action/정산 제외인지 판단"
S2_전체없음,S2 신규/진짜없음 판단,5,웹소설 하이북,구룡겁,1,구룡겁,,"S2 지급정산 lookup 전체에서 같은 정제키 없음. 실제로 신규 지급정산 생성 대상인지, 또는 no-action/정산 제외인지 판단"
S2_전체없음,S2 신규/진짜없음 판단,5,웹소설 하이북,금황,1,금황 [단행본],,"S2 지급정산 lookup 전체에서 같은 정제키 없음. 실제로 신규 지급정산 생성 대상인지, 또는 no-action/정산 제외인지 판단"
S2_전체없음,S2 신규/진짜없음 판단,5,웹소설 하이북,다따먹점혈법,1,다따먹점혈법,,"S2 지급정산 lookup 전체에서 같은 정제키 없음. 실제로 신규 지급정산 생성 대상인지, 또는 no-action/정산 제외인지 판단"
S2_전체없음,S2 신규/진짜없음 판단,5,웹소설 하이북,대상천하,1,대상천하,,"S2 지급정산 lookup 전체에서 같은 정제키 없음. 실제로 신규 지급정산 생성 대상인지, 또는 no-action/정산 제외인지 판단"
S2_전체없음,S2 신규/진짜없음 판단,5,웹소설 하이북,독식하는재벌세,1,독식하는 재벌 3세,,"S2 지급정산 lookup 전체에서 같은 정제키 없음. 실제로 신규 지급정산 생성 대상인지, 또는 no-action/정산 제외인지 판단"
S2_전체없음,S2 신규/진짜없음 판단,5,웹소설 하이북,십교종사,1,십교종사,,"S2 지급정산 lookup 전체에서 같은 정제키 없음. 실제로 신규 지급정산 생성 대상인지, 또는 no-action/정산 제외인지 판단"
S2_전체없음,S2 신규/진짜없음 판단,5,웹소설 하이북,천마겁,1,천마겁(무삭제본),,"S2 지급정산 lookup 전체에서 같은 정제키 없음. 실제로 신규 지급정산 생성 대상인지, 또는 no-action/정산 제외인지 판단"
S2_전체없음,S2 신규/진짜없음 판단,5,웹소설 하이북,칠기무제,1,칠기무제(무삭제 개정판),,"S2 지급정산 lookup 전체에서 같은 정제키 없음. 실제로 신규 지급정산 생성 대상인지, 또는 no-action/정산 제외인지 판단"
S2_전체없음,S2 신규/진짜없음 판단,5,웹소설 하이북,태양천자,1,태양천자,,"S2 지급정산 lookup 전체에서 같은 정제키 없음. 실제로 신규 지급정산 생성 대상인지, 또는 no-action/정산 제외인지 판단"
S2_전체없음,S2 신규/진짜없음 판단,5,웹소설 하이북,팔왕예조,1,팔왕예조,,"S2 지급정산 lookup 전체에서 같은 정제키 없음. 실제로 신규 지급정산 생성 대상인지, 또는 no-action/정산 제외인지 판단"
S2_전체없음,S2 신규/진짜없음 판단,5,웹소설 하이북,혈무연,1,혈무연,,"S2 지급정산 lookup 전체에서 같은 정제키 없음. 실제로 신규 지급정산 생성 대상인지, 또는 no-action/정산 제외인지 판단"
S2_전체없음,S2 신규/진짜없음 판단,5,조아라(소설),고인물무림에가다,1,"고인물, 무림에 가다",,"S2 지급정산 lookup 전체에서 같은 정제키 없음. 실제로 신규 지급정산 생성 대상인지, 또는 no-action/정산 제외인지 판단"
S2_전체없음,S2 신규/진짜없음 판단,5,조아라(소설),다따먹점혈법,1,다따먹점혈법,,"S2 지급정산 lookup 전체에서 같은 정제키 없음. 실제로 신규 지급정산 생성 대상인지, 또는 no-action/정산 제외인지 판단"
S2_전체없음,S2 신규/진짜없음 판단,5,조아라(소설),독식하는재벌세,1,독식하는 재벌 3세,,"S2 지급정산 lookup 전체에서 같은 정제키 없음. 실제로 신규 지급정산 생성 대상인지, 또는 no-action/정산 제외인지 판단"
S2_전체없음,S2 신규/진짜없음 판단,5,조아라(소설),만포인트로환생하기,1,1422만 포인트로 환생하기,,"S2 지급정산 lookup 전체에서 같은 정제키 없음. 실제로 신규 지급정산 생성 대상인지, 또는 no-action/정산 제외인지 판단"
S2_전체없음,S2 신규/진짜없음 판단,5,조아라(소설),아이돌공략법으로데뷔합니다,1,아이돌 공략법으로 데뷔합니다,,"S2 지급정산 lookup 전체에서 같은 정제키 없음. 실제로 신규 지급정산 생성 대상인지, 또는 no-action/정산 제외인지 판단"
S2_전체없음,S2 신규/진짜없음 판단,5,카카오페이지(소설),망한세상에서나혼자각성,1,망한 세상에서 나 혼자 각성,,"S2 지급정산 lookup 전체에서 같은 정제키 없음. 실제로 신규 지급정산 생성 대상인지, 또는 no-action/정산 제외인지 판단"
S2_전체없음,S2 신규/진짜없음 판단,5,카카오페이지(소설),실명작,1,실명 3부작 [완결],,"S2 지급정산 lookup 전체에서 같은 정제키 없음. 실제로 신규 지급정산 생성 대상인지, 또는 no-action/정산 제외인지 판단"
S2_전체없음,S2 신규/진짜없음 판단,5,카카오페이지(소설),아사벼리이지환로맨스소설,1,아사벼리 - 이지환  로맨스소설 [완결],,"S2 지급정산 lookup 전체에서 같은 정제키 없음. 실제로 신규 지급정산 생성 대상인지, 또는 no-action/정산 제외인지 판단"
S2_전체없음,S2 신규/진짜없음 판단,5,카카오페이지(소설),원나잇노썸씽,1,원나잇 노썸씽,,"S2 지급정산 lookup 전체에서 같은 정제키 없음. 실제로 신규 지급정산 생성 대상인지, 또는 no-action/정산 제외인지 판단"
S2_전체없음,S2 신규/진짜없음 판단,5,판무림,구룡겁,1,구룡겁,,"S2 지급정산 lookup 전체에서 같은 정제키 없음. 실제로 신규 지급정산 생성 대상인지, 또는 no-action/정산 제외인지 판단"
S2_전체없음,S2 신규/진짜없음 판단,5,판무림,칠색무,1,칠색무,,"S2 지급정산 lookup 전체에서 같은 정제키 없음. 실제로 신규 지급정산 생성 대상인지, 또는 no-action/정산 제외인지 판단"
S2_전체없음,S2 신규/진짜없음 판단,5,한아름(P000003716),검은달의전설,1,검은 달의 전설,,"S2 지급정산 lookup 전체에서 같은 정제키 없음. 실제로 신규 지급정산 생성 대상인지, 또는 no-action/정산 제외인지 판단"
S2_전체없음,S2 신규/진짜없음 판단,5,한아름(P000003716),뇌신혈,1,뇌신혈,,"S2 지급정산 lookup 전체에서 같은 정제키 없음. 실제로 신규 지급정산 생성 대상인지, 또는 no-action/정산 제외인지 판단"
S2_전체없음,S2 신규/진짜없음 판단,5,한아름(P000003716),대단히부도덕한섹스,1,대단히 부도덕한 섹스(무삭제판),,"S2 지급정산 lookup 전체에서 같은 정제키 없음. 실제로 신규 지급정산 생성 대상인지, 또는 no-action/정산 제외인지 판단"
S2_전체없음,S2 신규/진짜없음 판단,5,한아름(P000003716),독수혈랑,1,독수혈랑,,"S2 지급정산 lookup 전체에서 같은 정제키 없음. 실제로 신규 지급정산 생성 대상인지, 또는 no-action/정산 제외인지 판단"
S2_전체없음,S2 신규/진짜없음 판단,5,한아름(P000003716),마황,1,마황,,"S2 지급정산 lookup 전체에서 같은 정제키 없음. 실제로 신규 지급정산 생성 대상인지, 또는 no-action/정산 제외인지 판단"
S2_전체없음,S2 신규/진짜없음 판단,5,한아름(P000003716),묘연만왕,1,묘연만왕,,"S2 지급정산 lookup 전체에서 같은 정제키 없음. 실제로 신규 지급정산 생성 대상인지, 또는 no-action/정산 제외인지 판단"
S2_전체없음,S2 신규/진짜없음 판단,5,한아름(P000003716),무례한남자약은여자,1,무례한 남자 약은 여자,,"S2 지급정산 lookup 전체에서 같은 정제키 없음. 실제로 신규 지급정산 생성 대상인지, 또는 no-action/정산 제외인지 판단"
S2_전체없음,S2 신규/진짜없음 판단,5,한아름(P000003716),살차이,1,7살 차이,,"S2 지급정산 lookup 전체에서 같은 정제키 없음. 실제로 신규 지급정산 생성 대상인지, 또는 no-action/정산 제외인지 판단"
S2_전체없음,S2 신규/진짜없음 판단,5,한아름(P000003716),색녀여사장의유혹,1,색녀 여사장의 유혹,,"S2 지급정산 lookup 전체에서 같은 정제키 없음. 실제로 신규 지급정산 생성 대상인지, 또는 no-action/정산 제외인지 판단"
S2_전체없음,S2 신규/진짜없음 판단,5,한아름(P000003716),섹스공화국,1,섹스 공화국(제4회 아이작가 S문학 공모당선작),,"S2 지급정산 lookup 전체에서 같은 정제키 없음. 실제로 신규 지급정산 생성 대상인지, 또는 no-action/정산 제외인지 판단"
S2_전체없음,S2 신규/진짜없음 판단,5,한아름(P000003716),십교종사,1,십교종사,,"S2 지급정산 lookup 전체에서 같은 정제키 없음. 실제로 신규 지급정산 생성 대상인지, 또는 no-action/정산 제외인지 판단"
S2_전체없음,S2 신규/진짜없음 판단,5,한아름(P000003716),아름다운날들의고백,1,아름다운 날들의 고백,,"S2 지급정산 lookup 전체에서 같은 정제키 없음. 실제로 신규 지급정산 생성 대상인지, 또는 no-action/정산 제외인지 판단"
S2_전체없음,S2 신규/진짜없음 판단,5,한아름(P000003716),아름북스inapp,1,아름북스 inapp,,"S2 지급정산 lookup 전체에서 같은 정제키 없음. 실제로 신규 지급정산 생성 대상인지, 또는 no-action/정산 제외인지 판단"
S2_전체없음,S2 신규/진짜없음 판단,5,한아름(P000003716),아름북스web,1,아름북스 web,,"S2 지급정산 lookup 전체에서 같은 정제키 없음. 실제로 신규 지급정산 생성 대상인지, 또는 no-action/정산 제외인지 판단"
S2_전체없음,S2 신규/진짜없음 판단,5,한아름(P000003716),아름북스일반합계,1,아름북스 일반 합계,,"S2 지급정산 lookup 전체에서 같은 정제키 없음. 실제로 신규 지급정산 생성 대상인지, 또는 no-action/정산 제외인지 판단"
S2_전체없음,S2 신규/진짜없음 판단,5,한아름(P000003716),지독한사랑미친섹스,1,"지독한 사랑, 미친 섹스 (무삭제판)",,"S2 지급정산 lookup 전체에서 같은 정제키 없음. 실제로 신규 지급정산 생성 대상인지, 또는 no-action/정산 제외인지 판단"
S2_전체없음,S2 신규/진짜없음 판단,5,한아름(P000003716),층자위여학생농락,1,2층 자위 여학생 농락,,"S2 지급정산 lookup 전체에서 같은 정제키 없음. 실제로 신규 지급정산 생성 대상인지, 또는 no-action/정산 제외인지 판단"
S2_전체없음,S2 신규/진짜없음 판단,5,한아름(P000003716),한아름,1,한아름,,"S2 지급정산 lookup 전체에서 같은 정제키 없음. 실제로 신규 지급정산 생성 대상인지, 또는 no-action/정산 제외인지 판단"
S2_전체없음,S2 신규/진짜없음 판단,5,한아름(P000003716),한아름inapp,1,한아름 inapp,,"S2 지급정산 lookup 전체에서 같은 정제키 없음. 실제로 신규 지급정산 생성 대상인지, 또는 no-action/정산 제외인지 판단"
S2_전체없음,S2 신규/진짜없음 판단,5,한아름(P000003716),한아름web,1,한아름 web,,"S2 지급정산 lookup 전체에서 같은 정제키 없음. 실제로 신규 지급정산 생성 대상인지, 또는 no-action/정산 제외인지 판단"
S2_전체없음,S2 신규/진짜없음 판단,5,한아름(P000003716),한아름성인합계,1,한아름 성인 합계,,"S2 지급정산 lookup 전체에서 같은 정제키 없음. 실제로 신규 지급정산 생성 대상인지, 또는 no-action/정산 제외인지 판단"
S2_전체없음,S2 신규/진짜없음 판단,5,한아름(P000003716),한아름일반합계,1,한아름 일반 합계,,"S2 지급정산 lookup 전체에서 같은 정제키 없음. 실제로 신규 지급정산 생성 대상인지, 또는 no-action/정산 제외인지 판단"
S2_전체없음,S2 신규/진짜없음 판단,5,한아름(P000003716),혈무연,1,혈무연,,"S2 지급정산 lookup 전체에서 같은 정제키 없음. 실제로 신규 지급정산 생성 대상인지, 또는 no-action/정산 제외인지 판단"
