정제키,채널수,총행수,대표세부판단유형,세부판단유형목록,콘텐츠마스터_fuzzy_overlay,판매채널목록,원문예시,대표근거
독식하는재벌세,14,1540,"콘텐츠마스터 없음, 원천 작품 확인","콘텐츠마스터 없음, 원천 작품 확인(1529) | 타작품/시리즈 동일성 확인(11)",콘텐츠마스터 부분포함 후보(12),구글(소설) | 네이버_연재 | 네이버_장르 | 리디북스(소설) | 무툰(소설 서비스) | 문피아 | 미소설 | 미스터블루(소설) | 북큐브(소설) | 원스토어(소설) | 웹소설 하이북 | 조아라(소설) | 카카오페이지(선투자) | 판무림,[e북]독식하는 재벌 3세 2권 | [e북]독식하는 재벌 3세 3권 | [e북]독식하는 재벌 3세 4권 | [e북]독식하는 재벌 3세 5권 | [e북]독식하는 재벌 3세 6권 | [e북]독식하는 재벌 3세 7권 | 독식하는 재벌 3세 | 독식하는 재벌 3세 10 | 독식하는 재벌 3세 11 | 독식하는 재벌 3세 12 | 독식하는 재벌 3세 13 | 독식하는 재벌 3세 14 | 독식하는 재벌 3세 15,0.86::111110::1980 독식하는 재벌!::소설편집팀::이선근 || 0.86::111110::1980 독식하는 재벌!::소설편집팀::이선근 || 0.86::111110::1980 독식하는 재벌!::소설편집팀::이선근
핵무기도만들어드릴까요,15,545,타채널 지급정산 기반 해당채널 보강 판단,타채널 지급정산 기반 해당채널 보강 판단(545),,Yes24(서점) | 교보문고(소설) | 구글(소설) | 네이버_연재 | 네이버_장르 | 리디북스(소설) | 모픽(mofic) | 무툰(소설 서비스) | 미소설 | 미스터블루(소설) | 부커스 | 에이블리(소설) | 원스토어(소설) | 조아라(소설) | 한아름(P000003716),[연재]핵무기도 만들어 드릴까요? | 핵무기도 만들어 드릴까요? | [e북]핵무기도 만들어 드릴까요? 7권 | [e북]핵무기도 만들어 드릴까요? 8권 | [e북]핵무기도 만들어 드릴까요? 9권 | [e북]핵무기도 만들어 드릴까요? 10권 | [e북]핵무기도 만들어 드릴까요? 11권 | [e북]핵무기도 만들어 드릴까요? 12권 | 핵무기도 만들어 드릴까요? 01권 | 핵무기도 만들어 드릴까요? (외전) | 핵무기도 만들어 드릴까요? 02권 | 핵무기도 만들어 드릴까요? 03권 | 핵무기도 만들어 드릴까요? 04권 | 핵무기도 만들어 드릴까요? 05권,303763::[CP웹툰] 핵무기도 만들어 드릴까요?::IP프로듀싱팀::노종아 || 303763::[CP웹툰] 핵무기도 만들어 드릴까요?::IP프로듀싱팀::노종아 || 303763::[CP웹툰] 핵무기도 만들어 드릴까요?::IP프로듀싱팀::노종아
ex급만능사제가되었다,5,503,"콘텐츠마스터 없음, 원천 작품 확인","콘텐츠마스터 없음, 원천 작품 확인(503)",,네이버_연재 | 리디북스(소설) | 문피아 | 미스터블루(소설) | 원스토어(소설),EX급 만능사제가 되었다 | EX급 만능사제가 되었다 27화 | EX급 만능사제가 되었다 28화 | EX급 만능사제가 되었다 29화 | EX급 만능사제가 되었다 30화 | EX급 만능사제가 되었다 31화 | EX급 만능사제가 되었다 32화 | EX급 만능사제가 되었다,
아이돌공략법으로데뷔합니다,5,331,"콘텐츠마스터 있음, 판매채널/지급정산 신규 판단","콘텐츠마스터 있음, 판매채널/지급정산 신규 판단(324) | 같은채널 판매채널콘텐츠 있음(A급 정산정보없음)(5) | 같은채널 판매채널콘텐츠 있음(B급 잠재오염)(2)",,네이버_연재 | 리디북스(소설) | 원스토어(소설) | 조아라(소설) | 카카오페이지(소설),아이돌 공략법으로 데뷔합니다 130화 | 아이돌 공략법으로 데뷔합니다 131화 | 아이돌 공략법으로 데뷔합니다 101화 | 아이돌 공략법으로 데뷔합니다 102화 | 아이돌 공략법으로 데뷔합니다 103화 | 아이돌 공략법으로 데뷔합니다 104화 | 아이돌 공략법으로 데뷔합니다 | 아이돌 공략법으로 데뷔합니다 [독점],109544::[정산정보없음]_[연재] 아이돌 공략법으로 데뷔합니다::소설편집팀::이선근 || A_정산서등장_정산정보없음::873627::109544::[연재] 아이돌 공략법으로 데뷔합니다 || A_정산서등장_정산정보없음::110065::109544::[연재] 아이돌 공략법으로 데뷔합니다
다따먹점혈법,12,310,"콘텐츠마스터 없음, 원천 작품 확인","콘텐츠마스터 없음, 원천 작품 확인(310)",,네이버_연재 | 무툰(소설 서비스) | 문피아 | 미소설 | 미스터블루(소설) | 북큐브(소설) | 블라이스_일반결제 | 원스토어(소설) | 웹소설 하이북 | 조아라(소설) | 판무림 | 한아름(P000003716),다따먹점혈법 | 다따먹점혈법 | [연재] 다따먹점혈법,
코드네임사신,10,293,타채널 지급정산 기반 해당채널 보강 판단,타채널 지급정산 기반 해당채널 보강 판단(293),,구글(소설) | 네이버_연재 | 리디북스(소설) | 무툰(소설 서비스) | 문피아 | 미소설 | 북큐브(소설) | 알라딘(소설)(1068659313) | 원스토어(소설) | 웹소설 하이북,[10%할인] 코드네임 사신 10권 | [10%할인] 코드네임 사신 11권 | 코드네임 사신 1권 | [10%할인] 코드네임 사신 12권 | 코드네임 사신 2권 | [10%할인] 코드네임 사신 13권 | 코드네임 사신 38화 | 코드네임 사신 39화 | 코드네임 사신 40화 | 코드네임 사신 41화 | 코드네임 사신 42화 | 코드네임 사신 43화 | 코드네임 사신 10 | 코드네임 사신 11 | 코드네임 사신 12 | 코드네임 사신 13 | 코드네임 사신 14 | 코드네임 사신 15,카카오페이지(소설)::160310 || Yes24(서점)::160310 || 모픽(mofic)::160310 || 미스터블루(소설)::160310 || 스낵북(알에스)::160310 || 카카오페이지(소설)::160310 || Yes24(서점)::160310 || 모픽(mofic)::160310 || 미스터블루(소설)::160310 || 스낵북(알에스)::160310 || 카카오페이지(소설)::160310 || Yes24(서점)::160310 || 모픽(mofic)::160310 || 미스터블루(소설)::160310 || 스낵북(알에스)::160310
코인게이트를열었다,6,249,타채널 지급정산 기반 해당채널 보강 판단,타채널 지급정산 기반 해당채널 보강 판단(249),,Yes24(서점) | 구글(소설) | 무툰(소설 서비스) | 스낵북(알에스) | 원스토어(소설) | 웹소설 하이북,코인 게이트를 열었다 | 코인 게이트를 열었다 1권 | [10%할인] 코인 게이트를 열었다 1권 | 코인 게이트를 열었다 4권 | 코인 게이트를 열었다 5권 | 코인 게이트를 열었다 6권 | 코인 게이트를 열었다 7권 | 코인 게이트를 열었다 06권,윌라(전자책)::247429 || 교보문고(소설)::247429 || 미소설::247429 || 미스터블루(소설)::247429 || 판무림::247429 || 윌라(전자책)::247429 || 교보문고(소설)::247429 || 미소설::247429 || 미스터블루(소설)::247429 || 판무림::247429 || 윌라(전자책)::247429 || 교보문고(소설)::247429 || 미소설::247429 || 미스터블루(소설)::247429 || 판무림::247429
나홀로마법사,7,236,타채널 지급정산 기반 해당채널 보강 판단,타채널 지급정산 기반 해당채널 보강 판단(236),,구글(소설) | 네이버_연재 | 리디북스(소설) | 모픽(mofic) | 밀리의 서재 | 에이블리(소설) | 원스토어(소설),나 홀로 마법사 27화 | 나 홀로 마법사 28화 | 나 홀로 마법사 29화 | 나 홀로 마법사 30화 | 나 홀로 마법사 31화 | 나 홀로 마법사 32화 | 나 홀로 마법사 | 나 홀로 마법사,카카오페이지(선투자)::111915 || 알라딘(소설)(1068659313)::111915 || 카카오페이지(선투자)::111915 || 알라딘(소설)(1068659313)::111915 || 카카오페이지(선투자)::111915 || 알라딘(소설)(1068659313)::111915
sm클럽암캐가된여자들,5,192,"콘텐츠마스터 없음, 원천 작품 확인","콘텐츠마스터 없음, 원천 작품 확인(192)",,네이버_연재 | 리디북스(소설) | 미스터블루(소설) | 블라이스_일반결제 | 원스토어(소설),[e북]SM클럽 -암캐가 된 여자들- 2권 | [e북]SM클럽 -암캐가 된 여자들- 3권 | [e북]SM클럽 -암캐가 된 여자들- 4권 | [e북]SM클럽 -암캐가 된 여자들- 5권 | SM클럽 -암캐가 된 여자들- 268화 | SM클럽 -암캐가 된 여자들- 266화 | SM클럽 -암캐가 된 여자들- | SM클럽 -암캐가 된 여자들-,
사립루레인학원시리즈,2,154,"콘텐츠마스터 없음, 원천 작품 확인","콘텐츠마스터 없음, 원천 작품 확인(154)",,리디북스(소설) | 카카오페이지(소설),사립 루레인 학원 시리즈 152화 | 사립 루레인 학원 시리즈 153화 | 사립 루레인 학원 시리즈 154화 | 사립 루레인 학원 시리즈 155화 | 사립 루레인 학원 시리즈 156화 | 사립 루레인 학원 시리즈 157화 | 사립루레인학원 시리즈,
업어키운사매들,2,136,타채널 지급정산 기반 해당채널 보강 판단,타채널 지급정산 기반 해당채널 보강 판단(136),,미스터블루(소설) | 판무림,업어 키운 사매들 | 업어 키운 사매들,에피루스 이북클럽(B2C)::322005 || 카카오페이지(창작지원금)::322005 || 리디북스(소설)::322005 || 원스토어(소설)::322005 || 무툰(소설 서비스)::322005 || 에피루스 이북클럽(B2C)::322005 || 카카오페이지(창작지원금)::322005 || 리디북스(소설)::322005 || 원스토어(소설)::322005 || 무툰(소설 서비스)::322005
타락의검은실,1,122,같은채널 판매채널콘텐츠 있음(등급 확인),같은채널 판매채널콘텐츠 있음(등급 확인)(122),,구글(소설),타락의 검은실 2부 1권 | 타락의 검은실 1부 1권,OK_지급정산관리존재::167225::108050::타락의 검은실 1부/2부_용병애쉬_1004942_874_확정
악작현대au,2,112,"콘텐츠마스터 없음, 원천 작품 확인","콘텐츠마스터 없음, 원천 작품 확인(112)",,Yes24(서점) | 교보문고(소설),[BL] 악작 현대AU 특별외전 | [BL] 악작 현대AU (외전) | 악작. 현대AU 외전 | 악작. 현대AU 특별외전,
아포칼립스의유일한플레이어,7,97,타채널 지급정산 기반 해당채널 보강 판단,타채널 지급정산 기반 해당채널 보강 판단(97),,네이버_연재 | 네이버_장르 | 리디북스(소설) | 모픽(mofic) | 미스터블루(소설) | 원스토어(소설) | 조아라(소설),[e북]아포칼립스의 유일한 플레이어 4권 | [e북]아포칼립스의 유일한 플레이어 2권 | [e북]아포칼립스의 유일한 플레이어 3권 | [e북]아포칼립스의 유일한 플레이어 5권 (완결) | 아포칼립스의 유일한 플레이어 26화 | 아포칼립스의 유일한 플레이어 27화 | 아포칼립스의 유일한 플레이어 | 아포칼립스의 유일한 플레이어,카카오페이지(소설)::308483 || 카카오페이지(소설)::308483 || 카카오페이지(소설)::308483
재벌집망나니대독자,4,58,타채널 지급정산 기반 해당채널 보강 판단,타채널 지급정산 기반 해당채널 보강 판단(58),,무툰(소설 서비스) | 미스터블루(소설) | 원스토어(소설) | 한아름(P000003716),재벌집 망나니 7대독자 | [연재] 재벌집 망나니 7대독자 | 재벌집 망나니 7대 독자,카카오페이지(창작지원금)::322006 || 리디북스(소설)::322006 || 문피아::322006 || 북큐브(소설)::322006 || 카카오페이지(소설)::322006 || 카카오페이지(창작지원금)::322006 || 리디북스(소설)::322006 || 문피아::322006 || 북큐브(소설)::322006 || 카카오페이지(소설)::322006 || 카카오페이지(창작지원금)::322006 || 리디북스(소설)::322006 || 문피아::322006 || 북큐브(소설)::322006 || 카카오페이지(소설)::322006
보수적이라며팬티는왜벗어,7,51,"콘텐츠마스터 없음, 원천 작품 확인","콘텐츠마스터 없음, 원천 작품 확인(51)",,구글(소설) | 리디북스(소설) | 무툰(소설 서비스) | 미소설 | 미스터블루(소설) | 윌라(전자책) | 판무림,보수적이라며 팬티는 왜 벗어? 17화 | 보수적이라며 팬티는 왜 벗어? 18화 | 보수적이라며 팬티는 왜 벗어? 19화 | 보수적이라며 팬티는 왜 벗어? 20화 | 보수적이라며 팬티는 왜 벗어? 21화 | 보수적이라며 팬티는 왜 벗어? 22화 | 보수적이라며 팬티는 왜 벗어? 1권 | 보수적이라며 팬티는 왜 벗어? 1 | 보수적이라며 팬티는 왜 벗어? 2 | 보수적이라며 팬티는 왜 벗어? 3 | 보수적이라며 팬티는 왜 벗어? 4,
전직랭커는템빨로레벨업,6,46,타채널 지급정산 기반 해당채널 보강 판단,타채널 지급정산 기반 해당채널 보강 판단(46),,구글(소설) | 네이버_연재 | 네이버_장르 | 리디북스(소설) | 원스토어(소설) | 한아름(P000003716),전직 랭커는 템빨로 레벨 업! 1권 | 전직 랭커는 템빨로 레벨 업! 2권 | 전직 랭커는 템빨로 레벨 업! 3권 | 전직 랭커는 템빨로 레벨 업! 4권 | 전직 랭커는 템빨로 레벨 업! 5권 | 전직 랭커는 템빨로 레벨 업! | 전직 랭커는 템빨로 레벨 업! 1화 | 전직 랭커는 템빨로 레벨 업! 2화 | 전직 랭커는 템빨로 레벨 업! 3화 | 전직 랭커는 템빨로 레벨 업! 4화 | [e북]전직 랭커는 템빨로 레벨 업! 1권,317605::(카카오)전직 랭커는 템빨로 레벨 업!::소설유통팀::김성경 || 303878::[CP오디오] 전직 랭커는 템빨로 레벨 업!(소설)::IP프로듀싱팀::노종아 || 317605::(카카오)전직 랭커는 템빨로 레벨 업!::소설유통팀::김성경 || 303878::[CP오디오] 전직 랭커는 템빨로 레벨 업!(소설)::IP프로듀싱팀::노종아 || 317605::(카카오)전직 랭커는 템빨로 레벨 업!::소설유통팀::김성경 || 303878::[CP오디오] 전직 랭커는 템빨로 레벨 업!(소설)::IP프로듀싱팀::노종아
마왕이나노머신을숨김,5,42,타채널 지급정산 기반 해당채널 보강 판단,타채널 지급정산 기반 해당채널 보강 판단(42),,구글(소설) | 네이버_연재 | 네이버_장르 | 리디북스(소설) | 원스토어(소설),마왕이 나노머신을 숨김 | 마왕이 나노머신을 숨김 1권 | 마왕이 나노머신을 숨김 2권 | 마왕이 나노머신을 숨김 3권 | 마왕이 나노머신을 숨김 4권 | 마왕이 나노머신을 숨김 5권 | 마왕이 나노머신을 숨김 6권 | 마왕이 나노머신을 숨김 [독점],317038::[카카오]마왕이 나노머신을 숨김 단행본::소설유통팀::김성경 || 317038::[카카오]마왕이 나노머신을 숨김 단행본::소설유통팀::김성경 || 317038::[카카오]마왕이 나노머신을 숨김 단행본::소설유통팀::김성경
sss급괴물사냥꾼,7,40,타채널 지급정산 기반 해당채널 보강 판단,타채널 지급정산 기반 해당채널 보강 판단(40),,구글(소설) | 리디북스(소설) | 모픽(mofic) | 부커스 | 에이블리(소설) | 웹소설 하이북 | 윌라(전자책),SSS급 괴물 사냥꾼 1화 | SSS급 괴물 사냥꾼 2화 | SSS급 괴물 사냥꾼 3화 | SSS급 괴물 사냥꾼 4화 | SSS급 괴물 사냥꾼 5화 | SSS급 괴물 사냥꾼 6화 | SSS급 괴물 사냥꾼 2권 | SSS급 괴물 사냥꾼 1권 | SSS급 괴물 사냥꾼 8권 | SSS급 괴물 사냥꾼 6권 | SSS급 괴물 사냥꾼 5권 | SSS급 괴물 사냥꾼 4권 | SSS급 괴물 사냥꾼,카카오페이지(선투자)::110995 || 카카오페이지(창작지원금)::110995 || 카카오페이지(선투자)::110995 || 카카오페이지(창작지원금)::110995 || 카카오페이지(선투자)::110995 || 카카오페이지(창작지원금)::110995
슈퍼스타누구도막을수없어,7,36,타채널 지급정산 기반 해당채널 보강 판단,타채널 지급정산 기반 해당채널 보강 판단(36),,구글(소설) | 네이버_연재 | 네이버_장르 | 리디북스(소설) | 모픽(mofic) | 밀리의 서재 | 원스토어(소설),"슈퍼스타, 누구도 막을 수 없어 !!!!!! 1권 | [10%할인] 슈퍼스타, 누구도 막을 수 없어 !!!!!! 2권 | [10%할인] 슈퍼스타, 누구도 막을 수 없어 !!!!!! 3권 | [10%할인] 슈퍼스타, 누구도 막을 수 없어 !!!!!! 4권 | 슈퍼스타, 누구도 막을 수 없어 !!!!!! 2권 | 슈퍼스타, 누구도 막을 수 없어 !!!!!! 3권 | 슈퍼스타, 누구도 막을 수 없어!!!!!! | 슈퍼스타, 누구도 막을 수 없어!!!!!!",303817::[CP오디오] 슈퍼스타 누구도 막을 수 없어(소설)::IP프로듀싱팀::노종아 || 303817::[CP오디오] 슈퍼스타 누구도 막을 수 없어(소설)::IP프로듀싱팀::노종아 || 303817::[CP오디오] 슈퍼스타 누구도 막을 수 없어(소설)::IP프로듀싱팀::노종아
골때리는엄마들,9,30,타채널 지급정산 기반 해당채널 보강 판단,타채널 지급정산 기반 해당채널 보강 판단(30),,네이버_연재 | 네이버_장르 | 미스터블루(소설) | 밀리의 서재 | 북큐브(소설) | 웹소설 하이북 | 윌라(전자책) | 판무림 | 한아름(P000003716),골 때리는 엄마들 | 골 때리는 엄마들 | 골 때리는 엄마들 1 | 골 때리는 엄마들 2 | 골 때리는 엄마들 3 | 골 때리는 엄마들 4 | 골 때리는 엄마들 5 | 골 때리는 엄마들 6,303876::[CP웹툰] 골 때리는 엄마들::IP프로듀싱팀::노종아 || 303876::[CP웹툰] 골 때리는 엄마들::IP프로듀싱팀::노종아 || 303876::[CP웹툰] 골 때리는 엄마들::IP프로듀싱팀::노종아
마왕군전입을명받았습니다,5,24,타채널 지급정산 기반 해당채널 보강 판단,타채널 지급정산 기반 해당채널 보강 판단(24),,네이버_연재 | 노벨피아 (소설) | 리디북스(소설) | 모픽(mofic) | 문피아,[e북]마왕군 전입을 명 받았습니다 2권 | [e북]마왕군 전입을 명 받았습니다 3권 | [e북]마왕군 전입을 명 받았습니다 4권 | [e북]마왕군 전입을 명 받았습니다 5권 | [e북]마왕군 전입을 명 받았습니다 6권 | [e북]마왕군 전입을 명 받았습니다 7권 | 마왕군 전입을 명 받았습니다 | 마왕군 전입을 명 받았습니다,303800::[CP오디오] 마왕군 전입을 명 받았습니다(소설)::IP프로듀싱팀::노종아 || 303800::[CP오디오] 마왕군 전입을 명 받았습니다(소설)::IP프로듀싱팀::노종아 || 303800::[CP오디오] 마왕군 전입을 명 받았습니다(소설)::IP프로듀싱팀::노종아
망한세상에서나혼자각성,8,23,"콘텐츠마스터 없음, 원천 작품 확인","콘텐츠마스터 없음, 원천 작품 확인(23)",,구글(소설) | 네이버_연재 | 네이버_장르 | 리디북스(소설) | 모픽(mofic) | 밀리의 서재 | 에피루스 이북클럽(B2C) | 카카오페이지(소설),망한 세상에서 나 혼자 각성 1권 | 망한 세상에서 나 혼자 각성 2권 | 망한 세상에서 나 혼자 각성 3권 | 망한 세상에서 나 혼자 각성 4권 | 망한 세상에서 나 혼자 각성 5권 | 망한 세상에서 나 혼자 각성 6권 | 망한 세상에서 나 혼자 각성 | 망한 세상에서 나 혼자 각성 1화 | 망한 세상에서 나 혼자 각성 2화 | 망한 세상에서 나 혼자 각성 3화 | 망한 세상에서 나 혼자 각성 4화,
아빠의게임,4,23,타채널 지급정산 기반 해당채널 보강 판단,타채널 지급정산 기반 해당채널 보강 판단(23),,네이버_연재 | 모픽(mofic) | 윌라(전자책) | 조아라(소설),아빠의 게임 1 | 아빠의 게임 10 | 아빠의 게임 11 | 아빠의 게임 12 | 아빠의 게임 13 | 아빠의 게임 14 | 아빠의 게임 | 아빠의 게임,303820::[CP오디오] 아빠의 게임(소설)::IP프로듀싱팀::노종아 || 303820::[CP오디오] 아빠의 게임(소설)::IP프로듀싱팀::노종아 || 303820::[CP오디오] 아빠의 게임(소설)::IP프로듀싱팀::노종아
고인물무림에가다,5,22,"콘텐츠마스터 없음, 원천 작품 확인","콘텐츠마스터 없음, 원천 작품 확인(22)",,구글(소설) | 네이버_연재 | 리디북스(소설) | 원스토어(소설) | 조아라(소설),"고인물, 무림에 가다 | 고인물, 무림에 가다 1권 | [10%할인] 고인물, 무림에 가다 1권 | 고인물, 무림에 가다 [독점]",
금검지,3,18,같은채널 판매채널콘텐츠 있음(A급 정산정보없음),같은채널 판매채널콘텐츠 있음(A급 정산정보없음)(18),,교보문고(소설) | 미스터블루(소설) | 한아름(P000003716),금검지 12 | 금검지 1 | 금검지 2 | 금검지 3 | 금검지 4 | 금검지 5 | 금검지 | 금검지 [단행본],A_정산서등장_정산정보없음::163133::160065::금검지 || A_정산서등장_정산정보없음::614333::160065::금검지 || A_정산서등장_정산정보없음::163135::160065::금검지
각성자위탁관리인,1,17,타채널 지급정산 기반 해당채널 보강 판단,타채널 지급정산 기반 해당채널 보강 판단(17),,알라딘(소설)(1068659313),각성자 위탁관리인 01 | 각성자 위탁관리인 03 | 각성자 위탁관리인 02 | 각성자 위탁관리인 08 | 각성자 위탁관리인 05 | 각성자 위탁관리인 04,밀리의 서재::107779 || 네이버_장르::107779 || 윌라(전자책)::107779 || 구글(소설)::107779 || 리디북스(소설)::107779
하렘으로세계정복,2,16,타채널 지급정산 기반 해당채널 보강 판단,타채널 지급정산 기반 해당채널 보강 판단(16),,구글(소설) | 미스터블루(소설),하렘으로 세계정복 1권 | 하렘으로 세계정복,밀리의 서재::107848 || 블라이스 셀렉트::107848 || 윌라(전자책)::107848 || 스낵북(알에스)::107848 || 한아름(P000003716)::107848 || 밀리의 서재::107848 || 블라이스 셀렉트::107848 || 윌라(전자책)::107848 || 스낵북(알에스)::107848 || 한아름(P000003716)::107848
아이돌매니저가변태사진사임,3,15,타채널 지급정산 기반 해당채널 보강 판단,타채널 지급정산 기반 해당채널 보강 판단(15),,교보문고(소설) | 윌라(전자책) | 조아라(소설),아이돌 매니저가 변태 사진사임 2권 | 아이돌 매니저가 변태 사진사임 3권 | 아이돌 매니저가 변태 사진사임 4권 | 아이돌 매니저가 변태 사진사임 5권 | 아이돌 매니저가 변태 사진사임 6권 | 아이돌 매니저가 변태 사진사임 7권 | 아이돌 매니저가 변태 사진사임 2 | 아이돌 매니저가 변태 사진사임 3 | 아이돌 매니저가 변태 사진사임 4 | 아이돌 매니저가 변태 사진사임 5 | 아이돌 매니저가 변태 사진사임 6 | 아이돌 매니저가 변태 사진사임 8 | 아이돌 매니저가 변태 사진사임 (단행본),밀리의 서재::247090 || 한아름(P000003716)::247090 || 구글(소설)::247090 || 미스터블루(소설)::247090 || 네이버_장르::247090 || 밀리의 서재::247090 || 한아름(P000003716)::247090 || 구글(소설)::247090 || 미스터블루(소설)::247090 || 네이버_장르::247090 || 밀리의 서재::247090 || 한아름(P000003716)::247090 || 구글(소설)::247090 || 미스터블루(소설)::247090 || 네이버_장르::247090
무능귀족여체하렘,1,13,타채널 지급정산 기반 해당채널 보강 판단,타채널 지급정산 기반 해당채널 보강 판단(13),,구글(소설),무능 귀족 여체 하렘 1권,Yes24(서점)::107804 || 알라딘(소설)(1068659313)::107804 || 윌라(전자책)::107804 || 블라이스_일반결제::107804 || 웹소설 하이북::107804
두목무적,1,12,타채널 지급정산 기반 해당채널 보강 판단,타채널 지급정산 기반 해당채널 보강 판단(12),,교보문고(소설),두목무적 2권 | 두목무적 3권 | 두목무적 4권 | 두목무적 5권 | 두목무적 6권 | 두목무적 7권,구글(소설)::320887 || 알라딘(소설)(1068659313)::320887 || 조아라(소설)::320887 || Yes24(서점)::320887 || 판무림::320887
아내와나의네토라세,2,12,타채널 지급정산 기반 해당채널 보강 판단,타채널 지급정산 기반 해당채널 보강 판단(12),,Yes24(서점) | 윌라(전자책),아내와 나의 네토라세 01권 | 아내와 나의 네토라세 02권 | 아내와 나의 네토라세 03권 | 아내와 나의 네토라세 04권 | 아내와 나의 네토라세 05권 (완결) | 아내와 나의 네토라세 1 | 아내와 나의 네토라세 2 | 아내와 나의 네토라세 3 | 아내와 나의 네토라세 4 | 아내와 나의 네토라세 5,스낵북(알에스)::107818 || 구글(소설)::107818 || 알라딘(소설)(1068659313)::107818 || 블라이스 셀렉트::107818 || 교보문고(소설)::107818 || 스낵북(알에스)::107818 || 구글(소설)::107818 || 알라딘(소설)(1068659313)::107818 || 블라이스 셀렉트::107818 || 교보문고(소설)::107818
용사노릇이지겨워서마왕군에들어갔더니하루하루가행복해서인생절반손해봤다,1,12,타채널 지급정산 기반 해당채널 보강 판단,타채널 지급정산 기반 해당채널 보강 판단(12),,밀리의 서재,용사 노릇이 지겨워서 마왕군에 들어갔더니 하루하루가 행복해서 인생 절반 손해봤다,Yes24(서점)::110078 || 알라딘(소설)(1068659313)::110078 || 스낵북(알에스)::110078 || 네이버_연재::110078 || 판무림::110078
유산받아레벨업,3,12,타채널 지급정산 기반 해당채널 보강 판단,타채널 지급정산 기반 해당채널 보강 판단(12),,구글(소설) | 리디북스(소설) | 카카오페이지(선투자),유산 받아 레벨 업! 2화 | 유산 받아 레벨 업! 3화 | 유산 받아 레벨 업! 4화 | 유산 받아 레벨 업! 5화 | 유산 받아 레벨 업! 6화 | [e북]유산 받아 레벨 업! 1권 | 유산 받아 레벨 업! 1권 | 유산 받아 레벨 업! 2권 | 유산 받아 레벨 업! 3권 | 유산 받아 레벨 업!,모픽(mofic)::110097 || 토스(소설)::110097 || 웹소설 하이북::110097 || 미소설::110097 || 무툰(소설 서비스)::110097 || 모픽(mofic)::110097 || 토스(소설)::110097 || 웹소설 하이북::110097 || 미소설::110097 || 무툰(소설 서비스)::110097 || 모픽(mofic)::110097 || 토스(소설)::110097 || 웹소설 하이북::110097 || 미소설::110097 || 무툰(소설 서비스)::110097
신체가강화됨,2,11,타채널 지급정산 기반 해당채널 보강 판단,타채널 지급정산 기반 해당채널 보강 판단(11),,조아라(소설) | 판무림,신체가 강화됨 | 신체가 강화됨 (단행본),Yes24(서점)::107764 || 네이버_연재::107764 || 윌라(전자책)::107764 || 윌라(오디오북)::107764 || 밀리의 서재::107764 || Yes24(서점)::107764 || 네이버_연재::107764 || 윌라(전자책)::107764 || 윌라(오디오북)::107764 || 밀리의 서재::107764
검,5,10,같은채널 판매채널콘텐츠 있음(A급 정산정보없음),"같은채널 판매채널콘텐츠 있음(A급 정산정보없음)(9) | 콘텐츠마스터 있음, 판매채널/지급정산 신규 판단(1)",,구글(소설) | 리디북스(소설) | 무툰(소설 서비스) | 미스터블루(소설) | 한아름(P000003716),검(劍) | 검(劍) 1권 | 검(劍),A_정산서등장_정산정보없음::190912::111330::검(劍) || A_정산서등장_정산정보없음::111891::111330::검(劍) || A_정산서등장_정산정보없음::190905::111330::검(劍)
무유지,4,10,같은채널 판매채널콘텐츠 있음(B급 잠재오염),같은채널 판매채널콘텐츠 있음(B급 잠재오염)(9) | 같은채널 판매채널콘텐츠 있음(A급 정산정보없음)(1),,교보문고(소설) | 미스터블루(소설) | 원스토어(소설) | 한아름(P000003716),무유지 | 무유지 8 | 무유지 [단행본],B_잠재오염_정산정보없음::488009::160166::무유지 || A_정산서등장_정산정보없음::163350::160166::무유지 || B_잠재오염_정산정보없음::163351::160166::무유지
시간의마에스트로,1,10,"콘텐츠마스터 없음, 원천 작품 확인","콘텐츠마스터 없음, 원천 작품 확인(10)",,원스토어(소설),시간의 마에스트로,
리턴오브로드,3,9,타채널 지급정산 기반 해당채널 보강 판단,타채널 지급정산 기반 해당채널 보강 판단(9),,구글(소설) | 모픽(mofic) | 윌라(전자책),리턴 오브 로드 1 | 리턴 오브 로드 2 | 리턴 오브 로드 3 | 리턴 오브 로드 4 | 리턴 오브 로드 5 | 리턴 오브 로드 6 | 리턴 오브 로드 1권 | 리턴 오브 로드,카카오페이지(창작지원금)::110746 || 카카오페이지(소설)::110746 || 카카오페이지(창작지원금)::110746 || 카카오페이지(소설)::110746 || 카카오페이지(창작지원금)::110746 || 카카오페이지(소설)::110746
사이코패스살인마는살고싶다,2,9,"콘텐츠마스터 없음, 원천 작품 확인","콘텐츠마스터 없음, 원천 작품 확인(9)",,모픽(mofic) | 밀리의 서재,사이코패스 살인마는 살고 싶다 | 사이코패스 살인마는 살고 싶다,
소설황당무계,1,9,같은채널 판매채널콘텐츠 있음(B급 잠재오염),같은채널 판매채널콘텐츠 있음(B급 잠재오염)(9),,교보문고(소설),소설 황당무계 1 | 소설 황당무계 2 | 소설 황당무계 3 | 소설 황당무계 4 | 소설 황당무계 5 | 소설 황당무계 6,B_잠재오염_정산정보없음::163305::160151::소설황당무계
용사무적,3,9,같은채널 판매채널콘텐츠 있음(C급 사용안함/차단 확인),같은채널 판매채널콘텐츠 있음(C급 사용안함/차단 확인)(9),,구글(소설) | 부커스 | 알라딘(소설)(1068659313),용사무적 1 | 용사무적 2 | 용사무적 1권 | 용사무적 5권,C_사용안함_사용금지_선차단::889209::114786::(사용안함)_용사무적 || C_사용안함_사용금지_선차단::115453::114786::(사용안함)_용사무적 || C_사용안함_사용금지_선차단::212843::114786::(사용안함)_용사무적
ts에로게임탈출기,1,8,타채널 지급정산 기반 해당채널 보강 판단,타채널 지급정산 기반 해당채널 보강 판단(8),,구글(소설),TS 에로 게임 탈출기 1권,밀리의 서재::107778 || 스낵북(알에스)::107778 || 블라이스_일반결제::107778 || 북큐브(소설)::107778 || 미소설::107778
검웅영제,4,8,같은채널 판매채널콘텐츠 있음(A급 정산정보없음),같은채널 판매채널콘텐츠 있음(A급 정산정보없음)(7) | 같은채널 판매채널콘텐츠 있음(B급 잠재오염)(1),,무툰(소설 서비스) | 미소설 | 웹소설 하이북 | 판무림,검웅영제(무삭제 개정판) | 검웅영제(무삭제 개정판) | 검웅영제(무삭제 개정판) [단행본] | 검웅영제(무삭제 개정판),A_정산서등장_정산정보없음::191014::111345::검웅영제(무삭제 개정판) || A_정산서등장_정산정보없음::191013::111345::검웅영제(무삭제 개정판) || A_정산서등장_정산정보없음::111907::111345::검웅영제(무삭제 개정판)
연봉조신입사원,1,8,"콘텐츠마스터 없음, 원천 작품 확인","콘텐츠마스터 없음, 원천 작품 확인(8)",,카카오페이지(선투자),연봉 1조 신입사원,
독검,2,7,같은채널 판매채널콘텐츠 있음(B급 잠재오염),같은채널 판매채널콘텐츠 있음(B급 잠재오염)(7),,미스터블루(소설) | 원스토어(소설),독검 | 독검 [단행본],B_잠재오염_정산정보없음::488170::160066::독검 || B_잠재오염_정산정보없음::488042::160066::독검
소림대협,1,7,같은채널 판매채널콘텐츠 있음(B급 잠재오염),같은채널 판매채널콘텐츠 있음(B급 잠재오염)(7),,교보문고(소설),소림대협 1 | 소림대협 2 | 소림대협 3 | 소림대협 4 | 소림대협 5 | 소림대협 6,B_잠재오염_정산정보없음::488196::160162::소림대협
아버지가남긴usb,2,7,타채널 지급정산 기반 해당채널 보강 판단,타채널 지급정산 기반 해당채널 보강 판단(7),,Yes24(서점) | 판무림,아버지가 남긴 USB | 아버지가 남긴 USB 01권,261481::[CP웹툰] 아버지가 남긴 USB::IP프로듀싱팀::노종아 || 150480::아버지가 남긴 USB::레진콘텐츠팀::조성경 || 261481::[CP웹툰] 아버지가 남긴 USB::IP프로듀싱팀::노종아 || 150480::아버지가 남긴 USB::레진콘텐츠팀::조성경
아포칼립스인데나혼자농사,4,7,타채널 지급정산 기반 해당채널 보강 판단,타채널 지급정산 기반 해당채널 보강 판단(7),,네이버_연재 | 원스토어(소설) | 조아라(소설) | 카카오페이지(소설),아포칼립스인데 나 혼자 농사 | 아포칼립스인데 나 혼자 농사 | 아포칼립스인데 나 혼자 농사 [독점],247320::0_아포칼립스인데나혼자농사_이루이_일반::소설편집팀::조원재 || 247320::0_아포칼립스인데나혼자농사_이루이_일반::소설편집팀::조원재 || 247320::0_아포칼립스인데나혼자농사_이루이_일반::소설편집팀::조원재
혈무연,6,7,같은채널 판매채널콘텐츠 있음(A급 정산정보없음),같은채널 판매채널콘텐츠 있음(A급 정산정보없음)(6) | 같은채널 판매채널콘텐츠 있음(B급 잠재오염)(1),,구글(소설) | 네이버_장르 | 무툰(소설 서비스) | 미스터블루(소설) | 웹소설 하이북 | 한아름(P000003716),[10%할인] 혈무연 1 | [10%할인] 혈무연 3 (완결) | 혈무연 | 혈무연 [단행본],A_정산서등장_정산정보없음::117033::116315::혈무연 || A_정산서등장_정산정보없음::222509::116315::혈무연 || A_정산서등장_정산정보없음::222510::116315::혈무연
역전세계의금태양,1,6,타채널 지급정산 기반 해당채널 보강 판단,타채널 지급정산 기반 해당채널 보강 판단(6),,윌라(전자책),역전세계의 금태양 1 | 역전세계의 금태양 2 | 역전세계의 금태양 3 | 역전세계의 금태양 4 | 역전세계의 금태양 5 | 역전세계의 금태양 6,알라딘(소설)(1068659313)::107826 || Yes24(서점)::107826 || 구글(소설)::107826 || 미스터블루(소설)::107826 || 블라이스_일반결제::107826
천의역근참수기,3,6,같은채널 판매채널콘텐츠 있음(B급 잠재오염),같은채널 판매채널콘텐츠 있음(B급 잠재오염)(6),,무툰(소설 서비스) | 미스터블루(소설) | 판무림,천의역근참수기 | 천의역근참수기 | 천의역근참수기 [단행본],B_잠재오염_정산정보없음::218538::115644::천의역근참수기 || B_잠재오염_정산정보없음::116337::115644::천의역근참수기 || B_잠재오염_정산정보없음::218534::115644::천의역근참수기
함부로동정하지말것,1,6,같은채널 판매채널콘텐츠 있음(A급 정산정보없음),같은채널 판매채널콘텐츠 있음(A급 정산정보없음)(6),,카카오페이지(소설),함부로 동정하지 말 것 [19세 완전판] | 함부로 동정하지 말 것,A_정산서등장_정산정보없음::842697::322344::[CP웹툰] 함부로 동정하지 말 것 || A_정산서등장_정산정보없음::842700::322347::함부로 동정하지 말 것 (19세 완전판)(연재)
소뢰아,1,5,같은채널 판매채널콘텐츠 있음(B급 잠재오염),같은채널 판매채널콘텐츠 있음(B급 잠재오염)(5),,판무림,소뢰아,B_잠재오염_정산정보없음::568079::109526::[연재] 소뢰아
스피크오브더데블,1,5,"콘텐츠마스터 있음, 판매채널/지급정산 신규 판단","콘텐츠마스터 있음, 판매채널/지급정산 신규 판단(5)",,리디북스(소설),[e북]스피크 오브 더 데블(Speak Of The Devil) 5권 (완결) | [e북]스피크 오브 더 데블(Speak Of The Devil) 4권 | [e북]스피크 오브 더 데블(Speak Of The Devil) 1권 | [e북]스피크 오브 더 데블(Speak Of The Devil) 2권 | [e북]스피크 오브 더 데블(Speak Of The Devil) 3권,159989::스피크 오브 더 데블::패밀리케어팀::원대연
용쟁혈투,1,5,같은채널 판매채널콘텐츠 있음(B급 잠재오염),같은채널 판매채널콘텐츠 있음(B급 잠재오염)(5),,교보문고(소설),용쟁혈투 1 | 용쟁혈투 2 | 용쟁혈투 3 | 용쟁혈투 4 | 용쟁혈투 5,B_잠재오염_정산정보없음::163147::160068::용쟁혈투
중원지,2,5,같은채널 판매채널콘텐츠 있음(B급 잠재오염),같은채널 판매채널콘텐츠 있음(B급 잠재오염)(4) | 같은채널 판매채널콘텐츠 있음(A급 정산정보없음)(1),,교보문고(소설) | 미스터블루(소설),중원지 1 | 중원지 2 | 중원지 3 | 중원지 4 | 중원지 [단행본],B_잠재오염_정산정보없음::163369::160173::중원지 || A_정산서등장_정산정보없음::163370::160173::중원지
각인예속의사냥꾼,3,4,타채널 지급정산 기반 해당채널 보강 판단,타채널 지급정산 기반 해당채널 보강 판단(4),,Yes24(서점) | 구글(소설) | 블라이스_일반결제,각인 예속의 사냥꾼 12권 | 각인 예속의 사냥꾼 11권 | 각인 예속의 사냥꾼 1권 | 각인 예속의 사냥꾼,밀리의 서재::107780 || 알라딘(소설)(1068659313)::107780 || 리디북스(소설)::107780 || 스낵북(알에스)::107780 || 윌라(전자책)::107780 || 밀리의 서재::107780 || 알라딘(소설)(1068659313)::107780 || 리디북스(소설)::107780 || 스낵북(알에스)::107780 || 윌라(전자책)::107780 || 밀리의 서재::107780 || 알라딘(소설)(1068659313)::107780 || 리디북스(소설)::107780 || 스낵북(알에스)::107780 || 윌라(전자책)::107780
곤륜신기전,1,4,같은채널 판매채널콘텐츠 있음(A급 정산정보없음),같은채널 판매채널콘텐츠 있음(A급 정산정보없음)(4),,카카오페이지(선투자),곤륜신기전,A_정산서등장_정산정보없음::111210::110683::[카카오]곤륜신기전
귀축기담,1,4,타채널 지급정산 기반 해당채널 보강 판단,타채널 지급정산 기반 해당채널 보강 판단(4),,Yes24(서점),귀축기담 01권 | 귀축기담 02권 | 귀축기담 03권 | 귀축기담 04권 (완결),밀리의 서재::107785 || 알라딘(소설)(1068659313)::107785 || 네이버_연재::107785 || 윌라(전자책)::107785 || 판무림::107785
내가키운용사가나한테집착한다,1,4,타채널 지급정산 기반 해당채널 보강 판단,타채널 지급정산 기반 해당채널 보강 판단(4),,윌라(전자책),내가 키운 용사가 나한테 집착한다 1 | 내가 키운 용사가 나한테 집착한다 2 | 내가 키운 용사가 나한테 집착한다 3 | 내가 키운 용사가 나한테 집착한다 8,네이버_장르::107791 || 북팔(소설)::107791 || 네이버_연재::107791 || 구글(소설)::107791 || 리디북스(소설)::107791
범죄자의일상생활,2,4,타채널 지급정산 기반 해당채널 보강 판단,타채널 지급정산 기반 해당채널 보강 판단(4),,웹소설 하이북 | 윌라(전자책),범죄자의 일상생활 1 | 범죄자의 일상생활 2 | 범죄자의 일상생활 5 | 범죄자의 일상생활,알라딘(소설)(1068659313)::109330 || 에피루스 이북클럽(B2C)::109330 || 교보문고(톡소다)::109330 || 리디북스(이벤트)::109330 || 스낵북(알에스)::109330 || 알라딘(소설)(1068659313)::109330 || 에피루스 이북클럽(B2C)::109330 || 교보문고(톡소다)::109330 || 리디북스(이벤트)::109330 || 스낵북(알에스)::109330
십교종사,4,4,같은채널 판매채널콘텐츠 있음(A급 정산정보없음),같은채널 판매채널콘텐츠 있음(A급 정산정보없음)(2) | 같은채널 판매채널콘텐츠 있음(B급 잠재오염)(2),,네이버_장르 | 미스터블루(소설) | 웹소설 하이북 | 한아름(P000003716),십교종사 [단행본] | 십교종사 [단행본] | 십교종사,A_정산서등장_정산정보없음::209289::114193::십교종사 || A_정산서등장_정산정보없음::209291::114193::십교종사 || B_잠재오염_정산정보없음::209295::114193::십교종사
월드스타가될운명입니다,1,4,"콘텐츠마스터 없음, 원천 작품 확인","콘텐츠마스터 없음, 원천 작품 확인(4)",콘텐츠마스터 부분포함 후보(사용안함/묶음)(1),카카오페이지(선투자),월드스타가 될 운명입니다,0.7387::320883::[사용안함]_월드스타가 될 운명입니다_마늘소금::소설편집팀::조원재 || 0.7387::320886::[사용안함]_월드스타가 될 운명입니다_마늘소금::소설편집팀::조원재
음공천하,4,4,타채널 지급정산 기반 해당채널 보강 판단,타채널 지급정산 기반 해당채널 보강 판단(4),,교보문고(소설) | 구글(소설) | 무툰(소설 서비스) | 미스터블루(소설),음공천하 | 음공천하 1권 | 음공천하,312022::[카카오]음공천하 단행본::소설유통팀::김성경 || 110854::0_음공천하_서호_일반::소설편집팀::조원재 || 312022::[카카오]음공천하 단행본::소설유통팀::김성경 || 110854::0_음공천하_서호_일반::소설편집팀::조원재 || 312022::[카카오]음공천하 단행본::소설유통팀::김성경 || 110854::0_음공천하_서호_일반::소설편집팀::조원재
인더프라이빗룸,4,4,타채널 지급정산 기반 해당채널 보강 판단,타채널 지급정산 기반 해당채널 보강 판단(4),,네이버_연재 | 네이버_장르 | 에피루스 이북클럽(B2C) | 큐툰(소설 서비스),인 더 프라이빗 룸 [BL] | 인 더 프라이빗 룸 [BL][단행본] | 인 더 프라이빗 룸(In The Private Room) 6(완결),325566::[봄툰e북]인 더 프라이빗 룸 (In The Private Room)::봄툰소설편집팀::배지은 || 115085::인 더 프라이빗 룸(In The Private Room) 외전2::봄툰소설편집팀::배지은 || 115084::인 더 프라이빗 룸(In The Private Room) 외전1::봄툰소설편집팀::배지은 || 115082::인 더 프라이빗 룸(In The Private Room) 세트 (외전 포함)::봄툰소설편집팀::배지은 || 108310::[봄툰] 인 더 프라이빗 룸(In the private room)::봄툰소설편집팀::배지은 || 325566::[봄툰e북]인 더 프라이빗 룸 (In The Private Room)::봄툰소설편집팀::배지은 || 115085::인 더 프라이빗 룸(In The Private Room) 외전2::봄툰소설편집팀::배지은 || 115084::인 더 프라이빗 룸(In The Private Room) 외전1::봄툰소설편집팀::배지은 || 115082::인 더 프라이빗 룸(In The Private Room) 세트 (외전 포함)::봄툰소설편집팀::배지은 || 108310::[봄툰] 인 더 프라이빗 룸(In the private room)::봄툰소설편집팀::배지은 || 325566::[봄툰e북]인 더 프라이빗 룸 (In The Private Room)::봄툰소설편집팀::배지은 || 115085::인 더 프라이빗 룸(In The Private Room) 외전2::봄툰소설편집팀::배지은 || 115084::인 더 프라이빗 룸(In The Private Room) 외전1::봄툰소설편집팀::배지은 || 115082::인 더 프라이빗 룸(In The Private Room) 세트 (외전 포함)::봄툰소설편집팀::배지은 || 108310::[봄툰] 인
태양천자,3,4,같은채널 판매채널콘텐츠 있음(A급 정산정보없음),같은채널 판매채널콘텐츠 있음(A급 정산정보없음)(3) | 같은채널 판매채널콘텐츠 있음(B급 잠재오염)(1),,미스터블루(소설) | 웹소설 하이북 | 한아름(P000003716),태양천자 | 태양천자 [단행본] | 태양천자,A_정산서등장_정산정보없음::220166::115944::태양천자 || A_정산서등장_정산정보없음::220161::115944::태양천자 || B_잠재오염_정산정보없음::220164::115944::태양천자
팔왕예조,2,4,같은채널 판매채널콘텐츠 있음(B급 잠재오염),같은채널 판매채널콘텐츠 있음(B급 잠재오염)(3) | 같은채널 판매채널콘텐츠 있음(A급 정산정보없음)(1),,웹소설 하이북 | 판무림,팔왕예조 | 팔왕예조,B_잠재오염_정산정보없음::220510::116022::팔왕예조 || A_정산서등장_정산정보없음::220509::116022::팔왕예조
rpg시티,1,3,같은채널 판매채널콘텐츠 있음(A급 정산정보없음),같은채널 판매채널콘텐츠 있음(A급 정산정보없음)(3),,카카오페이지(선투자),RPG시티[완결],A_정산서등장_정산정보없음::589754::295582::RPG시티[완결]
구룡겁,3,3,같은채널 판매채널콘텐츠 있음(A급 정산정보없음),같은채널 판매채널콘텐츠 있음(A급 정산정보없음)(2) | 같은채널 판매채널콘텐츠 있음(B급 잠재오염)(1),,무툰(소설 서비스) | 웹소설 하이북 | 판무림,구룡겁 | 구룡겁 | 구룡겁,A_정산서등장_정산정보없음::192469::111572::구룡겁 || A_정산서등장_정산정보없음::192473::111572::구룡겁 || B_잠재오염_정산정보없음::192474::111572::구룡겁
마법배운재벌집늦둥이,3,3,타채널 지급정산 기반 해당채널 보강 판단,타채널 지급정산 기반 해당채널 보강 판단(3),,구글(소설) | 네이버_장르 | 알라딘(소설)(1068659313),마법 배운 재벌집 늦둥이 1권 | 마법 배운 재벌집 늦둥이 [단행본] | 마법 배운 재벌집 늦둥이 01,카카오페이지(선투자)::112857 || 노벨피아 (소설)::112857 || 모픽(mofic)::112857 || 에이블리(소설)::112857 || 미스터블루(소설)::112857 || 카카오페이지(선투자)::112857 || 노벨피아 (소설)::112857 || 모픽(mofic)::112857 || 에이블리(소설)::112857 || 미스터블루(소설)::112857 || 카카오페이지(선투자)::112857 || 노벨피아 (소설)::112857 || 모픽(mofic)::112857 || 에이블리(소설)::112857 || 미스터블루(소설)::112857
메소드로맨스웹툰출간기념수인메소드비스트로맨스,2,3,"콘텐츠마스터 없음, 원천 작품 확인","콘텐츠마스터 없음, 원천 작품 확인(3)",,리디북스(소설) | 알라딘(소설)(1068659313),[BL] 메소드 로맨스 (개정판) 웹툰 출간 기념 수인 외전: 메소드 비스트 로맨스 | [e북]개정판 | 메소드 로맨스 웹툰 출간 기념 수인 외전 : 메소드 비스트 로맨스,
백치공주시리즈,1,3,같은채널 판매채널콘텐츠 있음(A급 정산정보없음),같은채널 판매채널콘텐츠 있음(A급 정산정보없음)(3),,카카오페이지(소설),백치 공주 시리즈,A_정산서등장_정산정보없음::186235::110596::[카카오] 백치 공주 시리즈
색마님안마하신다,1,3,타채널 지급정산 기반 해당채널 보강 판단,타채널 지급정산 기반 해당채널 보강 판단(3),,교보문고(소설),색마님 안마하신다 | 색마님 안마하신다.2 | 색마님 안마하신다.3,구글(소설)::107809 || 밀리의 서재::107809 || 판무림::107809 || 스낵북(알에스)::107809 || 윌라(전자책)::107809
어서와마왕은처음이지,3,3,타채널 지급정산 기반 해당채널 보강 판단,타채널 지급정산 기반 해당채널 보강 판단(3),,Yes24(서점) | 네이버_연재 | 노벨피아 (소설),"어서 와, 마왕은 처음이지? 01권 | 어서 와, 마왕은 처음이지? [독점] | 어서 와, 마왕은 처음이지?",네이버_장르::247290 || 토스(소설)::247290 || 모픽(mofic)::247290 || 판무림::247290 || 카카오페이지(소설)::247290 || 네이버_장르::247290 || 토스(소설)::247290 || 모픽(mofic)::247290 || 판무림::247290 || 카카오페이지(소설)::247290 || 네이버_장르::247290 || 토스(소설)::247290 || 모픽(mofic)::247290 || 판무림::247290 || 카카오페이지(소설)::247290
전생에천마였던드래곤,3,3,타채널 지급정산 기반 해당채널 보강 판단,타채널 지급정산 기반 해당채널 보강 판단(3),,네이버_장르 | 리디북스(소설) | 모픽(mofic),전생에 천마였던 드래곤 [단행본] | [e북]전생에 천마였던 드래곤 1권 | 전생에 천마였던 드래곤,노벨피아 (소설)::295600 || 블라이스_일반결제::295600 || 에피루스 이북클럽(B2C)::295600 || 미스터블루(소설)::295600 || 네이버_장르(광고수익)::295600 || 노벨피아 (소설)::295600 || 블라이스_일반결제::295600 || 에피루스 이북클럽(B2C)::295600 || 미스터블루(소설)::295600 || 네이버_장르(광고수익)::295600 || 노벨피아 (소설)::295600 || 블라이스_일반결제::295600 || 에피루스 이북클럽(B2C)::295600 || 미스터블루(소설)::295600 || 네이버_장르(광고수익)::295600
칠기무제,3,3,같은채널 판매채널콘텐츠 있음(A급 정산정보없음),같은채널 판매채널콘텐츠 있음(A급 정산정보없음)(2) | 같은채널 판매채널콘텐츠 있음(B급 잠재오염)(1),,무툰(소설 서비스) | 미소설 | 웹소설 하이북,칠기무제(무삭제 개정판) | 칠기무제(무삭제 개정판) | 칠기무제 (무삭제 개정판),A_정산서등장_정산정보없음::116524::115816::칠기무제(무삭제 개정판) || A_정산서등장_정산정보없음::219470::115816::칠기무제(무삭제 개정판) || B_잠재오염_정산정보없음::219466::115816::칠기무제(무삭제 개정판)
칠색무,3,3,같은채널 판매채널콘텐츠 있음(B급 잠재오염),같은채널 판매채널콘텐츠 있음(B급 잠재오염)(2) | 같은채널 판매채널콘텐츠 있음(A급 정산정보없음)(1),,무툰(소설 서비스) | 미스터블루(소설) | 판무림,칠색무 [단행본] | 칠색무 | 칠색무,A_정산서등장_정산정보없음::219482::115819::칠색무 || B_잠재오염_정산정보없음::631422::115819::칠색무 || B_잠재오염_정산정보없음::219486::115819::칠색무
패배용사약골용사의에로대모험,3,3,타채널 지급정산 기반 해당채널 보강 판단,타채널 지급정산 기반 해당채널 보강 판단(3),,교보문고(소설) | 미스터블루(소설) | 윌라(전자책),패배 용사 - 약골 용사의 에로 대모험! -.2 | 패배 용사 - 약골 용사의 에로 대모험! | 패배 용사  약골 용사의 에로 대모험! 2,밀리의 서재::107845 || 블라이스_일반결제::107845 || 구글(소설)::107845 || 알라딘(소설)(1068659313)::107845 || 한아름(P000003716)::107845 || 밀리의 서재::107845 || 블라이스_일반결제::107845 || 구글(소설)::107845 || 알라딘(소설)(1068659313)::107845 || 한아름(P000003716)::107845 || 밀리의 서재::107845 || 블라이스_일반결제::107845 || 구글(소설)::107845 || 알라딘(소설)(1068659313)::107845 || 한아름(P000003716)::107845
플라스틱먹고살면생활비원,2,3,타채널 지급정산 기반 해당채널 보강 판단,타채널 지급정산 기반 해당채널 보강 판단(3),,구글(소설) | 윌라(전자책),플라스틱 먹고 살면 생활비 0원 1 | 플라스틱 먹고 살면 생활비 0원 3 | 플라스틱 먹고 살면 생활비 0원 1권,밀리의 서재::107847 || 블라이스_일반결제::107847 || 미소설::107847 || 무툰(소설 서비스)::107847 || 밀리의 서재::107847 || 블라이스_일반결제::107847 || 미소설::107847 || 무툰(소설 서비스)::107847
